tracking_event_id,event_type,order_id,delivery_partner_id,timestamp,latitude,longitude,delivery_distance_km,distance_covered_km,estimated_delivery_time_min,delivery_status,city,zone
DE000001,delivery_tracking,O00001,D070,2026-08-07 18:34:52,29.013141,77.609925,8.15,0.0,20,picked_up,Meerut,Shastri Nagar
DE000002,delivery_tracking,O00001,D070,2026-08-07 18:41:32,29.028079,77.628319,8.15,2.72,13,out_for_delivery,Meerut,Shastri Nagar
DE000003,delivery_tracking,O00001,D070,2026-08-07 18:48:12,29.022097,77.634064,8.15,5.43,6,out_for_delivery,Meerut,Shastri Nagar
DE000004,delivery_tracking,O00001,D070,2026-08-07 18:54:52,29.034169,77.62894,8.15,8.15,0,delivered,Meerut,Shastri Nagar
DE000005,delivery_tracking,O00002,D100,2026-08-01 12:56:18,28.635232,77.103575,12.34,0.0,10,picked_up,Delhi NCR,Connaught Place
DE000006,delivery_tracking,O00002,D100,2026-08-01 12:58:48,28.636374,77.118227,12.34,3.08,7,out_for_delivery,Delhi NCR,Connaught Place
DE000007,delivery_tracking,O00002,D100,2026-08-01 13:01:18,28.649044,77.115958,12.34,6.17,5,out_for_delivery,Delhi NCR,Connaught Place
DE000008,delivery_tracking,O00002,D100,2026-08-01 13:03:48,28.649678,77.112655,12.34,9.25,2,out_for_delivery,Delhi NCR,Connaught Place
DE000009,delivery_tracking,O00002,D100,2026-08-01 13:06:18,28.646039,77.113015,12.34,12.34,0,delivered,Delhi NCR,Connaught Place
DE000010,delivery_tracking,O00003,D097,2026-08-09 17:41:54,28.97321,77.643586,2.72,0.0,20,picked_up,Meerut,Shastri Nagar
DE000011,delivery_tracking,O00003,D097,2026-08-09 17:45:14,28.973259,77.648046,2.72,0.45,16,out_for_delivery,Meerut,Shastri Nagar
DE000012,delivery_tracking,O00003,D097,2026-08-09 17:48:34,28.966636,77.66021,2.72,0.91,13,out_for_delivery,Meerut,Shastri Nagar
DE000013,delivery_tracking,O00003,D097,2026-08-09 17:51:54,28.975825,77.666709,2.72,1.36,10,out_for_delivery,Meerut,Shastri Nagar
DE000014,delivery_tracking,O00003,D097,2026-08-09 17:55:14,28.97003,77.66697,2.72,1.81,6,out_for_delivery,Meerut,Shastri Nagar
DE000015,delivery_tracking,O00003,D097,2026-08-09 17:58:34,28.983253,77.665413,2.72,2.27,3,out_for_delivery,Meerut,Shastri Nagar
DE000016,delivery_tracking,O00003,D097,2026-08-09 18:01:54,28.980855,77.674126,2.72,2.72,0,delivered,Meerut,Shastri Nagar
DE000017,delivery_tracking,O00004,D002,2026-08-04 14:05:07,28.989885,77.636397,9.96,0.0,17,picked_up,Meerut,Noida Sector 18
DE000018,delivery_tracking,O00004,D002,2026-08-04 14:08:31,28.995012,77.637797,9.96,1.99,13,out_for_delivery,Meerut,Noida Sector 18
DE000019,delivery_tracking,O00004,D002,2026-08-04 14:11:55,29.00314,77.639973,9.96,3.98,10,out_for_delivery,Meerut,Noida Sector 18
DE000020,delivery_tracking,O00004,D002,2026-08-04 14:15:19,28.998097,77.631803,9.96,5.98,6,out_for_delivery,Meerut,Noida Sector 18
DE000021,delivery_tracking,O00004,D002,2026-08-04 14:18:43,29.00095,77.631655,9.96,7.97,3,out_for_delivery,Meerut,Noida Sector 18
DE000022,delivery_tracking,O00004,D002,2026-08-04 14:22:07,29.014974,77.648566,9.96,9.96,0,delivered,Meerut,Noida Sector 18
DE000023,delivery_tracking,O00005,D071,2026-08-10 20:11:26,28.701889,77.15238,11.86,0.0,22,picked_up,Delhi NCR,Shastri Nagar
DE000024,delivery_tracking,O00005,D071,2026-08-10 20:15:06,28.702216,77.143023,11.86,1.98,18,out_for_delivery,Delhi NCR,Shastri Nagar
DE000025,delivery_tracking,O00005,D071,2026-08-10 20:18:46,28.708603,77.146405,11.86,3.95,14,out_for_delivery,Delhi NCR,Shastri Nagar
DE000026,delivery_tracking,O00005,D071,2026-08-10 20:22:26,28.717959,77.165031,11.86,5.93,11,out_for_delivery,Delhi NCR,Shastri Nagar
DE000027,delivery_tracking,O00005,D071,2026-08-10 20:26:06,28.721817,77.158203,11.86,7.91,7,out_for_delivery,Delhi NCR,Shastri Nagar
DE000028,delivery_tracking,O00005,D071,2026-08-10 20:29:46,28.721953,77.151711,11.86,9.88,3,out_for_delivery,Delhi NCR,Shastri Nagar
DE000029,delivery_tracking,O00005,D071,2026-08-10 20:33:26,28.724032,77.153695,11.86,11.86,0,delivered,Delhi NCR,Shastri Nagar
DE000030,delivery_tracking,O00006,D018,2026-08-14 20:34:04,28.99298,77.601847,11.75,0.0,24,picked_up,Meerut,Gurugram Cyber City
DE000031,delivery_tracking,O00006,D018,2026-08-14 20:38:04,29.000738,77.613308,11.75,1.96,20,out_for_delivery,Meerut,Gurugram Cyber City
DE000032,delivery_tracking,O00006,D018,2026-08-14 20:42:04,28.998086,77.612522,11.75,3.92,16,out_for_delivery,Meerut,Gurugram Cyber City
DE000033,delivery_tracking,O00006,D018,2026-08-14 20:46:04,29.013723,77.614882,11.75,5.88,12,out_for_delivery,Meerut,Gurugram Cyber City
DE000034,delivery_tracking,O00006,D018,2026-08-14 20:50:04,29.020938,77.603399,11.75,7.83,8,out_for_delivery,Meerut,Gurugram Cyber City
DE000035,delivery_tracking,O00006,D018,2026-08-14 20:54:04,29.007169,77.606736,11.75,9.79,4,out_for_delivery,Meerut,Gurugram Cyber City
DE000036,delivery_tracking,O00006,D018,2026-08-14 20:58:04,29.011581,77.616788,11.75,11.75,0,delivered,Meerut,Gurugram Cyber City
DE000037,delivery_tracking,O00007,D035,2026-08-13 16:28:23,28.953589,77.623545,12.41,0.0,15,picked_up,Meerut,Dwarka
DE000038,delivery_tracking,O00007,D035,2026-08-13 16:30:53,28.945224,77.62835,12.41,2.07,12,out_for_delivery,Meerut,Dwarka
DE000039,delivery_tracking,O00007,D035,2026-08-13 16:33:23,28.957532,77.6361,12.41,4.14,10,out_for_delivery,Meerut,Dwarka
DE000040,delivery_tracking,O00007,D035,2026-08-13 16:35:53,28.965722,77.641239,12.41,6.21,7,out_for_delivery,Meerut,Dwarka
DE000041,delivery_tracking,O00007,D035,2026-08-13 16:38:23,28.969694,77.63433,12.41,8.27,5,out_for_delivery,Meerut,Dwarka
DE000042,delivery_tracking,O00007,D035,2026-08-13 16:40:53,28.965598,77.635773,12.41,10.34,2,out_for_delivery,Meerut,Dwarka
DE000043,delivery_tracking,O00007,D035,2026-08-13 16:43:23,28.961763,77.654785,12.41,12.41,0,delivered,Meerut,Dwarka
DE000044,delivery_tracking,O00008,D061,2026-08-05 11:13:04,28.630938,77.066721,9.7,0.0,15,picked_up,Delhi NCR,Connaught Place
DE000045,delivery_tracking,O00008,D061,2026-08-05 11:16:49,28.640398,77.072678,9.7,2.42,11,out_for_delivery,Delhi NCR,Connaught Place
DE000046,delivery_tracking,O00008,D061,2026-08-05 11:20:34,28.63797,77.070564,9.7,4.85,7,out_for_delivery,Delhi NCR,Connaught Place
DE000047,delivery_tracking,O00008,D061,2026-08-05 11:24:19,28.645704,77.082447,9.7,7.27,3,out_for_delivery,Delhi NCR,Connaught Place
DE000048,delivery_tracking,O00008,D061,2026-08-05 11:28:04,28.648445,77.071956,9.7,9.7,0,delivered,Delhi NCR,Connaught Place
DE000049,delivery_tracking,O00009,D007,2026-08-02 16:35:53,28.729942,77.138742,6.74,0.0,15,picked_up,Delhi NCR,Gurugram Cyber City
DE000050,delivery_tracking,O00009,D007,2026-08-02 16:38:23,28.74669,77.143132,6.74,1.12,12,out_for_delivery,Delhi NCR,Gurugram Cyber City
DE000051,delivery_tracking,O00009,D007,2026-08-02 16:40:53,28.734869,77.134454,6.74,2.25,10,out_for_delivery,Delhi NCR,Gurugram Cyber City
DE000052,delivery_tracking,O00009,D007,2026-08-02 16:43:23,28.749962,77.146548,6.74,3.37,7,out_for_delivery,Delhi NCR,Gurugram Cyber City
DE000053,delivery_tracking,O00009,D007,2026-08-02 16:45:53,28.753022,77.142703,6.74,4.49,5,out_for_delivery,Delhi NCR,Gurugram Cyber City
DE000054,delivery_tracking,O00009,D007,2026-08-02 16:48:23,28.74286,77.138973,6.74,5.62,2,out_for_delivery,Delhi NCR,Gurugram Cyber City
DE000055,delivery_tracking,O00009,D007,2026-08-02 16:50:53,28.749394,77.148568,6.74,6.74,0,delivered,Delhi NCR,Gurugram Cyber City
DE000056,delivery_tracking,O00010,D017,2026-08-02 12:47:28,28.632631,77.112866,7.96,0.0,14,picked_up,Delhi NCR,Rohini
DE000057,delivery_tracking,O00010,D017,2026-08-02 12:49:48,28.630738,77.120724,7.96,1.33,11,out_for_delivery,Delhi NCR,Rohini
DE000058,delivery_tracking,O00010,D017,2026-08-02 12:52:08,28.626902,77.113792,7.96,2.65,9,out_for_delivery,Delhi NCR,Rohini
DE000059,delivery_tracking,O00010,D017,2026-08-02 12:54:28,28.638254,77.10926,7.96,3.98,7,out_for_delivery,Delhi NCR,Rohini
DE000060,delivery_tracking,O00010,D017,2026-08-02 12:56:48,28.632426,77.113738,7.96,5.31,4,out_for_delivery,Delhi NCR,Rohini
DE000061,delivery_tracking,O00010,D017,2026-08-02 12:59:08,28.632466,77.114214,7.96,6.63,2,out_for_delivery,Delhi NCR,Rohini
DE000062,delivery_tracking,O00010,D017,2026-08-02 13:01:28,28.637567,77.119365,7.96,7.96,0,delivered,Delhi NCR,Rohini
DE000063,delivery_tracking,O00011,D047,2026-08-05 13:58:40,29.025285,77.642408,10.71,0.0,15,picked_up,Meerut,Gurugram Cyber City
DE000064,delivery_tracking,O00011,D047,2026-08-05 14:01:10,29.03096,77.63044,10.71,1.79,12,out_for_delivery,Meerut,Gurugram Cyber City
DE000065,delivery_tracking,O00011,D047,2026-08-05 14:03:40,29.020389,77.649163,10.71,3.57,10,out_for_delivery,Meerut,Gurugram Cyber City
DE000066,delivery_tracking,O00011,D047,2026-08-05 14:06:10,29.020493,77.639001,10.71,5.36,7,out_for_delivery,Meerut,Gurugram Cyber City
DE000067,delivery_tracking,O00011,D047,2026-08-05 14:08:40,29.038267,77.654592,10.71,7.14,5,out_for_delivery,Meerut,Gurugram Cyber City
DE000068,delivery_tracking,O00011,D047,2026-08-05 14:11:10,29.027305,77.651617,10.71,8.93,2,out_for_delivery,Meerut,Gurugram Cyber City
DE000069,delivery_tracking,O00011,D047,2026-08-05 14:13:40,29.033796,77.651735,10.71,10.71,0,delivered,Meerut,Gurugram Cyber City
DE000070,delivery_tracking,O00012,D049,2026-08-05 16:44:07,28.958992,77.660607,10.21,0.0,14,picked_up,Meerut,Shastri Nagar
DE000071,delivery_tracking,O00012,D049,2026-08-05 16:46:27,28.954089,77.665377,10.21,1.7,11,out_for_delivery,Meerut,Shastri Nagar
DE000072,delivery_tracking,O00012,D049,2026-08-05 16:48:47,28.953616,77.671286,10.21,3.4,9,out_for_delivery,Meerut,Shastri Nagar
DE000073,delivery_tracking,O00012,D049,2026-08-05 16:51:07,28.960573,77.674304,10.21,5.11,7,out_for_delivery,Meerut,Shastri Nagar
DE000074,delivery_tracking,O00012,D049,2026-08-05 16:53:27,28.967491,77.679468,10.21,6.81,4,out_for_delivery,Meerut,Shastri Nagar
DE000075,delivery_tracking,O00012,D049,2026-08-05 16:55:47,28.96872,77.688793,10.21,8.51,2,out_for_delivery,Meerut,Shastri Nagar
DE000076,delivery_tracking,O00012,D049,2026-08-05 16:58:07,28.977925,77.681189,10.21,10.21,0,delivered,Meerut,Shastri Nagar
DE000077,delivery_tracking,O00013,D090,2026-08-13 19:01:40,29.011054,77.675954,7.56,0.0,13,picked_up,Meerut,Ganga Nagar
DE000078,delivery_tracking,O00013,D090,2026-08-13 19:04:16,28.99495,77.67552,7.56,1.51,10,out_for_delivery,Meerut,Ganga Nagar
DE000079,delivery_tracking,O00013,D090,2026-08-13 19:06:52,29.007953,77.683721,7.56,3.02,7,out_for_delivery,Meerut,Ganga Nagar
DE000080,delivery_tracking,O00013,D090,2026-08-13 19:09:28,29.01235,77.68785,7.56,4.54,5,out_for_delivery,Meerut,Ganga Nagar
DE000081,delivery_tracking,O00013,D090,2026-08-13 19:12:04,29.012655,77.687168,7.56,6.05,2,out_for_delivery,Meerut,Ganga Nagar
DE000082,delivery_tracking,O00013,D090,2026-08-13 19:14:40,29.022186,77.694117,7.56,7.56,0,delivered,Meerut,Ganga Nagar
DE000083,delivery_tracking,O00014,D045,2026-08-01 17:23:18,28.974242,77.603815,10.06,0.0,16,picked_up,Meerut,Noida Sector 18
DE000084,delivery_tracking,O00014,D045,2026-08-01 17:25:58,28.986568,77.602612,10.06,1.68,13,out_for_delivery,Meerut,Noida Sector 18
DE000085,delivery_tracking,O00014,D045,2026-08-01 17:28:38,28.989848,77.615769,10.06,3.35,10,out_for_delivery,Meerut,Noida Sector 18
DE000086,delivery_tracking,O00014,D045,2026-08-01 17:31:18,28.988907,77.608597,10.06,5.03,8,out_for_delivery,Meerut,Noida Sector 18
DE000087,delivery_tracking,O00014,D045,2026-08-01 17:33:58,28.997542,77.612688,10.06,6.71,5,out_for_delivery,Meerut,Noida Sector 18
DE000088,delivery_tracking,O00014,D045,2026-08-01 17:36:38,28.983853,77.613513,10.06,8.38,2,out_for_delivery,Meerut,Noida Sector 18
DE000089,delivery_tracking,O00014,D045,2026-08-01 17:39:18,28.994061,77.631979,10.06,10.06,0,delivered,Meerut,Noida Sector 18
DE000090,delivery_tracking,O00015,D052,2026-08-11 12:36:40,28.973815,77.662291,1.25,0.0,16,picked_up,Meerut,Ganga Nagar
DE000091,delivery_tracking,O00015,D052,2026-08-11 12:42:00,28.978005,77.658617,1.25,0.42,10,out_for_delivery,Meerut,Ganga Nagar
DE000092,delivery_tracking,O00015,D052,2026-08-11 12:47:20,28.976209,77.65858,1.25,0.83,5,out_for_delivery,Meerut,Ganga Nagar
DE000093,delivery_tracking,O00015,D052,2026-08-11 12:52:40,28.990682,77.67109,1.25,1.25,0,delivered,Meerut,Ganga Nagar
DE000094,delivery_tracking,O00016,D041,2026-08-10 17:06:25,28.606298,77.101583,7.87,0.0,17,picked_up,Delhi NCR,Gurugram Cyber City
DE000095,delivery_tracking,O00016,D041,2026-08-10 17:12:05,28.617854,77.101079,7.87,2.62,11,out_for_delivery,Delhi NCR,Gurugram Cyber City
DE000096,delivery_tracking,O00016,D041,2026-08-10 17:17:45,28.615394,77.105389,7.87,5.25,5,out_for_delivery,Delhi NCR,Gurugram Cyber City
DE000097,delivery_tracking,O00016,D041,2026-08-10 17:23:25,28.621352,77.115425,7.87,7.87,0,delivered,Delhi NCR,Gurugram Cyber City
DE000098,delivery_tracking,O00017,D072,2026-08-03 17:33:08,28.653197,77.185816,12.09,0.0,13,picked_up,Delhi NCR,Dwarka
DE000099,delivery_tracking,O00017,D072,2026-08-03 17:35:18,28.644839,77.190747,12.09,2.01,10,out_for_delivery,Delhi NCR,Dwarka
DE000100,delivery_tracking,O00017,D072,2026-08-03 17:37:28,28.659912,77.18635,12.09,4.03,8,out_for_delivery,Delhi NCR,Dwarka
DE000101,delivery_tracking,O00017,D072,2026-08-03 17:39:38,28.647148,77.188936,12.09,6.04,6,out_for_delivery,Delhi NCR,Dwarka
DE000102,delivery_tracking,O00017,D072,2026-08-03 17:41:48,28.654767,77.202554,12.09,8.06,4,out_for_delivery,Delhi NCR,Dwarka
DE000103,delivery_tracking,O00017,D072,2026-08-03 17:43:58,28.662807,77.20489,12.09,10.08,2,out_for_delivery,Delhi NCR,Dwarka
DE000104,delivery_tracking,O00017,D072,2026-08-03 17:46:08,28.6639,77.202155,12.09,12.09,0,delivered,Delhi NCR,Dwarka
DE000105,delivery_tracking,O00018,D035,2026-08-13 19:15:23,28.969807,77.678855,11.09,0.0,11,picked_up,Meerut,Dwarka
DE000106,delivery_tracking,O00018,D035,2026-08-13 19:19:03,28.981538,77.668715,11.09,3.7,7,out_for_delivery,Meerut,Dwarka
DE000107,delivery_tracking,O00018,D035,2026-08-13 19:22:43,28.987239,77.680734,11.09,7.39,3,out_for_delivery,Meerut,Dwarka
DE000108,delivery_tracking,O00018,D035,2026-08-13 19:26:23,28.983038,77.688191,11.09,11.09,0,delivered,Meerut,Dwarka
DE000109,delivery_tracking,O00019,D022,2026-08-10 13:15:13,29.011353,77.683841,4.47,0.0,13,picked_up,Meerut,Rohini
DE000110,delivery_tracking,O00019,D022,2026-08-10 13:19:33,29.021873,77.675025,4.47,1.49,8,out_for_delivery,Meerut,Rohini
DE000111,delivery_tracking,O00019,D022,2026-08-10 13:23:53,29.024188,77.691957,4.47,2.98,4,out_for_delivery,Meerut,Rohini
DE000112,delivery_tracking,O00019,D022,2026-08-10 13:28:13,29.03767,77.686493,4.47,4.47,0,delivered,Meerut,Rohini
DE000113,delivery_tracking,O00020,D042,2026-08-14 14:14:53,29.015405,77.639774,2.05,0.0,17,picked_up,Meerut,Gurugram Cyber City
DE000114,delivery_tracking,O00020,D042,2026-08-14 14:18:17,29.013605,77.634989,2.05,0.41,13,out_for_delivery,Meerut,Gurugram Cyber City
DE000115,delivery_tracking,O00020,D042,2026-08-14 14:21:41,29.01915,77.645606,2.05,0.82,10,out_for_delivery,Meerut,Gurugram Cyber City
DE000116,delivery_tracking,O00020,D042,2026-08-14 14:25:05,29.027454,77.633091,2.05,1.23,6,out_for_delivery,Meerut,Gurugram Cyber City
DE000117,delivery_tracking,O00020,D042,2026-08-14 14:28:29,29.032954,77.646925,2.05,1.64,3,out_for_delivery,Meerut,Gurugram Cyber City
DE000118,delivery_tracking,O00020,D042,2026-08-14 14:31:53,29.030457,77.65423,2.05,2.05,0,delivered,Meerut,Gurugram Cyber City
DE000119,delivery_tracking,O00021,D028,2026-08-07 13:55:17,28.667721,77.224493,9.81,0.0,19,picked_up,Delhi NCR,Gurugram Cyber City
DE000120,delivery_tracking,O00021,D028,2026-08-07 14:01:37,28.679062,77.212354,9.81,3.27,12,out_for_delivery,Delhi NCR,Gurugram Cyber City
DE000121,delivery_tracking,O00021,D028,2026-08-07 14:07:57,28.694397,77.221387,9.81,6.54,6,out_for_delivery,Delhi NCR,Gurugram Cyber City
DE000122,delivery_tracking,O00021,D028,2026-08-07 14:14:17,28.694008,77.224979,9.81,9.81,0,delivered,Delhi NCR,Gurugram Cyber City
DE000123,delivery_tracking,O00022,D021,2026-08-14 14:23:41,28.58685,77.180633,4.65,0.0,20,picked_up,Delhi NCR,Shastri Nagar
DE000124,delivery_tracking,O00022,D021,2026-08-14 14:30:21,28.594483,77.180621,4.65,1.55,13,out_for_delivery,Delhi NCR,Shastri Nagar
DE000125,delivery_tracking,O00022,D021,2026-08-14 14:37:01,28.610428,77.181283,4.65,3.1,6,out_for_delivery,Delhi NCR,Shastri Nagar
DE000126,delivery_tracking,O00022,D021,2026-08-14 14:43:41,28.615741,77.202439,4.65,4.65,0,delivered,Delhi NCR,Shastri Nagar
DE000127,delivery_tracking,O00023,D089,2026-08-03 17:22:14,28.654904,77.056144,12.42,0.0,16,picked_up,Delhi NCR,Ganga Nagar
DE000128,delivery_tracking,O00023,D089,2026-08-03 17:26:14,28.662413,77.048472,12.42,3.1,12,out_for_delivery,Delhi NCR,Ganga Nagar
DE000129,delivery_tracking,O00023,D089,2026-08-03 17:30:14,28.661836,77.062926,12.42,6.21,8,out_for_delivery,Delhi NCR,Ganga Nagar
DE000130,delivery_tracking,O00023,D089,2026-08-03 17:34:14,28.674551,77.054679,12.42,9.31,4,out_for_delivery,Delhi NCR,Ganga Nagar
DE000131,delivery_tracking,O00023,D089,2026-08-03 17:38:14,28.663111,77.071744,12.42,12.42,0,delivered,Delhi NCR,Ganga Nagar
DE000132,delivery_tracking,O00024,D050,2026-08-06 16:53:50,28.979089,77.637331,10.78,0.0,8,picked_up,Meerut,Connaught Place
DE000133,delivery_tracking,O00024,D050,2026-08-06 16:55:50,28.968973,77.653128,10.78,2.69,6,out_for_delivery,Meerut,Connaught Place
DE000134,delivery_tracking,O00024,D050,2026-08-06 16:57:50,28.990725,77.648818,10.78,5.39,4,out_for_delivery,Meerut,Connaught Place
DE000135,delivery_tracking,O00024,D050,2026-08-06 16:59:50,28.977637,77.652662,10.78,8.08,2,out_for_delivery,Meerut,Connaught Place
DE000136,delivery_tracking,O00024,D050,2026-08-06 17:01:50,28.991011,77.656986,10.78,10.78,0,delivered,Meerut,Connaught Place
DE000137,delivery_tracking,O00025,D041,2026-08-03 17:11:53,28.564665,77.207879,4.16,0.0,5,picked_up,Delhi NCR,Gurugram Cyber City
DE000138,delivery_tracking,O00025,D041,2026-08-03 17:12:53,28.563402,77.214894,4.16,0.83,4,out_for_delivery,Delhi NCR,Gurugram Cyber City
DE000139,delivery_tracking,O00025,D041,2026-08-03 17:13:53,28.559742,77.214589,4.16,1.66,3,out_for_delivery,Delhi NCR,Gurugram Cyber City
DE000140,delivery_tracking,O00025,D041,2026-08-03 17:14:53,28.573415,77.212407,4.16,2.5,2,out_for_delivery,Delhi NCR,Gurugram Cyber City
DE000141,delivery_tracking,O00025,D041,2026-08-03 17:15:53,28.570292,77.220084,4.16,3.33,1,out_for_delivery,Delhi NCR,Gurugram Cyber City
DE000142,delivery_tracking,O00025,D041,2026-08-03 17:16:53,28.571158,77.229019,4.16,4.16,0,delivered,Delhi NCR,Gurugram Cyber City
DE000143,delivery_tracking,O00026,D051,2026-08-10 21:00:53,28.553395,77.187374,2.51,0.0,11,picked_up,Delhi NCR,Gurugram Cyber City
DE000144,delivery_tracking,O00026,D051,2026-08-10 21:03:38,28.568786,77.180243,2.51,0.63,8,out_for_delivery,Delhi NCR,Gurugram Cyber City
DE000145,delivery_tracking,O00026,D051,2026-08-10 21:06:23,28.577566,77.191176,2.51,1.25,5,out_for_delivery,Delhi NCR,Gurugram Cyber City
DE000146,delivery_tracking,O00026,D051,2026-08-10 21:09:08,28.577915,77.198881,2.51,1.88,2,out_for_delivery,Delhi NCR,Gurugram Cyber City
DE000147,delivery_tracking,O00026,D051,2026-08-10 21:11:53,28.569345,77.190755,2.51,2.51,0,delivered,Delhi NCR,Gurugram Cyber City
DE000148,delivery_tracking,O00027,D035,2026-08-12 12:18:57,28.983115,77.650817,6.34,0.0,12,picked_up,Meerut,Dwarka
DE000149,delivery_tracking,O00027,D035,2026-08-12 12:21:21,29.000854,77.651833,6.34,1.27,9,out_for_delivery,Meerut,Dwarka
DE000150,delivery_tracking,O00027,D035,2026-08-12 12:23:45,28.988275,77.656166,6.34,2.54,7,out_for_delivery,Meerut,Dwarka
DE000151,delivery_tracking,O00027,D035,2026-08-12 12:26:09,28.98902,77.661525,6.34,3.8,4,out_for_delivery,Meerut,Dwarka
DE000152,delivery_tracking,O00027,D035,2026-08-12 12:28:33,28.992215,77.648271,6.34,5.07,2,out_for_delivery,Meerut,Dwarka
DE000153,delivery_tracking,O00027,D035,2026-08-12 12:30:57,29.002248,77.668755,6.34,6.34,0,delivered,Meerut,Dwarka
DE000154,delivery_tracking,O00028,D071,2026-08-13 22:03:41,28.569616,77.086016,2.55,0.0,18,picked_up,Delhi NCR,Shastri Nagar
DE000155,delivery_tracking,O00028,D071,2026-08-13 22:09:41,28.564836,77.095283,2.55,0.85,12,out_for_delivery,Delhi NCR,Shastri Nagar
DE000156,delivery_tracking,O00028,D071,2026-08-13 22:15:41,28.577431,77.101183,2.55,1.7,6,out_for_delivery,Delhi NCR,Shastri Nagar
DE000157,delivery_tracking,O00028,D071,2026-08-13 22:21:41,28.576596,77.099796,2.55,2.55,0,delivered,Delhi NCR,Shastri Nagar
DE000158,delivery_tracking,O00029,D073,2026-08-13 15:07:39,28.667329,77.167218,11.74,0.0,6,picked_up,Delhi NCR,Connaught Place
DE000159,delivery_tracking,O00029,D073,2026-08-13 15:09:39,28.666455,77.189168,11.74,3.91,4,out_for_delivery,Delhi NCR,Connaught Place
DE000160,delivery_tracking,O00029,D073,2026-08-13 15:11:39,28.672853,77.179267,11.74,7.83,2,out_for_delivery,Delhi NCR,Connaught Place
DE000161,delivery_tracking,O00029,D073,2026-08-13 15:13:39,28.673905,77.186952,11.74,11.74,0,delivered,Delhi NCR,Connaught Place
DE000162,delivery_tracking,O00030,D019,2026-08-12 14:24:02,28.62757,77.177664,6.91,0.0,14,picked_up,Delhi NCR,Shastri Nagar
DE000163,delivery_tracking,O00030,D019,2026-08-12 14:28:42,28.628606,77.168599,6.91,2.3,9,out_for_delivery,Delhi NCR,Shastri Nagar
DE000164,delivery_tracking,O00030,D019,2026-08-12 14:33:22,28.63517,77.184395,6.91,4.61,4,out_for_delivery,Delhi NCR,Shastri Nagar
DE000165,delivery_tracking,O00030,D019,2026-08-12 14:38:02,28.647885,77.188086,6.91,6.91,0,delivered,Delhi NCR,Shastri Nagar
DE000166,delivery_tracking,O00031,D035,2026-08-04 11:34:08,29.006927,77.628552,2.56,0.0,15,picked_up,Meerut,Dwarka
DE000167,delivery_tracking,O00031,D035,2026-08-04 11:36:38,29.007279,77.642374,2.56,0.43,12,out_for_delivery,Meerut,Dwarka
DE000168,delivery_tracking,O00031,D035,2026-08-04 11:39:08,29.023155,77.645091,2.56,0.85,10,out_for_delivery,Meerut,Dwarka
DE000169,delivery_tracking,O00031,D035,2026-08-04 11:41:38,29.009934,77.650372,2.56,1.28,7,out_for_delivery,Meerut,Dwarka
DE000170,delivery_tracking,O00031,D035,2026-08-04 11:44:08,29.018183,77.637978,2.56,1.71,5,out_for_delivery,Meerut,Dwarka
DE000171,delivery_tracking,O00031,D035,2026-08-04 11:46:38,29.019091,77.645768,2.56,2.13,2,out_for_delivery,Meerut,Dwarka
DE000172,delivery_tracking,O00031,D035,2026-08-04 11:49:08,29.026896,77.654697,2.56,2.56,0,delivered,Meerut,Dwarka
DE000173,delivery_tracking,O00032,D023,2026-08-01 17:04:28,28.964183,77.674645,10.58,0.0,4,picked_up,Meerut,Gurugram Cyber City
DE000174,delivery_tracking,O00032,D023,2026-08-01 17:05:16,28.955138,77.670616,10.58,2.12,3,out_for_delivery,Meerut,Gurugram Cyber City
DE000175,delivery_tracking,O00032,D023,2026-08-01 17:06:04,28.974806,77.663394,10.58,4.23,2,out_for_delivery,Meerut,Gurugram Cyber City
DE000176,delivery_tracking,O00032,D023,2026-08-01 17:06:52,28.9794,77.668849,10.58,6.35,1,out_for_delivery,Meerut,Gurugram Cyber City
DE000177,delivery_tracking,O00032,D023,2026-08-01 17:07:40,28.975377,77.68408,10.58,8.46,0,out_for_delivery,Meerut,Gurugram Cyber City
DE000178,delivery_tracking,O00032,D023,2026-08-01 17:08:28,28.967297,77.687839,10.58,10.58,0,delivered,Meerut,Gurugram Cyber City
DE000179,delivery_tracking,O00033,D016,2026-08-01 17:31:10,28.97467,77.673013,3.63,0.0,11,picked_up,Meerut,Ganga Nagar
DE000180,delivery_tracking,O00033,D016,2026-08-01 17:34:50,28.980334,77.675652,3.63,1.21,7,out_for_delivery,Meerut,Ganga Nagar
DE000181,delivery_tracking,O00033,D016,2026-08-01 17:38:30,28.990044,77.680255,3.63,2.42,3,out_for_delivery,Meerut,Ganga Nagar
DE000182,delivery_tracking,O00033,D016,2026-08-01 17:42:10,28.979143,77.683334,3.63,3.63,0,delivered,Meerut,Ganga Nagar
DE000183,delivery_tracking,O00034,D083,2026-08-13 18:41:40,28.629619,77.076549,11.51,0.0,16,picked_up,Delhi NCR,Ganga Nagar
DE000184,delivery_tracking,O00034,D083,2026-08-13 18:44:52,28.63689,77.084582,11.51,2.3,12,out_for_delivery,Delhi NCR,Ganga Nagar
DE000185,delivery_tracking,O00034,D083,2026-08-13 18:48:04,28.639849,77.091397,11.51,4.6,9,out_for_delivery,Delhi NCR,Ganga Nagar
DE000186,delivery_tracking,O00034,D083,2026-08-13 18:51:16,28.633825,77.096643,11.51,6.91,6,out_for_delivery,Delhi NCR,Ganga Nagar
DE000187,delivery_tracking,O00034,D083,2026-08-13 18:54:28,28.634331,77.091156,11.51,9.21,3,out_for_delivery,Delhi NCR,Ganga Nagar
DE000188,delivery_tracking,O00034,D083,2026-08-13 18:57:40,28.637633,77.095786,11.51,11.51,0,delivered,Delhi NCR,Ganga Nagar
DE000189,delivery_tracking,O00035,D095,2026-08-01 13:49:54,28.741747,77.056913,10.31,0.0,18,picked_up,Delhi NCR,Noida Sector 18
DE000190,delivery_tracking,O00035,D095,2026-08-01 13:53:30,28.737058,77.052406,10.31,2.06,14,out_for_delivery,Delhi NCR,Noida Sector 18
DE000191,delivery_tracking,O00035,D095,2026-08-01 13:57:06,28.748556,77.069274,10.31,4.12,10,out_for_delivery,Delhi NCR,Noida Sector 18
DE000192,delivery_tracking,O00035,D095,2026-08-01 14:00:42,28.741641,77.060822,10.31,6.19,7,out_for_delivery,Delhi NCR,Noida Sector 18
DE000193,delivery_tracking,O00035,D095,2026-08-01 14:04:18,28.744605,77.059446,10.31,8.25,3,out_for_delivery,Delhi NCR,Noida Sector 18
DE000194,delivery_tracking,O00035,D095,2026-08-01 14:07:54,28.742448,77.065017,10.31,10.31,0,delivered,Delhi NCR,Noida Sector 18
DE000195,delivery_tracking,O00037,D047,2026-08-02 16:01:42,29.021964,77.657264,8.54,0.0,21,picked_up,Meerut,Gurugram Cyber City
DE000196,delivery_tracking,O00037,D047,2026-08-02 16:05:54,29.024006,77.654621,8.54,1.71,16,out_for_delivery,Meerut,Gurugram Cyber City
DE000197,delivery_tracking,O00037,D047,2026-08-02 16:10:06,29.037269,77.654032,8.54,3.42,12,out_for_delivery,Meerut,Gurugram Cyber City
DE000198,delivery_tracking,O00037,D047,2026-08-02 16:14:18,29.041076,77.673461,8.54,5.12,8,out_for_delivery,Meerut,Gurugram Cyber City
DE000199,delivery_tracking,O00037,D047,2026-08-02 16:18:30,29.048473,77.665317,8.54,6.83,4,out_for_delivery,Meerut,Gurugram Cyber City
DE000200,delivery_tracking,O00037,D047,2026-08-02 16:22:42,29.052385,77.679789,8.54,8.54,0,delivered,Meerut,Gurugram Cyber City
DE000201,delivery_tracking,O00038,D078,2026-08-06 19:29:40,29.014666,77.648906,8.39,0.0,11,picked_up,Meerut,Noida Sector 18
DE000202,delivery_tracking,O00038,D078,2026-08-06 19:31:52,29.013724,77.647958,8.39,1.68,8,out_for_delivery,Meerut,Noida Sector 18
DE000203,delivery_tracking,O00038,D078,2026-08-06 19:34:04,29.016866,77.651763,8.39,3.36,6,out_for_delivery,Meerut,Noida Sector 18
DE000204,delivery_tracking,O00038,D078,2026-08-06 19:36:16,29.014759,77.660321,8.39,5.03,4,out_for_delivery,Meerut,Noida Sector 18
DE000205,delivery_tracking,O00038,D078,2026-08-06 19:38:28,29.032385,77.674984,8.39,6.71,2,out_for_delivery,Meerut,Noida Sector 18
DE000206,delivery_tracking,O00038,D078,2026-08-06 19:40:40,29.038424,77.668464,8.39,8.39,0,delivered,Meerut,Noida Sector 18
DE000207,delivery_tracking,O00039,D070,2026-08-07 12:04:30,28.981984,77.671975,4.15,0.0,9,picked_up,Meerut,Shastri Nagar
DE000208,delivery_tracking,O00039,D070,2026-08-07 12:06:45,28.989057,77.666647,4.15,1.04,6,out_for_delivery,Meerut,Shastri Nagar
DE000209,delivery_tracking,O00039,D070,2026-08-07 12:09:00,28.986725,77.680807,4.15,2.08,4,out_for_delivery,Meerut,Shastri Nagar
DE000210,delivery_tracking,O00039,D070,2026-08-07 12:11:15,28.988249,77.672904,4.15,3.11,2,out_for_delivery,Meerut,Shastri Nagar
DE000211,delivery_tracking,O00039,D070,2026-08-07 12:13:30,29.001194,77.679334,4.15,4.15,0,delivered,Meerut,Shastri Nagar
DE000212,delivery_tracking,O00040,D021,2026-08-01 11:35:13,28.572471,77.128644,7.66,0.0,10,picked_up,Delhi NCR,Shastri Nagar
DE000213,delivery_tracking,O00040,D021,2026-08-01 11:36:53,28.58572,77.124272,7.66,1.28,8,out_for_delivery,Delhi NCR,Shastri Nagar
DE000214,delivery_tracking,O00040,D021,2026-08-01 11:38:33,28.577658,77.121305,7.66,2.55,6,out_for_delivery,Delhi NCR,Shastri Nagar
DE000215,delivery_tracking,O00040,D021,2026-08-01 11:40:13,28.590982,77.139207,7.66,3.83,5,out_for_delivery,Delhi NCR,Shastri Nagar
DE000216,delivery_tracking,O00040,D021,2026-08-01 11:41:53,28.590189,77.124476,7.66,5.11,3,out_for_delivery,Delhi NCR,Shastri Nagar
DE000217,delivery_tracking,O00040,D021,2026-08-01 11:43:33,28.598916,77.134085,7.66,6.38,1,out_for_delivery,Delhi NCR,Shastri Nagar
DE000218,delivery_tracking,O00040,D021,2026-08-01 11:45:13,28.603616,77.132466,7.66,7.66,0,delivered,Delhi NCR,Shastri Nagar
DE000219,delivery_tracking,O00041,D050,2026-08-03 16:16:24,29.009561,77.605136,1.9,0.0,17,picked_up,Meerut,Connaught Place
DE000220,delivery_tracking,O00041,D050,2026-08-03 16:19:48,29.011527,77.604407,1.9,0.38,13,out_for_delivery,Meerut,Connaught Place
DE000221,delivery_tracking,O00041,D050,2026-08-03 16:23:12,29.000617,77.610599,1.9,0.76,10,out_for_delivery,Meerut,Connaught Place
DE000222,delivery_tracking,O00041,D050,2026-08-03 16:26:36,29.012849,77.625169,1.9,1.14,6,out_for_delivery,Meerut,Connaught Place
DE000223,delivery_tracking,O00041,D050,2026-08-03 16:30:00,29.019139,77.627584,1.9,1.52,3,out_for_delivery,Meerut,Connaught Place
DE000224,delivery_tracking,O00041,D050,2026-08-03 16:33:24,29.019852,77.616569,1.9,1.9,0,delivered,Meerut,Connaught Place
DE000225,delivery_tracking,O00042,D051,2026-08-14 21:19:32,28.754338,77.132236,2.63,0.0,10,picked_up,Delhi NCR,Gurugram Cyber City
DE000226,delivery_tracking,O00042,D051,2026-08-14 21:22:02,28.759622,77.149112,2.63,0.66,7,out_for_delivery,Delhi NCR,Gurugram Cyber City
DE000227,delivery_tracking,O00042,D051,2026-08-14 21:24:32,28.746496,77.142341,2.63,1.31,5,out_for_delivery,Delhi NCR,Gurugram Cyber City
DE000228,delivery_tracking,O00042,D051,2026-08-14 21:27:02,28.756853,77.144851,2.63,1.97,2,out_for_delivery,Delhi NCR,Gurugram Cyber City
DE000229,delivery_tracking,O00042,D051,2026-08-14 21:29:32,28.75818,77.151242,2.63,2.63,0,delivered,Delhi NCR,Gurugram Cyber City
DE000230,delivery_tracking,O00043,D090,2026-08-10 19:58:50,29.014681,77.673507,10.01,0.0,14,picked_up,Meerut,Ganga Nagar
DE000231,delivery_tracking,O00043,D090,2026-08-10 20:01:10,29.023338,77.672372,10.01,1.67,11,out_for_delivery,Meerut,Ganga Nagar
DE000232,delivery_tracking,O00043,D090,2026-08-10 20:03:30,29.017842,77.67347,10.01,3.34,9,out_for_delivery,Meerut,Ganga Nagar
DE000233,delivery_tracking,O00043,D090,2026-08-10 20:05:50,29.029263,77.681527,10.01,5.0,7,out_for_delivery,Meerut,Ganga Nagar
DE000234,delivery_tracking,O00043,D090,2026-08-10 20:08:10,29.027432,77.678327,10.01,6.67,4,out_for_delivery,Meerut,Ganga Nagar
DE000235,delivery_tracking,O00043,D090,2026-08-10 20:10:30,29.039477,77.686721,10.01,8.34,2,out_for_delivery,Meerut,Ganga Nagar
DE000236,delivery_tracking,O00043,D090,2026-08-10 20:12:50,29.025384,77.684915,10.01,10.01,0,delivered,Meerut,Ganga Nagar
DE000237,delivery_tracking,O00044,D003,2026-08-06 14:41:17,28.597468,77.222138,8.49,0.0,19,picked_up,Delhi NCR,Dwarka
DE000238,delivery_tracking,O00044,D003,2026-08-06 14:44:27,28.601198,77.217599,8.49,1.42,15,out_for_delivery,Delhi NCR,Dwarka
DE000239,delivery_tracking,O00044,D003,2026-08-06 14:47:37,28.590458,77.216016,8.49,2.83,12,out_for_delivery,Delhi NCR,Dwarka
DE000240,delivery_tracking,O00044,D003,2026-08-06 14:50:47,28.599914,77.215007,8.49,4.25,9,out_for_delivery,Delhi NCR,Dwarka
DE000241,delivery_tracking,O00044,D003,2026-08-06 14:53:57,28.609304,77.232381,8.49,5.66,6,out_for_delivery,Delhi NCR,Dwarka
DE000242,delivery_tracking,O00044,D003,2026-08-06 14:57:07,28.595357,77.221149,8.49,7.08,3,out_for_delivery,Delhi NCR,Dwarka
DE000243,delivery_tracking,O00044,D003,2026-08-06 15:00:17,28.613937,77.236533,8.49,8.49,0,delivered,Delhi NCR,Dwarka
DE000244,delivery_tracking,O00045,D059,2026-08-01 16:02:12,29.023727,77.64472,6.72,0.0,12,picked_up,Meerut,Saket
DE000245,delivery_tracking,O00045,D059,2026-08-01 16:04:36,29.025015,77.647584,6.72,1.34,9,out_for_delivery,Meerut,Saket
DE000246,delivery_tracking,O00045,D059,2026-08-01 16:07:00,29.024649,77.634516,6.72,2.69,7,out_for_delivery,Meerut,Saket
DE000247,delivery_tracking,O00045,D059,2026-08-01 16:09:24,29.026835,77.654043,6.72,4.03,4,out_for_delivery,Meerut,Saket
DE000248,delivery_tracking,O00045,D059,2026-08-01 16:11:48,29.044438,77.644253,6.72,5.38,2,out_for_delivery,Meerut,Saket
DE000249,delivery_tracking,O00045,D059,2026-08-01 16:14:12,29.036269,77.647469,6.72,6.72,0,delivered,Meerut,Saket
DE000250,delivery_tracking,O00046,D084,2026-08-07 18:28:55,28.972913,77.674891,4.05,0.0,7,picked_up,Meerut,Rohini
DE000251,delivery_tracking,O00046,D084,2026-08-07 18:30:19,28.974411,77.675402,4.05,0.81,5,out_for_delivery,Meerut,Rohini
DE000252,delivery_tracking,O00046,D084,2026-08-07 18:31:43,28.979771,77.686906,4.05,1.62,4,out_for_delivery,Meerut,Rohini
DE000253,delivery_tracking,O00046,D084,2026-08-07 18:33:07,28.989923,77.684305,4.05,2.43,2,out_for_delivery,Meerut,Rohini
DE000254,delivery_tracking,O00046,D084,2026-08-07 18:34:31,28.978483,77.689592,4.05,3.24,1,out_for_delivery,Meerut,Rohini
DE000255,delivery_tracking,O00046,D084,2026-08-07 18:35:55,28.992684,77.699228,4.05,4.05,0,delivered,Meerut,Rohini
DE000256,delivery_tracking,O00047,D039,2026-08-11 12:00:04,29.025186,77.66805,2.89,0.0,11,picked_up,Meerut,Saket
DE000257,delivery_tracking,O00047,D039,2026-08-11 12:01:54,29.028901,77.670042,2.89,0.48,9,out_for_delivery,Meerut,Saket
DE000258,delivery_tracking,O00047,D039,2026-08-11 12:03:44,29.036924,77.664623,2.89,0.96,7,out_for_delivery,Meerut,Saket
DE000259,delivery_tracking,O00047,D039,2026-08-11 12:05:34,29.027846,77.6697,2.89,1.45,5,out_for_delivery,Meerut,Saket
DE000260,delivery_tracking,O00047,D039,2026-08-11 12:07:24,29.022681,77.678596,2.89,1.93,3,out_for_delivery,Meerut,Saket
DE000261,delivery_tracking,O00047,D039,2026-08-11 12:09:14,29.035916,77.670733,2.89,2.41,1,out_for_delivery,Meerut,Saket
DE000262,delivery_tracking,O00047,D039,2026-08-11 12:11:04,29.041506,77.673882,2.89,2.89,0,delivered,Meerut,Saket
DE000263,delivery_tracking,O00048,D061,2026-08-11 15:51:19,28.685771,77.090592,11.9,0.0,14,picked_up,Delhi NCR,Connaught Place
DE000264,delivery_tracking,O00048,D061,2026-08-11 15:54:49,28.690399,77.094827,11.9,2.98,10,out_for_delivery,Delhi NCR,Connaught Place
DE000265,delivery_tracking,O00048,D061,2026-08-11 15:58:19,28.683598,77.097832,11.9,5.95,7,out_for_delivery,Delhi NCR,Connaught Place
DE000266,delivery_tracking,O00048,D061,2026-08-11 16:01:49,28.699161,77.105111,11.9,8.93,3,out_for_delivery,Delhi NCR,Connaught Place
DE000267,delivery_tracking,O00048,D061,2026-08-11 16:05:19,28.703215,77.111122,11.9,11.9,0,delivered,Delhi NCR,Connaught Place
DE000268,delivery_tracking,O00049,D010,2026-08-08 13:45:07,29.034511,77.61121,12.36,0.0,15,picked_up,Meerut,Shastri Nagar
DE000269,delivery_tracking,O00049,D010,2026-08-08 13:48:52,29.035303,77.608744,12.36,3.09,11,out_for_delivery,Meerut,Shastri Nagar
DE000270,delivery_tracking,O00049,D010,2026-08-08 13:52:37,29.039122,77.609052,12.36,6.18,7,out_for_delivery,Meerut,Shastri Nagar
DE000271,delivery_tracking,O00049,D010,2026-08-08 13:56:22,29.035652,77.627932,12.36,9.27,3,out_for_delivery,Meerut,Shastri Nagar
DE000272,delivery_tracking,O00049,D010,2026-08-08 14:00:07,29.037304,77.631748,12.36,12.36,0,delivered,Meerut,Shastri Nagar
DE000273,delivery_tracking,O00051,D003,2026-08-11 11:09:46,28.738366,77.144921,1.94,0.0,10,picked_up,Delhi NCR,Dwarka
DE000274,delivery_tracking,O00051,D003,2026-08-11 11:11:46,28.735368,77.154108,1.94,0.39,8,out_for_delivery,Delhi NCR,Dwarka
DE000275,delivery_tracking,O00051,D003,2026-08-11 11:13:46,28.745496,77.152188,1.94,0.78,6,out_for_delivery,Delhi NCR,Dwarka
DE000276,delivery_tracking,O00051,D003,2026-08-11 11:15:46,28.74199,77.158323,1.94,1.16,4,out_for_delivery,Delhi NCR,Dwarka
DE000277,delivery_tracking,O00051,D003,2026-08-11 11:17:46,28.757933,77.143568,1.94,1.55,2,out_for_delivery,Delhi NCR,Dwarka
DE000278,delivery_tracking,O00051,D003,2026-08-11 11:19:46,28.749179,77.165883,1.94,1.94,0,delivered,Delhi NCR,Dwarka
DE000279,delivery_tracking,O00052,D003,2026-08-10 18:37:07,28.679049,77.051553,12.44,0.0,13,picked_up,Delhi NCR,Dwarka
DE000280,delivery_tracking,O00052,D003,2026-08-10 18:41:27,28.686659,77.058436,12.44,4.15,8,out_for_delivery,Delhi NCR,Dwarka
DE000281,delivery_tracking,O00052,D003,2026-08-10 18:45:47,28.683776,77.067852,12.44,8.29,4,out_for_delivery,Delhi NCR,Dwarka
DE000282,delivery_tracking,O00052,D003,2026-08-10 18:50:07,28.69832,77.064971,12.44,12.44,0,delivered,Delhi NCR,Dwarka
DE000283,delivery_tracking,O00053,D085,2026-08-09 14:59:38,28.70275,77.214495,6.82,0.0,6,picked_up,Delhi NCR,Saket
DE000284,delivery_tracking,O00053,D085,2026-08-09 15:01:08,28.702549,77.221013,6.82,1.71,4,out_for_delivery,Delhi NCR,Saket
DE000285,delivery_tracking,O00053,D085,2026-08-09 15:02:38,28.721299,77.227564,6.82,3.41,3,out_for_delivery,Delhi NCR,Saket
DE000286,delivery_tracking,O00053,D085,2026-08-09 15:04:08,28.716455,77.22224,6.82,5.12,1,out_for_delivery,Delhi NCR,Saket
DE000287,delivery_tracking,O00053,D085,2026-08-09 15:05:38,28.710847,77.22308,6.82,6.82,0,delivered,Delhi NCR,Saket
DE000288,delivery_tracking,O00054,D074,2026-08-11 17:35:05,28.582145,77.061424,6.45,0.0,12,picked_up,Delhi NCR,Ganga Nagar
DE000289,delivery_tracking,O00054,D074,2026-08-11 17:37:29,28.58646,77.053207,6.45,1.29,9,out_for_delivery,Delhi NCR,Ganga Nagar
DE000290,delivery_tracking,O00054,D074,2026-08-11 17:39:53,28.597965,77.071695,6.45,2.58,7,out_for_delivery,Delhi NCR,Ganga Nagar
DE000291,delivery_tracking,O00054,D074,2026-08-11 17:42:17,28.584134,77.059657,6.45,3.87,4,out_for_delivery,Delhi NCR,Ganga Nagar
DE000292,delivery_tracking,O00054,D074,2026-08-11 17:44:41,28.599884,77.066462,6.45,5.16,2,out_for_delivery,Delhi NCR,Ganga Nagar
DE000293,delivery_tracking,O00054,D074,2026-08-11 17:47:05,28.607831,77.081991,6.45,6.45,0,delivered,Delhi NCR,Ganga Nagar
DE000294,delivery_tracking,O00055,D048,2026-08-14 15:40:07,29.026846,77.669363,2.7,0.0,7,picked_up,Meerut,Noida Sector 18
DE000295,delivery_tracking,O00055,D048,2026-08-14 15:42:27,29.039571,77.676116,2.7,0.9,4,out_for_delivery,Meerut,Noida Sector 18
DE000296,delivery_tracking,O00055,D048,2026-08-14 15:44:47,29.032151,77.675143,2.7,1.8,2,out_for_delivery,Meerut,Noida Sector 18
DE000297,delivery_tracking,O00055,D048,2026-08-14 15:47:07,29.040698,77.673124,2.7,2.7,0,delivered,Meerut,Noida Sector 18
DE000298,delivery_tracking,O00057,D099,2026-08-12 20:07:36,29.006348,77.680052,8.45,0.0,24,picked_up,Meerut,Dwarka
DE000299,delivery_tracking,O00057,D099,2026-08-12 20:15:36,29.021226,77.675751,8.45,2.82,16,out_for_delivery,Meerut,Dwarka
DE000300,delivery_tracking,O00057,D099,2026-08-12 20:23:36,29.026032,77.674673,8.45,5.63,8,out_for_delivery,Meerut,Dwarka
DE000301,delivery_tracking,O00057,D099,2026-08-12 20:31:36,29.036144,77.682778,8.45,8.45,0,delivered,Meerut,Dwarka
DE000302,delivery_tracking,O00058,D007,2026-08-09 13:58:41,28.697295,77.054696,4.77,0.0,18,picked_up,Delhi NCR,Gurugram Cyber City
DE000303,delivery_tracking,O00058,D007,2026-08-09 14:01:41,28.691551,77.047872,4.77,0.79,15,out_for_delivery,Delhi NCR,Gurugram Cyber City
DE000304,delivery_tracking,O00058,D007,2026-08-09 14:04:41,28.706132,77.060935,4.77,1.59,12,out_for_delivery,Delhi NCR,Gurugram Cyber City
DE000305,delivery_tracking,O00058,D007,2026-08-09 14:07:41,28.70264,77.061221,4.77,2.38,9,out_for_delivery,Delhi NCR,Gurugram Cyber City
DE000306,delivery_tracking,O00058,D007,2026-08-09 14:10:41,28.703185,77.066983,4.77,3.18,6,out_for_delivery,Delhi NCR,Gurugram Cyber City
DE000307,delivery_tracking,O00058,D007,2026-08-09 14:13:41,28.720555,77.063321,4.77,3.97,3,out_for_delivery,Delhi NCR,Gurugram Cyber City
DE000308,delivery_tracking,O00058,D007,2026-08-09 14:16:41,28.705133,77.063012,4.77,4.77,0,delivered,Delhi NCR,Gurugram Cyber City
DE000309,delivery_tracking,O00059,D072,2026-08-13 19:57:30,28.599312,77.14768,10.58,0.0,14,picked_up,Delhi NCR,Dwarka
DE000310,delivery_tracking,O00059,D072,2026-08-13 20:02:10,28.606206,77.163734,10.58,3.53,9,out_for_delivery,Delhi NCR,Dwarka
DE000311,delivery_tracking,O00059,D072,2026-08-13 20:06:50,28.622828,77.156536,10.58,7.05,4,out_for_delivery,Delhi NCR,Dwarka
DE000312,delivery_tracking,O00059,D072,2026-08-13 20:11:30,28.625614,77.163148,10.58,10.58,0,delivered,Delhi NCR,Dwarka
DE000313,delivery_tracking,O00060,D028,2026-08-08 14:11:21,28.577992,77.148422,8.64,0.0,18,picked_up,Delhi NCR,Gurugram Cyber City
DE000314,delivery_tracking,O00060,D028,2026-08-08 14:17:21,28.58363,77.163253,8.64,2.88,12,out_for_delivery,Delhi NCR,Gurugram Cyber City
DE000315,delivery_tracking,O00060,D028,2026-08-08 14:23:21,28.592549,77.167969,8.64,5.76,6,out_for_delivery,Delhi NCR,Gurugram Cyber City
DE000316,delivery_tracking,O00060,D028,2026-08-08 14:29:21,28.595764,77.158239,8.64,8.64,0,delivered,Delhi NCR,Gurugram Cyber City
DE000317,delivery_tracking,O00061,D014,2026-08-07 21:00:38,28.967531,77.633976,12.17,0.0,15,picked_up,Meerut,Saket
DE000318,delivery_tracking,O00061,D014,2026-08-07 21:03:38,28.959948,77.640756,12.17,2.43,12,out_for_delivery,Meerut,Saket
DE000319,delivery_tracking,O00061,D014,2026-08-07 21:06:38,28.967741,77.633366,12.17,4.87,9,out_for_delivery,Meerut,Saket
DE000320,delivery_tracking,O00061,D014,2026-08-07 21:09:38,28.963864,77.646307,12.17,7.3,6,out_for_delivery,Meerut,Saket
DE000321,delivery_tracking,O00061,D014,2026-08-07 21:12:38,28.976402,77.653443,12.17,9.74,3,out_for_delivery,Meerut,Saket
DE000322,delivery_tracking,O00061,D014,2026-08-07 21:15:38,28.968323,77.652228,12.17,12.17,0,delivered,Meerut,Saket
DE000323,delivery_tracking,O00062,D065,2026-08-09 22:12:20,28.943928,77.611923,11.12,0.0,16,picked_up,Meerut,Ganga Nagar
DE000324,delivery_tracking,O00062,D065,2026-08-09 22:15:00,28.94752,77.616021,11.12,1.85,13,out_for_delivery,Meerut,Ganga Nagar
DE000325,delivery_tracking,O00062,D065,2026-08-09 22:17:40,28.94924,77.60925,11.12,3.71,10,out_for_delivery,Meerut,Ganga Nagar
DE000326,delivery_tracking,O00062,D065,2026-08-09 22:20:20,28.953533,77.622805,11.12,5.56,8,out_for_delivery,Meerut,Ganga Nagar
DE000327,delivery_tracking,O00062,D065,2026-08-09 22:23:00,28.964834,77.61442,11.12,7.41,5,out_for_delivery,Meerut,Ganga Nagar
DE000328,delivery_tracking,O00062,D065,2026-08-09 22:25:40,28.968594,77.611664,11.12,9.27,2,out_for_delivery,Meerut,Ganga Nagar
DE000329,delivery_tracking,O00062,D065,2026-08-09 22:28:20,28.972302,77.615567,11.12,11.12,0,delivered,Meerut,Ganga Nagar
DE000330,delivery_tracking,O00063,D096,2026-08-11 18:52:15,28.597217,77.232,1.81,0.0,17,picked_up,Delhi NCR,Shastri Nagar
DE000331,delivery_tracking,O00063,D096,2026-08-11 18:55:05,28.59721,77.229223,1.81,0.3,14,out_for_delivery,Delhi NCR,Shastri Nagar
DE000332,delivery_tracking,O00063,D096,2026-08-11 18:57:55,28.60072,77.229702,1.81,0.6,11,out_for_delivery,Delhi NCR,Shastri Nagar
DE000333,delivery_tracking,O00063,D096,2026-08-11 19:00:45,28.600185,77.236793,1.81,0.91,8,out_for_delivery,Delhi NCR,Shastri Nagar
DE000334,delivery_tracking,O00063,D096,2026-08-11 19:03:35,28.609903,77.229654,1.81,1.21,5,out_for_delivery,Delhi NCR,Shastri Nagar
DE000335,delivery_tracking,O00063,D096,2026-08-11 19:06:25,28.596666,77.239923,1.81,1.51,2,out_for_delivery,Delhi NCR,Shastri Nagar
DE000336,delivery_tracking,O00063,D096,2026-08-11 19:09:15,28.599357,77.232246,1.81,1.81,0,delivered,Delhi NCR,Shastri Nagar
DE000337,delivery_tracking,O00065,D063,2026-08-13 19:58:22,28.616502,77.222551,7.34,0.0,12,picked_up,Delhi NCR,Noida Sector 18
DE000338,delivery_tracking,O00065,D063,2026-08-13 20:00:46,28.631887,77.232045,7.34,1.47,9,out_for_delivery,Delhi NCR,Noida Sector 18
DE000339,delivery_tracking,O00065,D063,2026-08-13 20:03:10,28.625378,77.233906,7.34,2.94,7,out_for_delivery,Delhi NCR,Noida Sector 18
DE000340,delivery_tracking,O00065,D063,2026-08-13 20:05:34,28.633923,77.238665,7.34,4.4,4,out_for_delivery,Delhi NCR,Noida Sector 18
DE000341,delivery_tracking,O00065,D063,2026-08-13 20:07:58,28.624175,77.235599,7.34,5.87,2,out_for_delivery,Delhi NCR,Noida Sector 18
DE000342,delivery_tracking,O00065,D063,2026-08-13 20:10:22,28.629688,77.244525,7.34,7.34,0,delivered,Delhi NCR,Noida Sector 18
DE000343,delivery_tracking,O00066,D032,2026-08-01 21:14:20,28.949914,77.663509,10.27,0.0,17,picked_up,Meerut,Rohini
DE000344,delivery_tracking,O00066,D032,2026-08-01 21:18:35,28.949177,77.685045,10.27,2.57,12,out_for_delivery,Meerut,Rohini
DE000345,delivery_tracking,O00066,D032,2026-08-01 21:22:50,28.966475,77.680027,10.27,5.13,8,out_for_delivery,Meerut,Rohini
DE000346,delivery_tracking,O00066,D032,2026-08-01 21:27:05,28.967297,77.677328,10.27,7.7,4,out_for_delivery,Meerut,Rohini
DE000347,delivery_tracking,O00066,D032,2026-08-01 21:31:20,28.971098,77.681126,10.27,10.27,0,delivered,Meerut,Rohini
DE000348,delivery_tracking,O00067,D014,2026-08-04 19:08:44,29.021757,77.642799,2.19,0.0,9,picked_up,Meerut,Saket
DE000349,delivery_tracking,O00067,D014,2026-08-04 19:10:59,29.01631,77.646486,2.19,0.55,6,out_for_delivery,Meerut,Saket
DE000350,delivery_tracking,O00067,D014,2026-08-04 19:13:14,29.017365,77.649937,2.19,1.09,4,out_for_delivery,Meerut,Saket
DE000351,delivery_tracking,O00067,D014,2026-08-04 19:15:29,29.017153,77.646015,2.19,1.64,2,out_for_delivery,Meerut,Saket
DE000352,delivery_tracking,O00067,D014,2026-08-04 19:17:44,29.032943,77.650911,2.19,2.19,0,delivered,Meerut,Saket
DE000353,delivery_tracking,O00068,D090,2026-08-14 11:45:59,28.976792,77.652622,1.55,0.0,20,picked_up,Meerut,Ganga Nagar
DE000354,delivery_tracking,O00068,D090,2026-08-14 11:49:59,28.974135,77.671024,1.55,0.31,16,out_for_delivery,Meerut,Ganga Nagar
DE000355,delivery_tracking,O00068,D090,2026-08-14 11:53:59,28.97949,77.670327,1.55,0.62,12,out_for_delivery,Meerut,Ganga Nagar
DE000356,delivery_tracking,O00068,D090,2026-08-14 11:57:59,28.974052,77.67773,1.55,0.93,8,out_for_delivery,Meerut,Ganga Nagar
DE000357,delivery_tracking,O00068,D090,2026-08-14 12:01:59,28.98066,77.672842,1.55,1.24,4,out_for_delivery,Meerut,Ganga Nagar
DE000358,delivery_tracking,O00068,D090,2026-08-14 12:05:59,28.975054,77.664841,1.55,1.55,0,delivered,Meerut,Ganga Nagar
DE000359,delivery_tracking,O00069,D069,2026-08-09 11:45:13,28.972574,77.623156,3.69,0.0,8,picked_up,Meerut,Saket
DE000360,delivery_tracking,O00069,D069,2026-08-09 11:47:53,28.980432,77.618734,3.69,1.23,5,out_for_delivery,Meerut,Saket
DE000361,delivery_tracking,O00069,D069,2026-08-09 11:50:33,28.976539,77.620322,3.69,2.46,2,out_for_delivery,Meerut,Saket
DE000362,delivery_tracking,O00069,D069,2026-08-09 11:53:13,28.971893,77.621473,3.69,3.69,0,delivered,Meerut,Saket
DE000363,delivery_tracking,O00070,D043,2026-08-06 13:07:41,28.971365,77.638722,8.65,0.0,18,picked_up,Meerut,Gurugram Cyber City
DE000364,delivery_tracking,O00070,D043,2026-08-06 13:11:17,28.961456,77.654062,8.65,1.73,14,out_for_delivery,Meerut,Gurugram Cyber City
DE000365,delivery_tracking,O00070,D043,2026-08-06 13:14:53,28.972436,77.654166,8.65,3.46,10,out_for_delivery,Meerut,Gurugram Cyber City
DE000366,delivery_tracking,O00070,D043,2026-08-06 13:18:29,28.966725,77.651539,8.65,5.19,7,out_for_delivery,Meerut,Gurugram Cyber City
DE000367,delivery_tracking,O00070,D043,2026-08-06 13:22:05,28.977783,77.65398,8.65,6.92,3,out_for_delivery,Meerut,Gurugram Cyber City
DE000368,delivery_tracking,O00070,D043,2026-08-06 13:25:41,28.976791,77.659256,8.65,8.65,0,delivered,Meerut,Gurugram Cyber City
DE000369,delivery_tracking,O00071,D063,2026-08-09 11:34:41,28.681709,77.206784,11.28,0.0,6,picked_up,Delhi NCR,Noida Sector 18
DE000370,delivery_tracking,O00071,D063,2026-08-09 11:35:41,28.669558,77.210241,11.28,1.88,5,out_for_delivery,Delhi NCR,Noida Sector 18
DE000371,delivery_tracking,O00071,D063,2026-08-09 11:36:41,28.689205,77.218322,11.28,3.76,4,out_for_delivery,Delhi NCR,Noida Sector 18
DE000372,delivery_tracking,O00071,D063,2026-08-09 11:37:41,28.686903,77.213001,11.28,5.64,3,out_for_delivery,Delhi NCR,Noida Sector 18
DE000373,delivery_tracking,O00071,D063,2026-08-09 11:38:41,28.684175,77.230357,11.28,7.52,2,out_for_delivery,Delhi NCR,Noida Sector 18
DE000374,delivery_tracking,O00071,D063,2026-08-09 11:39:41,28.690617,77.232172,11.28,9.4,1,out_for_delivery,Delhi NCR,Noida Sector 18
DE000375,delivery_tracking,O00071,D063,2026-08-09 11:40:41,28.684003,77.227551,11.28,11.28,0,delivered,Delhi NCR,Noida Sector 18
DE000376,delivery_tracking,O00072,D047,2026-08-09 10:59:15,29.036202,77.649682,11.92,0.0,15,picked_up,Meerut,Gurugram Cyber City
DE000377,delivery_tracking,O00072,D047,2026-08-09 11:01:45,29.035148,77.656009,11.92,1.99,12,out_for_delivery,Meerut,Gurugram Cyber City
DE000378,delivery_tracking,O00072,D047,2026-08-09 11:04:15,29.027706,77.658554,11.92,3.97,10,out_for_delivery,Meerut,Gurugram Cyber City
DE000379,delivery_tracking,O00072,D047,2026-08-09 11:06:45,29.038291,77.666731,11.92,5.96,7,out_for_delivery,Meerut,Gurugram Cyber City
DE000380,delivery_tracking,O00072,D047,2026-08-09 11:09:15,29.043248,77.666635,11.92,7.95,5,out_for_delivery,Meerut,Gurugram Cyber City
DE000381,delivery_tracking,O00072,D047,2026-08-09 11:11:45,29.048277,77.679005,11.92,9.93,2,out_for_delivery,Meerut,Gurugram Cyber City
DE000382,delivery_tracking,O00072,D047,2026-08-09 11:14:15,29.033217,77.676844,11.92,11.92,0,delivered,Meerut,Gurugram Cyber City
DE000383,delivery_tracking,O00073,D095,2026-08-05 19:53:36,28.731287,77.137504,7.04,0.0,13,picked_up,Delhi NCR,Noida Sector 18
DE000384,delivery_tracking,O00073,D095,2026-08-05 19:55:46,28.733685,77.14867,7.04,1.17,10,out_for_delivery,Delhi NCR,Noida Sector 18
DE000385,delivery_tracking,O00073,D095,2026-08-05 19:57:56,28.723144,77.152663,7.04,2.35,8,out_for_delivery,Delhi NCR,Noida Sector 18
DE000386,delivery_tracking,O00073,D095,2026-08-05 20:00:06,28.72666,77.147877,7.04,3.52,6,out_for_delivery,Delhi NCR,Noida Sector 18
DE000387,delivery_tracking,O00073,D095,2026-08-05 20:02:16,28.726691,77.159413,7.04,4.69,4,out_for_delivery,Delhi NCR,Noida Sector 18
DE000388,delivery_tracking,O00073,D095,2026-08-05 20:04:26,28.742383,77.163095,7.04,5.87,2,out_for_delivery,Delhi NCR,Noida Sector 18
DE000389,delivery_tracking,O00073,D095,2026-08-05 20:06:36,28.736836,77.158977,7.04,7.04,0,delivered,Delhi NCR,Noida Sector 18
DE000390,delivery_tracking,O00074,D087,2026-08-08 17:39:37,29.00423,77.604806,8.31,0.0,8,picked_up,Meerut,Rohini
DE000391,delivery_tracking,O00074,D087,2026-08-08 17:41:13,28.996891,77.616858,8.31,1.66,6,out_for_delivery,Meerut,Rohini
DE000392,delivery_tracking,O00074,D087,2026-08-08 17:42:49,29.004534,77.618043,8.31,3.32,4,out_for_delivery,Meerut,Rohini
DE000393,delivery_tracking,O00074,D087,2026-08-08 17:44:25,29.009341,77.619899,8.31,4.99,3,out_for_delivery,Meerut,Rohini
DE000394,delivery_tracking,O00074,D087,2026-08-08 17:46:01,29.016727,77.610805,8.31,6.65,1,out_for_delivery,Meerut,Rohini
DE000395,delivery_tracking,O00074,D087,2026-08-08 17:47:37,29.012912,77.618901,8.31,8.31,0,delivered,Meerut,Rohini
DE000396,delivery_tracking,O00075,D029,2026-08-14 17:06:09,28.582973,77.055423,1.98,0.0,22,picked_up,Delhi NCR,Shastri Nagar
DE000397,delivery_tracking,O00075,D029,2026-08-14 17:09:49,28.572491,77.063845,1.98,0.33,18,out_for_delivery,Delhi NCR,Shastri Nagar
DE000398,delivery_tracking,O00075,D029,2026-08-14 17:13:29,28.583439,77.065868,1.98,0.66,14,out_for_delivery,Delhi NCR,Shastri Nagar
DE000399,delivery_tracking,O00075,D029,2026-08-14 17:17:09,28.584571,77.06586,1.98,0.99,11,out_for_delivery,Delhi NCR,Shastri Nagar
DE000400,delivery_tracking,O00075,D029,2026-08-14 17:20:49,28.578306,77.0665,1.98,1.32,7,out_for_delivery,Delhi NCR,Shastri Nagar
DE000401,delivery_tracking,O00075,D029,2026-08-14 17:24:29,28.596982,77.066598,1.98,1.65,3,out_for_delivery,Delhi NCR,Shastri Nagar
DE000402,delivery_tracking,O00075,D029,2026-08-14 17:28:09,28.581467,77.077067,1.98,1.98,0,delivered,Delhi NCR,Shastri Nagar
DE000403,delivery_tracking,O00076,D056,2026-08-09 16:47:55,28.983837,77.626136,2.3,0.0,22,picked_up,Meerut,Gurugram Cyber City
DE000404,delivery_tracking,O00076,D056,2026-08-09 16:55:15,28.991344,77.617381,2.3,0.77,14,out_for_delivery,Meerut,Gurugram Cyber City
DE000405,delivery_tracking,O00076,D056,2026-08-09 17:02:35,29.002354,77.634389,2.3,1.53,7,out_for_delivery,Meerut,Gurugram Cyber City
DE000406,delivery_tracking,O00076,D056,2026-08-09 17:09:55,29.004731,77.625958,2.3,2.3,0,delivered,Meerut,Gurugram Cyber City
DE000407,delivery_tracking,O00077,D084,2026-08-04 22:14:20,29.027608,77.637472,7.58,0.0,18,picked_up,Meerut,Rohini
DE000408,delivery_tracking,O00077,D084,2026-08-04 22:18:50,29.032743,77.632951,7.58,1.9,13,out_for_delivery,Meerut,Rohini
DE000409,delivery_tracking,O00077,D084,2026-08-04 22:23:20,29.037942,77.634372,7.58,3.79,9,out_for_delivery,Meerut,Rohini
DE000410,delivery_tracking,O00077,D084,2026-08-04 22:27:50,29.036727,77.639933,7.58,5.69,4,out_for_delivery,Meerut,Rohini
DE000411,delivery_tracking,O00077,D084,2026-08-04 22:32:20,29.048454,77.651512,7.58,7.58,0,delivered,Meerut,Rohini
DE000412,delivery_tracking,O00078,D096,2026-08-04 18:18:44,28.550491,77.070223,3.02,0.0,14,picked_up,Delhi NCR,Shastri Nagar
DE000413,delivery_tracking,O00078,D096,2026-08-04 18:22:14,28.546571,77.06723,3.02,0.76,10,out_for_delivery,Delhi NCR,Shastri Nagar
DE000414,delivery_tracking,O00078,D096,2026-08-04 18:25:44,28.555975,77.077898,3.02,1.51,7,out_for_delivery,Delhi NCR,Shastri Nagar
DE000415,delivery_tracking,O00078,D096,2026-08-04 18:29:14,28.566798,77.088081,3.02,2.27,3,out_for_delivery,Delhi NCR,Shastri Nagar
DE000416,delivery_tracking,O00078,D096,2026-08-04 18:32:44,28.564071,77.086341,3.02,3.02,0,delivered,Delhi NCR,Shastri Nagar
DE000417,delivery_tracking,O00079,D077,2026-08-01 13:11:31,28.589588,77.045576,3.12,0.0,16,picked_up,Delhi NCR,Ganga Nagar
DE000418,delivery_tracking,O00079,D077,2026-08-01 13:15:31,28.59959,77.057201,3.12,0.78,12,out_for_delivery,Delhi NCR,Ganga Nagar
DE000419,delivery_tracking,O00079,D077,2026-08-01 13:19:31,28.60346,77.051564,3.12,1.56,8,out_for_delivery,Delhi NCR,Ganga Nagar
DE000420,delivery_tracking,O00079,D077,2026-08-01 13:23:31,28.599409,77.06538,3.12,2.34,4,out_for_delivery,Delhi NCR,Ganga Nagar
DE000421,delivery_tracking,O00079,D077,2026-08-01 13:27:31,28.621235,77.066049,3.12,3.12,0,delivered,Delhi NCR,Ganga Nagar
DE000422,delivery_tracking,O00080,D045,2026-08-14 14:32:38,28.98472,77.615624,7.51,0.0,13,picked_up,Meerut,Noida Sector 18
DE000423,delivery_tracking,O00080,D045,2026-08-14 14:35:14,28.981695,77.616245,7.51,1.5,10,out_for_delivery,Meerut,Noida Sector 18
DE000424,delivery_tracking,O00080,D045,2026-08-14 14:37:50,28.992518,77.616624,7.51,3.0,7,out_for_delivery,Meerut,Noida Sector 18
DE000425,delivery_tracking,O00080,D045,2026-08-14 14:40:26,28.991597,77.62351,7.51,4.51,5,out_for_delivery,Meerut,Noida Sector 18
DE000426,delivery_tracking,O00080,D045,2026-08-14 14:43:02,28.998422,77.620538,7.51,6.01,2,out_for_delivery,Meerut,Noida Sector 18
DE000427,delivery_tracking,O00080,D045,2026-08-14 14:45:38,28.991412,77.626097,7.51,7.51,0,delivered,Meerut,Noida Sector 18
DE000428,delivery_tracking,O00081,D015,2026-08-05 11:49:40,28.964504,77.640542,9.12,0.0,12,picked_up,Meerut,Connaught Place
DE000429,delivery_tracking,O00081,D015,2026-08-05 11:52:04,28.975514,77.631985,9.12,1.82,9,out_for_delivery,Meerut,Connaught Place
DE000430,delivery_tracking,O00081,D015,2026-08-05 11:54:28,28.986869,77.633296,9.12,3.65,7,out_for_delivery,Meerut,Connaught Place
DE000431,delivery_tracking,O00081,D015,2026-08-05 11:56:52,28.990926,77.644577,9.12,5.47,4,out_for_delivery,Meerut,Connaught Place
DE000432,delivery_tracking,O00081,D015,2026-08-05 11:59:16,28.993182,77.643894,9.12,7.3,2,out_for_delivery,Meerut,Connaught Place
DE000433,delivery_tracking,O00081,D015,2026-08-05 12:01:40,28.981976,77.651623,9.12,9.12,0,delivered,Meerut,Connaught Place
DE000434,delivery_tracking,O00082,D027,2026-08-04 14:11:15,28.990742,77.599689,8.14,0.0,21,picked_up,Meerut,Dwarka
DE000435,delivery_tracking,O00082,D027,2026-08-04 14:14:45,29.00378,77.613501,8.14,1.36,17,out_for_delivery,Meerut,Dwarka
DE000436,delivery_tracking,O00082,D027,2026-08-04 14:18:15,28.999808,77.603876,8.14,2.71,14,out_for_delivery,Meerut,Dwarka
DE000437,delivery_tracking,O00082,D027,2026-08-04 14:21:45,28.994475,77.616166,8.14,4.07,10,out_for_delivery,Meerut,Dwarka
DE000438,delivery_tracking,O00082,D027,2026-08-04 14:25:15,29.003541,77.611339,8.14,5.43,7,out_for_delivery,Meerut,Dwarka
DE000439,delivery_tracking,O00082,D027,2026-08-04 14:28:45,29.010821,77.608446,8.14,6.78,3,out_for_delivery,Meerut,Dwarka
DE000440,delivery_tracking,O00082,D027,2026-08-04 14:32:15,29.008833,77.616845,8.14,8.14,0,delivered,Meerut,Dwarka
DE000441,delivery_tracking,O00083,D065,2026-08-06 17:13:43,28.969778,77.644279,3.58,0.0,14,picked_up,Meerut,Ganga Nagar
DE000442,delivery_tracking,O00083,D065,2026-08-06 17:16:31,28.974423,77.661193,3.58,0.72,11,out_for_delivery,Meerut,Ganga Nagar
DE000443,delivery_tracking,O00083,D065,2026-08-06 17:19:19,28.978897,77.648701,3.58,1.43,8,out_for_delivery,Meerut,Ganga Nagar
DE000444,delivery_tracking,O00083,D065,2026-08-06 17:22:07,28.983514,77.656404,3.58,2.15,5,out_for_delivery,Meerut,Ganga Nagar
DE000445,delivery_tracking,O00083,D065,2026-08-06 17:24:55,28.993079,77.658324,3.58,2.86,2,out_for_delivery,Meerut,Ganga Nagar
DE000446,delivery_tracking,O00083,D065,2026-08-06 17:27:43,28.989047,77.663037,3.58,3.58,0,delivered,Meerut,Ganga Nagar
DE000447,delivery_tracking,O00084,D074,2026-08-11 14:05:06,28.754819,77.215879,3.2,0.0,11,picked_up,Delhi NCR,Ganga Nagar
DE000448,delivery_tracking,O00084,D074,2026-08-11 14:07:18,28.753355,77.224235,3.2,0.64,8,out_for_delivery,Delhi NCR,Ganga Nagar
DE000449,delivery_tracking,O00084,D074,2026-08-11 14:09:30,28.75308,77.229689,3.2,1.28,6,out_for_delivery,Delhi NCR,Ganga Nagar
DE000450,delivery_tracking,O00084,D074,2026-08-11 14:11:42,28.749313,77.235154,3.2,1.92,4,out_for_delivery,Delhi NCR,Ganga Nagar
DE000451,delivery_tracking,O00084,D074,2026-08-11 14:13:54,28.760643,77.234475,3.2,2.56,2,out_for_delivery,Delhi NCR,Ganga Nagar
DE000452,delivery_tracking,O00084,D074,2026-08-11 14:16:06,28.763109,77.231571,3.2,3.2,0,delivered,Delhi NCR,Ganga Nagar
DE000453,delivery_tracking,O00085,D072,2026-08-09 14:56:01,28.64512,77.193036,5.21,0.0,10,picked_up,Delhi NCR,Dwarka
DE000454,delivery_tracking,O00085,D072,2026-08-09 14:59:21,28.655133,77.195202,5.21,1.74,6,out_for_delivery,Delhi NCR,Dwarka
DE000455,delivery_tracking,O00085,D072,2026-08-09 15:02:41,28.65085,77.21346,5.21,3.47,3,out_for_delivery,Delhi NCR,Dwarka
DE000456,delivery_tracking,O00085,D072,2026-08-09 15:06:01,28.659247,77.214931,5.21,5.21,0,delivered,Delhi NCR,Dwarka
DE000457,delivery_tracking,O00086,D010,2026-08-02 12:44:14,28.967941,77.671577,7.09,0.0,18,picked_up,Meerut,Shastri Nagar
DE000458,delivery_tracking,O00086,D010,2026-08-02 12:48:44,28.975944,77.676101,7.09,1.77,13,out_for_delivery,Meerut,Shastri Nagar
DE000459,delivery_tracking,O00086,D010,2026-08-02 12:53:14,28.962487,77.669175,7.09,3.54,9,out_for_delivery,Meerut,Shastri Nagar
DE000460,delivery_tracking,O00086,D010,2026-08-02 12:57:44,28.966696,77.670863,7.09,5.32,4,out_for_delivery,Meerut,Shastri Nagar
DE000461,delivery_tracking,O00086,D010,2026-08-02 13:02:14,28.985959,77.684306,7.09,7.09,0,delivered,Meerut,Shastri Nagar
DE000462,delivery_tracking,O00087,D068,2026-08-13 11:26:16,28.959571,77.652428,2.68,0.0,16,picked_up,Meerut,Dwarka
DE000463,delivery_tracking,O00087,D068,2026-08-13 11:29:28,28.962704,77.664781,2.68,0.54,12,out_for_delivery,Meerut,Dwarka
DE000464,delivery_tracking,O00087,D068,2026-08-13 11:32:40,28.959257,77.651786,2.68,1.07,9,out_for_delivery,Meerut,Dwarka
DE000465,delivery_tracking,O00087,D068,2026-08-13 11:35:52,28.970255,77.66287,2.68,1.61,6,out_for_delivery,Meerut,Dwarka
DE000466,delivery_tracking,O00087,D068,2026-08-13 11:39:04,28.966102,77.664215,2.68,2.14,3,out_for_delivery,Meerut,Dwarka
DE000467,delivery_tracking,O00087,D068,2026-08-13 11:42:16,28.972264,77.67563,2.68,2.68,0,delivered,Meerut,Dwarka
DE000468,delivery_tracking,O00088,D082,2026-08-11 18:41:58,28.988743,77.660047,2.96,0.0,14,picked_up,Meerut,Saket
DE000469,delivery_tracking,O00088,D082,2026-08-11 18:45:28,28.985782,77.672855,2.96,0.74,10,out_for_delivery,Meerut,Saket
DE000470,delivery_tracking,O00088,D082,2026-08-11 18:48:58,29.008304,77.667705,2.96,1.48,7,out_for_delivery,Meerut,Saket
DE000471,delivery_tracking,O00088,D082,2026-08-11 18:52:28,28.993298,77.670522,2.96,2.22,3,out_for_delivery,Meerut,Saket
DE000472,delivery_tracking,O00088,D082,2026-08-11 18:55:58,29.002724,77.670288,2.96,2.96,0,delivered,Meerut,Saket
DE000473,delivery_tracking,O00089,D048,2026-08-04 17:24:35,28.987022,77.668855,2.1,0.0,11,picked_up,Meerut,Noida Sector 18
DE000474,delivery_tracking,O00089,D048,2026-08-04 17:26:47,29.000505,77.665255,2.1,0.42,8,out_for_delivery,Meerut,Noida Sector 18
DE000475,delivery_tracking,O00089,D048,2026-08-04 17:28:59,29.004398,77.663645,2.1,0.84,6,out_for_delivery,Meerut,Noida Sector 18
DE000476,delivery_tracking,O00089,D048,2026-08-04 17:31:11,28.996121,77.675735,2.1,1.26,4,out_for_delivery,Meerut,Noida Sector 18
DE000477,delivery_tracking,O00089,D048,2026-08-04 17:33:23,29.005683,77.671439,2.1,1.68,2,out_for_delivery,Meerut,Noida Sector 18
DE000478,delivery_tracking,O00089,D048,2026-08-04 17:35:35,29.008784,77.672753,2.1,2.1,0,delivered,Meerut,Noida Sector 18
DE000479,delivery_tracking,O00090,D007,2026-08-09 10:23:06,28.706419,77.155508,3.65,0.0,11,picked_up,Delhi NCR,Gurugram Cyber City
DE000480,delivery_tracking,O00090,D007,2026-08-09 10:25:18,28.70675,77.15955,3.65,0.73,8,out_for_delivery,Delhi NCR,Gurugram Cyber City
DE000481,delivery_tracking,O00090,D007,2026-08-09 10:27:30,28.722178,77.1468,3.65,1.46,6,out_for_delivery,Delhi NCR,Gurugram Cyber City
DE000482,delivery_tracking,O00090,D007,2026-08-09 10:29:42,28.721658,77.150107,3.65,2.19,4,out_for_delivery,Delhi NCR,Gurugram Cyber City
DE000483,delivery_tracking,O00090,D007,2026-08-09 10:31:54,28.718548,77.155523,3.65,2.92,2,out_for_delivery,Delhi NCR,Gurugram Cyber City
DE000484,delivery_tracking,O00090,D007,2026-08-09 10:34:06,28.728976,77.171024,3.65,3.65,0,delivered,Delhi NCR,Gurugram Cyber City
DE000485,delivery_tracking,O00091,D016,2026-08-13 21:31:24,28.974302,77.681462,8.73,0.0,13,picked_up,Meerut,Ganga Nagar
DE000486,delivery_tracking,O00091,D016,2026-08-13 21:34:00,28.989024,77.680889,8.73,1.75,10,out_for_delivery,Meerut,Ganga Nagar
DE000487,delivery_tracking,O00091,D016,2026-08-13 21:36:36,28.979573,77.682522,8.73,3.49,7,out_for_delivery,Meerut,Ganga Nagar
DE000488,delivery_tracking,O00091,D016,2026-08-13 21:39:12,28.986106,77.683106,8.73,5.24,5,out_for_delivery,Meerut,Ganga Nagar
DE000489,delivery_tracking,O00091,D016,2026-08-13 21:41:48,28.984172,77.692231,8.73,6.98,2,out_for_delivery,Meerut,Ganga Nagar
DE000490,delivery_tracking,O00091,D016,2026-08-13 21:44:24,29.005595,77.686616,8.73,8.73,0,delivered,Meerut,Ganga Nagar
DE000491,delivery_tracking,O00092,D002,2026-08-03 15:08:07,28.998611,77.664815,9.91,0.0,11,picked_up,Meerut,Noida Sector 18
DE000492,delivery_tracking,O00092,D002,2026-08-03 15:10:19,28.995496,77.649071,9.91,1.98,8,out_for_delivery,Meerut,Noida Sector 18
DE000493,delivery_tracking,O00092,D002,2026-08-03 15:12:31,28.998885,77.664902,9.91,3.96,6,out_for_delivery,Meerut,Noida Sector 18
DE000494,delivery_tracking,O00092,D002,2026-08-03 15:14:43,29.004823,77.656392,9.91,5.95,4,out_for_delivery,Meerut,Noida Sector 18
DE000495,delivery_tracking,O00092,D002,2026-08-03 15:16:55,28.996647,77.676509,9.91,7.93,2,out_for_delivery,Meerut,Noida Sector 18
DE000496,delivery_tracking,O00092,D002,2026-08-03 15:19:07,29.010765,77.67501,9.91,9.91,0,delivered,Meerut,Noida Sector 18
DE000497,delivery_tracking,O00093,D094,2026-08-04 11:12:24,28.582832,77.12616,9.08,0.0,16,picked_up,Delhi NCR,Connaught Place
DE000498,delivery_tracking,O00093,D094,2026-08-04 11:15:04,28.598115,77.123123,9.08,1.51,13,out_for_delivery,Delhi NCR,Connaught Place
DE000499,delivery_tracking,O00093,D094,2026-08-04 11:17:44,28.583703,77.117633,9.08,3.03,10,out_for_delivery,Delhi NCR,Connaught Place
DE000500,delivery_tracking,O00093,D094,2026-08-04 11:20:24,28.590739,77.1223,9.08,4.54,8,out_for_delivery,Delhi NCR,Connaught Place
DE000501,delivery_tracking,O00093,D094,2026-08-04 11:23:04,28.594668,77.119547,9.08,6.05,5,out_for_delivery,Delhi NCR,Connaught Place
DE000502,delivery_tracking,O00093,D094,2026-08-04 11:25:44,28.602586,77.129614,9.08,7.57,2,out_for_delivery,Delhi NCR,Connaught Place
DE000503,delivery_tracking,O00093,D094,2026-08-04 11:28:24,28.596036,77.124907,9.08,9.08,0,delivered,Delhi NCR,Connaught Place
DE000504,delivery_tracking,O00094,D100,2026-08-10 13:51:46,28.60528,77.078007,4.4,0.0,15,picked_up,Delhi NCR,Connaught Place
DE000505,delivery_tracking,O00094,D100,2026-08-10 13:56:46,28.612978,77.064877,4.4,1.47,10,out_for_delivery,Delhi NCR,Connaught Place
DE000506,delivery_tracking,O00094,D100,2026-08-10 14:01:46,28.616546,77.073084,4.4,2.93,5,out_for_delivery,Delhi NCR,Connaught Place
DE000507,delivery_tracking,O00094,D100,2026-08-10 14:06:46,28.620041,77.087086,4.4,4.4,0,delivered,Delhi NCR,Connaught Place
DE000508,delivery_tracking,O00095,D063,2026-08-09 19:54:37,28.644772,77.186548,11.69,0.0,21,picked_up,Delhi NCR,Noida Sector 18
DE000509,delivery_tracking,O00095,D063,2026-08-09 19:58:49,28.644931,77.178165,11.69,2.34,16,out_for_delivery,Delhi NCR,Noida Sector 18
DE000510,delivery_tracking,O00095,D063,2026-08-09 20:03:01,28.653781,77.190256,11.69,4.68,12,out_for_delivery,Delhi NCR,Noida Sector 18
DE000511,delivery_tracking,O00095,D063,2026-08-09 20:07:13,28.647928,77.177596,11.69,7.01,8,out_for_delivery,Delhi NCR,Noida Sector 18
DE000512,delivery_tracking,O00095,D063,2026-08-09 20:11:25,28.64702,77.185861,11.69,9.35,4,out_for_delivery,Delhi NCR,Noida Sector 18
DE000513,delivery_tracking,O00095,D063,2026-08-09 20:15:37,28.667504,77.201995,11.69,11.69,0,delivered,Delhi NCR,Noida Sector 18
DE000514,delivery_tracking,O00096,D093,2026-08-04 18:45:12,28.688898,77.227564,5.24,0.0,23,picked_up,Delhi NCR,Connaught Place
DE000515,delivery_tracking,O00096,D093,2026-08-04 18:50:57,28.686892,77.233465,5.24,1.31,17,out_for_delivery,Delhi NCR,Connaught Place
DE000516,delivery_tracking,O00096,D093,2026-08-04 18:56:42,28.691226,77.236063,5.24,2.62,11,out_for_delivery,Delhi NCR,Connaught Place
DE000517,delivery_tracking,O00096,D093,2026-08-04 19:02:27,28.702969,77.245865,5.24,3.93,5,out_for_delivery,Delhi NCR,Connaught Place
DE000518,delivery_tracking,O00096,D093,2026-08-04 19:08:12,28.69905,77.251502,5.24,5.24,0,delivered,Delhi NCR,Connaught Place
DE000519,delivery_tracking,O00097,D053,2026-08-13 20:50:52,28.983683,77.658457,12.07,0.0,13,picked_up,Meerut,Noida Sector 18
DE000520,delivery_tracking,O00097,D053,2026-08-13 20:53:28,28.994635,77.657142,12.07,2.41,10,out_for_delivery,Meerut,Noida Sector 18
DE000521,delivery_tracking,O00097,D053,2026-08-13 20:56:04,28.983774,77.658543,12.07,4.83,7,out_for_delivery,Meerut,Noida Sector 18
DE000522,delivery_tracking,O00097,D053,2026-08-13 20:58:40,28.997882,77.657539,12.07,7.24,5,out_for_delivery,Meerut,Noida Sector 18
DE000523,delivery_tracking,O00097,D053,2026-08-13 21:01:16,29.000206,77.673899,12.07,9.66,2,out_for_delivery,Meerut,Noida Sector 18
DE000524,delivery_tracking,O00097,D053,2026-08-13 21:03:52,28.992286,77.674178,12.07,12.07,0,delivered,Meerut,Noida Sector 18
DE000525,delivery_tracking,O00098,D074,2026-08-03 11:23:29,28.739434,77.190311,2.24,0.0,12,picked_up,Delhi NCR,Ganga Nagar
DE000526,delivery_tracking,O00098,D074,2026-08-03 11:25:53,28.74309,77.203645,2.24,0.45,9,out_for_delivery,Delhi NCR,Ganga Nagar
DE000527,delivery_tracking,O00098,D074,2026-08-03 11:28:17,28.741101,77.211006,2.24,0.9,7,out_for_delivery,Delhi NCR,Ganga Nagar
DE000528,delivery_tracking,O00098,D074,2026-08-03 11:30:41,28.744481,77.201861,2.24,1.34,4,out_for_delivery,Delhi NCR,Ganga Nagar
DE000529,delivery_tracking,O00098,D074,2026-08-03 11:33:05,28.750192,77.210379,2.24,1.79,2,out_for_delivery,Delhi NCR,Ganga Nagar
DE000530,delivery_tracking,O00098,D074,2026-08-03 11:35:29,28.740146,77.202972,2.24,2.24,0,delivered,Delhi NCR,Ganga Nagar
DE000531,delivery_tracking,O00099,D045,2026-08-14 16:48:59,28.95503,77.643665,1.67,0.0,16,picked_up,Meerut,Noida Sector 18
DE000532,delivery_tracking,O00099,D045,2026-08-14 16:52:59,28.975664,77.653363,1.67,0.42,12,out_for_delivery,Meerut,Noida Sector 18
DE000533,delivery_tracking,O00099,D045,2026-08-14 16:56:59,28.974523,77.649197,1.67,0.83,8,out_for_delivery,Meerut,Noida Sector 18
DE000534,delivery_tracking,O00099,D045,2026-08-14 17:00:59,28.965018,77.650081,1.67,1.25,4,out_for_delivery,Meerut,Noida Sector 18
DE000535,delivery_tracking,O00099,D045,2026-08-14 17:04:59,28.982694,77.648152,1.67,1.67,0,delivered,Meerut,Noida Sector 18
DE000536,delivery_tracking,O00100,D061,2026-08-10 21:20:35,28.584066,77.168525,6.71,0.0,15,picked_up,Delhi NCR,Connaught Place
DE000537,delivery_tracking,O00100,D061,2026-08-10 21:24:20,28.591571,77.180644,6.71,1.68,11,out_for_delivery,Delhi NCR,Connaught Place
DE000538,delivery_tracking,O00100,D061,2026-08-10 21:28:05,28.59824,77.17295,6.71,3.35,7,out_for_delivery,Delhi NCR,Connaught Place
DE000539,delivery_tracking,O00100,D061,2026-08-10 21:31:50,28.598742,77.181755,6.71,5.03,3,out_for_delivery,Delhi NCR,Connaught Place
DE000540,delivery_tracking,O00100,D061,2026-08-10 21:35:35,28.59803,77.18509,6.71,6.71,0,delivered,Delhi NCR,Connaught Place
DE000541,delivery_tracking,O00101,D099,2026-08-05 12:44:39,28.966365,77.610766,9.76,0.0,11,picked_up,Meerut,Dwarka
DE000542,delivery_tracking,O00101,D099,2026-08-05 12:47:24,28.953014,77.611989,9.76,2.44,8,out_for_delivery,Meerut,Dwarka
DE000543,delivery_tracking,O00101,D099,2026-08-05 12:50:09,28.958715,77.610864,9.76,4.88,5,out_for_delivery,Meerut,Dwarka
DE000544,delivery_tracking,O00101,D099,2026-08-05 12:52:54,28.960695,77.609793,9.76,7.32,2,out_for_delivery,Meerut,Dwarka
DE000545,delivery_tracking,O00101,D099,2026-08-05 12:55:39,28.97475,77.613439,9.76,9.76,0,delivered,Meerut,Dwarka
DE000546,delivery_tracking,O00102,D034,2026-08-09 18:03:46,29.008817,77.611869,1.88,0.0,10,picked_up,Meerut,Saket
DE000547,delivery_tracking,O00102,D034,2026-08-09 18:05:26,29.005995,77.619629,1.88,0.31,8,out_for_delivery,Meerut,Saket
DE000548,delivery_tracking,O00102,D034,2026-08-09 18:07:06,29.017764,77.629905,1.88,0.63,6,out_for_delivery,Meerut,Saket
DE000549,delivery_tracking,O00102,D034,2026-08-09 18:08:46,29.020508,77.619584,1.88,0.94,5,out_for_delivery,Meerut,Saket
DE000550,delivery_tracking,O00102,D034,2026-08-09 18:10:26,29.02307,77.634691,1.88,1.25,3,out_for_delivery,Meerut,Saket
DE000551,delivery_tracking,O00102,D034,2026-08-09 18:12:06,29.012846,77.631817,1.88,1.57,1,out_for_delivery,Meerut,Saket
DE000552,delivery_tracking,O00102,D034,2026-08-09 18:13:46,29.030254,77.628695,1.88,1.88,0,delivered,Meerut,Saket
DE000553,delivery_tracking,O00104,D088,2026-08-06 16:06:19,28.969099,77.629072,11.93,0.0,12,picked_up,Meerut,Rohini
DE000554,delivery_tracking,O00104,D088,2026-08-06 16:09:19,28.990305,77.637427,11.93,2.98,9,out_for_delivery,Meerut,Rohini
DE000555,delivery_tracking,O00104,D088,2026-08-06 16:12:19,28.987353,77.633476,11.93,5.96,6,out_for_delivery,Meerut,Rohini
DE000556,delivery_tracking,O00104,D088,2026-08-06 16:15:19,28.9834,77.635733,11.93,8.95,3,out_for_delivery,Meerut,Rohini
DE000557,delivery_tracking,O00104,D088,2026-08-06 16:18:19,29.001754,77.654622,11.93,11.93,0,delivered,Meerut,Rohini
DE000558,delivery_tracking,O00105,D070,2026-08-03 14:03:08,28.969082,77.651378,11.74,0.0,16,picked_up,Meerut,Shastri Nagar
DE000559,delivery_tracking,O00105,D070,2026-08-03 14:08:28,28.97331,77.640177,11.74,3.91,10,out_for_delivery,Meerut,Shastri Nagar
DE000560,delivery_tracking,O00105,D070,2026-08-03 14:13:48,28.981773,77.664045,11.74,7.83,5,out_for_delivery,Meerut,Shastri Nagar
DE000561,delivery_tracking,O00105,D070,2026-08-03 14:19:08,28.999624,77.655654,11.74,11.74,0,delivered,Meerut,Shastri Nagar
DE000562,delivery_tracking,O00106,D020,2026-08-13 13:33:08,28.691869,77.1428,8.97,0.0,10,picked_up,Delhi NCR,Gurugram Cyber City
DE000563,delivery_tracking,O00106,D020,2026-08-13 13:34:48,28.697171,77.147649,8.97,1.5,8,out_for_delivery,Delhi NCR,Gurugram Cyber City
DE000564,delivery_tracking,O00106,D020,2026-08-13 13:36:28,28.685379,77.144186,8.97,2.99,6,out_for_delivery,Delhi NCR,Gurugram Cyber City
DE000565,delivery_tracking,O00106,D020,2026-08-13 13:38:08,28.685773,77.158111,8.97,4.49,5,out_for_delivery,Delhi NCR,Gurugram Cyber City
DE000566,delivery_tracking,O00106,D020,2026-08-13 13:39:48,28.687929,77.150718,8.97,5.98,3,out_for_delivery,Delhi NCR,Gurugram Cyber City
DE000567,delivery_tracking,O00106,D020,2026-08-13 13:41:28,28.698389,77.162668,8.97,7.48,1,out_for_delivery,Delhi NCR,Gurugram Cyber City
DE000568,delivery_tracking,O00106,D020,2026-08-13 13:43:08,28.712393,77.165476,8.97,8.97,0,delivered,Delhi NCR,Gurugram Cyber City
DE000569,delivery_tracking,O00107,D057,2026-08-14 19:52:44,28.669174,77.154078,8.11,0.0,15,picked_up,Delhi NCR,Dwarka
DE000570,delivery_tracking,O00107,D057,2026-08-14 19:57:44,28.680301,77.150894,8.11,2.7,10,out_for_delivery,Delhi NCR,Dwarka
DE000571,delivery_tracking,O00107,D057,2026-08-14 20:02:44,28.688678,77.16542,8.11,5.41,5,out_for_delivery,Delhi NCR,Dwarka
DE000572,delivery_tracking,O00107,D057,2026-08-14 20:07:44,28.681673,77.17475,8.11,8.11,0,delivered,Delhi NCR,Dwarka
DE000573,delivery_tracking,O00108,D067,2026-08-13 20:22:12,28.983166,77.611392,8.13,0.0,14,picked_up,Meerut,Dwarka
DE000574,delivery_tracking,O00108,D067,2026-08-13 20:24:32,28.987453,77.615588,8.13,1.35,11,out_for_delivery,Meerut,Dwarka
DE000575,delivery_tracking,O00108,D067,2026-08-13 20:26:52,29.004244,77.617307,8.13,2.71,9,out_for_delivery,Meerut,Dwarka
DE000576,delivery_tracking,O00108,D067,2026-08-13 20:29:12,28.996719,77.615348,8.13,4.07,7,out_for_delivery,Meerut,Dwarka
DE000577,delivery_tracking,O00108,D067,2026-08-13 20:31:32,28.991856,77.620453,8.13,5.42,4,out_for_delivery,Meerut,Dwarka
DE000578,delivery_tracking,O00108,D067,2026-08-13 20:33:52,29.01179,77.631795,8.13,6.78,2,out_for_delivery,Meerut,Dwarka
DE000579,delivery_tracking,O00108,D067,2026-08-13 20:36:12,29.014009,77.618183,8.13,8.13,0,delivered,Meerut,Dwarka
DE000580,delivery_tracking,O00109,D084,2026-08-12 13:06:46,28.981758,77.664651,11.93,0.0,21,picked_up,Meerut,Rohini
DE000581,delivery_tracking,O00109,D084,2026-08-12 13:10:58,28.97645,77.671837,11.93,2.39,16,out_for_delivery,Meerut,Rohini
DE000582,delivery_tracking,O00109,D084,2026-08-12 13:15:10,28.980026,77.671702,11.93,4.77,12,out_for_delivery,Meerut,Rohini
DE000583,delivery_tracking,O00109,D084,2026-08-12 13:19:22,28.98784,77.666651,11.93,7.16,8,out_for_delivery,Meerut,Rohini
DE000584,delivery_tracking,O00109,D084,2026-08-12 13:23:34,28.997821,77.672386,11.93,9.54,4,out_for_delivery,Meerut,Rohini
DE000585,delivery_tracking,O00109,D084,2026-08-12 13:27:46,28.997978,77.668812,11.93,11.93,0,delivered,Meerut,Rohini
DE000586,delivery_tracking,O00110,D001,2026-08-10 14:19:29,28.963996,77.64357,6.58,0.0,23,picked_up,Meerut,Noida Sector 18
DE000587,delivery_tracking,O00110,D001,2026-08-10 14:25:14,28.962675,77.658161,6.58,1.65,17,out_for_delivery,Meerut,Noida Sector 18
DE000588,delivery_tracking,O00110,D001,2026-08-10 14:30:59,28.958005,77.649205,6.58,3.29,11,out_for_delivery,Meerut,Noida Sector 18
DE000589,delivery_tracking,O00110,D001,2026-08-10 14:36:44,28.958704,77.656239,6.58,4.94,5,out_for_delivery,Meerut,Noida Sector 18
DE000590,delivery_tracking,O00110,D001,2026-08-10 14:42:29,28.96426,77.653657,6.58,6.58,0,delivered,Meerut,Noida Sector 18
DE000591,delivery_tracking,O00111,D043,2026-08-02 10:38:26,28.950239,77.65906,9.67,0.0,13,picked_up,Meerut,Gurugram Cyber City
DE000592,delivery_tracking,O00111,D043,2026-08-02 10:41:02,28.947221,77.663027,9.67,1.93,10,out_for_delivery,Meerut,Gurugram Cyber City
DE000593,delivery_tracking,O00111,D043,2026-08-02 10:43:38,28.959877,77.663338,9.67,3.87,7,out_for_delivery,Meerut,Gurugram Cyber City
DE000594,delivery_tracking,O00111,D043,2026-08-02 10:46:14,28.954558,77.674373,9.67,5.8,5,out_for_delivery,Meerut,Gurugram Cyber City
DE000595,delivery_tracking,O00111,D043,2026-08-02 10:48:50,28.960356,77.674022,9.67,7.74,2,out_for_delivery,Meerut,Gurugram Cyber City
DE000596,delivery_tracking,O00111,D043,2026-08-02 10:51:26,28.96836,77.680398,9.67,9.67,0,delivered,Meerut,Gurugram Cyber City
DE000597,delivery_tracking,O00112,D014,2026-08-10 22:03:33,28.994861,77.635175,5.2,0.0,22,picked_up,Meerut,Saket
DE000598,delivery_tracking,O00112,D014,2026-08-10 22:07:13,28.999699,77.648248,5.2,0.87,18,out_for_delivery,Meerut,Saket
DE000599,delivery_tracking,O00112,D014,2026-08-10 22:10:53,29.009596,77.636608,5.2,1.73,14,out_for_delivery,Meerut,Saket
DE000600,delivery_tracking,O00112,D014,2026-08-10 22:14:33,28.99299,77.651586,5.2,2.6,11,out_for_delivery,Meerut,Saket
DE000601,delivery_tracking,O00112,D014,2026-08-10 22:18:13,28.997369,77.658538,5.2,3.47,7,out_for_delivery,Meerut,Saket
DE000602,delivery_tracking,O00112,D014,2026-08-10 22:21:53,29.013502,77.664056,5.2,4.33,3,out_for_delivery,Meerut,Saket
DE000603,delivery_tracking,O00112,D014,2026-08-10 22:25:33,29.008292,77.653252,5.2,5.2,0,delivered,Meerut,Saket
DE000604,delivery_tracking,O00113,D002,2026-08-11 14:03:18,28.989394,77.683486,4.97,0.0,15,picked_up,Meerut,Noida Sector 18
DE000605,delivery_tracking,O00113,D002,2026-08-11 14:07:03,29.007709,77.680141,4.97,1.24,11,out_for_delivery,Meerut,Noida Sector 18
DE000606,delivery_tracking,O00113,D002,2026-08-11 14:10:48,29.002504,77.67502,4.97,2.48,7,out_for_delivery,Meerut,Noida Sector 18
DE000607,delivery_tracking,O00113,D002,2026-08-11 14:14:33,28.999479,77.681167,4.97,3.73,3,out_for_delivery,Meerut,Noida Sector 18
DE000608,delivery_tracking,O00113,D002,2026-08-11 14:18:18,29.009726,77.699114,4.97,4.97,0,delivered,Meerut,Noida Sector 18
DE000609,delivery_tracking,O00114,D060,2026-08-13 17:28:47,29.005287,77.664028,3.55,0.0,12,picked_up,Meerut,Connaught Place
DE000610,delivery_tracking,O00114,D060,2026-08-13 17:31:11,29.023778,77.670825,3.55,0.71,9,out_for_delivery,Meerut,Connaught Place
DE000611,delivery_tracking,O00114,D060,2026-08-13 17:33:35,29.017468,77.677728,3.55,1.42,7,out_for_delivery,Meerut,Connaught Place
DE000612,delivery_tracking,O00114,D060,2026-08-13 17:35:59,29.016282,77.682156,3.55,2.13,4,out_for_delivery,Meerut,Connaught Place
DE000613,delivery_tracking,O00114,D060,2026-08-13 17:38:23,29.01971,77.675379,3.55,2.84,2,out_for_delivery,Meerut,Connaught Place
DE000614,delivery_tracking,O00114,D060,2026-08-13 17:40:47,29.03461,77.682208,3.55,3.55,0,delivered,Meerut,Connaught Place
DE000615,delivery_tracking,O00115,D091,2026-08-01 14:47:05,29.012343,77.679049,2.47,0.0,10,picked_up,Meerut,Noida Sector 18
DE000616,delivery_tracking,O00115,D091,2026-08-01 14:48:45,29.022822,77.66865,2.47,0.41,8,out_for_delivery,Meerut,Noida Sector 18
DE000617,delivery_tracking,O00115,D091,2026-08-01 14:50:25,29.014026,77.677738,2.47,0.82,6,out_for_delivery,Meerut,Noida Sector 18
DE000618,delivery_tracking,O00115,D091,2026-08-01 14:52:05,29.027201,77.676775,2.47,1.24,5,out_for_delivery,Meerut,Noida Sector 18
DE000619,delivery_tracking,O00115,D091,2026-08-01 14:53:45,29.01877,77.688458,2.47,1.65,3,out_for_delivery,Meerut,Noida Sector 18
DE000620,delivery_tracking,O00115,D091,2026-08-01 14:55:25,29.016688,77.695214,2.47,2.06,1,out_for_delivery,Meerut,Noida Sector 18
DE000621,delivery_tracking,O00115,D091,2026-08-01 14:57:05,29.027546,77.697923,2.47,2.47,0,delivered,Meerut,Noida Sector 18
DE000622,delivery_tracking,O00116,D059,2026-08-07 22:16:33,29.012421,77.595995,2.37,0.0,11,picked_up,Meerut,Saket
DE000623,delivery_tracking,O00116,D059,2026-08-07 22:18:45,29.006655,77.60053,2.37,0.47,8,out_for_delivery,Meerut,Saket
DE000624,delivery_tracking,O00116,D059,2026-08-07 22:20:57,29.01629,77.613254,2.37,0.95,6,out_for_delivery,Meerut,Saket
DE000625,delivery_tracking,O00116,D059,2026-08-07 22:23:09,29.022067,77.606252,2.37,1.42,4,out_for_delivery,Meerut,Saket
DE000626,delivery_tracking,O00116,D059,2026-08-07 22:25:21,29.014794,77.606088,2.37,1.9,2,out_for_delivery,Meerut,Saket
DE000627,delivery_tracking,O00116,D059,2026-08-07 22:27:33,29.03381,77.617991,2.37,2.37,0,delivered,Meerut,Saket
DE000628,delivery_tracking,O00117,D070,2026-08-06 18:44:17,29.013339,77.602566,1.77,0.0,19,picked_up,Meerut,Shastri Nagar
DE000629,delivery_tracking,O00117,D070,2026-08-06 18:47:27,29.018343,77.608459,1.77,0.29,15,out_for_delivery,Meerut,Shastri Nagar
DE000630,delivery_tracking,O00117,D070,2026-08-06 18:50:37,29.029119,77.61576,1.77,0.59,12,out_for_delivery,Meerut,Shastri Nagar
DE000631,delivery_tracking,O00117,D070,2026-08-06 18:53:47,29.033751,77.613863,1.77,0.89,9,out_for_delivery,Meerut,Shastri Nagar
DE000632,delivery_tracking,O00117,D070,2026-08-06 18:56:57,29.028512,77.620385,1.77,1.18,6,out_for_delivery,Meerut,Shastri Nagar
DE000633,delivery_tracking,O00117,D070,2026-08-06 19:00:07,29.039021,77.619954,1.77,1.48,3,out_for_delivery,Meerut,Shastri Nagar
DE000634,delivery_tracking,O00117,D070,2026-08-06 19:03:17,29.037933,77.62851,1.77,1.77,0,delivered,Meerut,Shastri Nagar
DE000635,delivery_tracking,O00118,D060,2026-08-10 12:38:52,29.019498,77.624637,11.91,0.0,14,picked_up,Meerut,Connaught Place
DE000636,delivery_tracking,O00118,D060,2026-08-10 12:41:40,29.02796,77.62942,11.91,2.38,11,out_for_delivery,Meerut,Connaught Place
DE000637,delivery_tracking,O00118,D060,2026-08-10 12:44:28,29.035304,77.62571,11.91,4.76,8,out_for_delivery,Meerut,Connaught Place
DE000638,delivery_tracking,O00118,D060,2026-08-10 12:47:16,29.021261,77.629151,11.91,7.15,5,out_for_delivery,Meerut,Connaught Place
DE000639,delivery_tracking,O00118,D060,2026-08-10 12:50:04,29.030685,77.631869,11.91,9.53,2,out_for_delivery,Meerut,Connaught Place
DE000640,delivery_tracking,O00118,D060,2026-08-10 12:52:52,29.030072,77.641003,11.91,11.91,0,delivered,Meerut,Connaught Place
DE000641,delivery_tracking,O00119,D066,2026-08-02 17:19:45,28.959536,77.644868,3.9,0.0,19,picked_up,Meerut,Noida Sector 18
DE000642,delivery_tracking,O00119,D066,2026-08-02 17:26:05,28.969541,77.649276,3.9,1.3,12,out_for_delivery,Meerut,Noida Sector 18
DE000643,delivery_tracking,O00119,D066,2026-08-02 17:32:25,28.971429,77.654337,3.9,2.6,6,out_for_delivery,Meerut,Noida Sector 18
DE000644,delivery_tracking,O00119,D066,2026-08-02 17:38:45,28.978612,77.648313,3.9,3.9,0,delivered,Meerut,Noida Sector 18
DE000645,delivery_tracking,O00120,D010,2026-08-12 21:52:53,29.011674,77.664607,1.99,0.0,14,picked_up,Meerut,Shastri Nagar
DE000646,delivery_tracking,O00120,D010,2026-08-12 21:55:13,29.008855,77.65856,1.99,0.33,11,out_for_delivery,Meerut,Shastri Nagar
DE000647,delivery_tracking,O00120,D010,2026-08-12 21:57:33,29.012904,77.668323,1.99,0.66,9,out_for_delivery,Meerut,Shastri Nagar
DE000648,delivery_tracking,O00120,D010,2026-08-12 21:59:53,29.027725,77.675404,1.99,0.99,7,out_for_delivery,Meerut,Shastri Nagar
DE000649,delivery_tracking,O00120,D010,2026-08-12 22:02:13,29.030267,77.674925,1.99,1.33,4,out_for_delivery,Meerut,Shastri Nagar
DE000650,delivery_tracking,O00120,D010,2026-08-12 22:04:33,29.026685,77.670038,1.99,1.66,2,out_for_delivery,Meerut,Shastri Nagar
DE000651,delivery_tracking,O00120,D010,2026-08-12 22:06:53,29.032437,77.675651,1.99,1.99,0,delivered,Meerut,Shastri Nagar
DE000652,delivery_tracking,O00121,D039,2026-08-10 20:43:58,28.94501,77.673287,10.78,0.0,18,picked_up,Meerut,Saket
DE000653,delivery_tracking,O00121,D039,2026-08-10 20:49:58,28.969567,77.66928,10.78,3.59,12,out_for_delivery,Meerut,Saket
DE000654,delivery_tracking,O00121,D039,2026-08-10 20:55:58,28.960637,77.67271,10.78,7.19,6,out_for_delivery,Meerut,Saket
DE000655,delivery_tracking,O00121,D039,2026-08-10 21:01:58,28.968627,77.688889,10.78,10.78,0,delivered,Meerut,Saket
DE000656,delivery_tracking,O00122,D092,2026-08-07 16:49:27,28.952924,77.608626,4.46,0.0,12,picked_up,Meerut,Noida Sector 18
DE000657,delivery_tracking,O00122,D092,2026-08-07 16:53:27,28.968202,77.615428,4.46,1.49,8,out_for_delivery,Meerut,Noida Sector 18
DE000658,delivery_tracking,O00122,D092,2026-08-07 16:57:27,28.962759,77.603673,4.46,2.97,4,out_for_delivery,Meerut,Noida Sector 18
DE000659,delivery_tracking,O00122,D092,2026-08-07 17:01:27,28.981163,77.623131,4.46,4.46,0,delivered,Meerut,Noida Sector 18
DE000660,delivery_tracking,O00123,D080,2026-08-03 17:55:27,28.683095,77.094607,6.83,0.0,13,picked_up,Delhi NCR,Dwarka
DE000661,delivery_tracking,O00123,D080,2026-08-03 17:58:03,28.695091,77.104222,6.83,1.37,10,out_for_delivery,Delhi NCR,Dwarka
DE000662,delivery_tracking,O00123,D080,2026-08-03 18:00:39,28.700031,77.119085,6.83,2.73,7,out_for_delivery,Delhi NCR,Dwarka
DE000663,delivery_tracking,O00123,D080,2026-08-03 18:03:15,28.693027,77.117454,6.83,4.1,5,out_for_delivery,Delhi NCR,Dwarka
DE000664,delivery_tracking,O00123,D080,2026-08-03 18:05:51,28.704954,77.123037,6.83,5.46,2,out_for_delivery,Delhi NCR,Dwarka
DE000665,delivery_tracking,O00123,D080,2026-08-03 18:08:27,28.712438,77.114438,6.83,6.83,0,delivered,Delhi NCR,Dwarka
DE000666,delivery_tracking,O00124,D067,2026-08-10 11:34:30,29.004489,77.624388,6.99,0.0,18,picked_up,Meerut,Dwarka
DE000667,delivery_tracking,O00124,D067,2026-08-10 11:38:06,29.020162,77.64167,6.99,1.4,14,out_for_delivery,Meerut,Dwarka
DE000668,delivery_tracking,O00124,D067,2026-08-10 11:41:42,29.019245,77.640955,6.99,2.8,10,out_for_delivery,Meerut,Dwarka
DE000669,delivery_tracking,O00124,D067,2026-08-10 11:45:18,29.008934,77.642144,6.99,4.19,7,out_for_delivery,Meerut,Dwarka
DE000670,delivery_tracking,O00124,D067,2026-08-10 11:48:54,29.014087,77.636714,6.99,5.59,3,out_for_delivery,Meerut,Dwarka
DE000671,delivery_tracking,O00124,D067,2026-08-10 11:52:30,29.033512,77.654859,6.99,6.99,0,delivered,Meerut,Dwarka
DE000672,delivery_tracking,O00125,D037,2026-08-08 11:26:32,28.70395,77.177056,8.02,0.0,5,picked_up,Delhi NCR,Rohini
DE000673,delivery_tracking,O00125,D037,2026-08-08 11:27:32,28.704809,77.184529,8.02,1.6,4,out_for_delivery,Delhi NCR,Rohini
DE000674,delivery_tracking,O00125,D037,2026-08-08 11:28:32,28.709781,77.195071,8.02,3.21,3,out_for_delivery,Delhi NCR,Rohini
DE000675,delivery_tracking,O00125,D037,2026-08-08 11:29:32,28.70365,77.182519,8.02,4.81,2,out_for_delivery,Delhi NCR,Rohini
DE000676,delivery_tracking,O00125,D037,2026-08-08 11:30:32,28.702695,77.20251,8.02,6.42,1,out_for_delivery,Delhi NCR,Rohini
DE000677,delivery_tracking,O00125,D037,2026-08-08 11:31:32,28.705876,77.19675,8.02,8.02,0,delivered,Delhi NCR,Rohini
DE000678,delivery_tracking,O00127,D061,2026-08-12 18:34:24,28.664405,77.243923,5.52,0.0,15,picked_up,Delhi NCR,Connaught Place
DE000679,delivery_tracking,O00127,D061,2026-08-12 18:39:24,28.670174,77.24481,5.52,1.84,10,out_for_delivery,Delhi NCR,Connaught Place
DE000680,delivery_tracking,O00127,D061,2026-08-12 18:44:24,28.674412,77.258341,5.52,3.68,5,out_for_delivery,Delhi NCR,Connaught Place
DE000681,delivery_tracking,O00127,D061,2026-08-12 18:49:24,28.66775,77.251516,5.52,5.52,0,delivered,Delhi NCR,Connaught Place
DE000682,delivery_tracking,O00128,D084,2026-08-10 16:52:49,28.954667,77.604846,8.8,0.0,12,picked_up,Meerut,Rohini
DE000683,delivery_tracking,O00128,D084,2026-08-10 16:56:49,28.960462,77.607854,8.8,2.93,8,out_for_delivery,Meerut,Rohini
DE000684,delivery_tracking,O00128,D084,2026-08-10 17:00:49,28.951638,77.620204,8.8,5.87,4,out_for_delivery,Meerut,Rohini
DE000685,delivery_tracking,O00128,D084,2026-08-10 17:04:49,28.957095,77.624699,8.8,8.8,0,delivered,Meerut,Rohini
DE000686,delivery_tracking,O00129,D077,2026-08-11 12:12:07,28.742624,77.181601,4.06,0.0,7,picked_up,Delhi NCR,Ganga Nagar
DE000687,delivery_tracking,O00129,D077,2026-08-11 12:13:31,28.743588,77.186158,4.06,0.81,5,out_for_delivery,Delhi NCR,Ganga Nagar
DE000688,delivery_tracking,O00129,D077,2026-08-11 12:14:55,28.738383,77.189371,4.06,1.62,4,out_for_delivery,Delhi NCR,Ganga Nagar
DE000689,delivery_tracking,O00129,D077,2026-08-11 12:16:19,28.741782,77.178004,4.06,2.44,2,out_for_delivery,Delhi NCR,Ganga Nagar
DE000690,delivery_tracking,O00129,D077,2026-08-11 12:17:43,28.747008,77.199675,4.06,3.25,1,out_for_delivery,Delhi NCR,Ganga Nagar
DE000691,delivery_tracking,O00129,D077,2026-08-11 12:19:07,28.747401,77.199012,4.06,4.06,0,delivered,Delhi NCR,Ganga Nagar
DE000692,delivery_tracking,O00130,D009,2026-08-08 14:03:25,28.576202,77.054959,11.51,0.0,15,picked_up,Delhi NCR,Rohini
DE000693,delivery_tracking,O00130,D009,2026-08-08 14:06:25,28.573611,77.070641,11.51,2.3,12,out_for_delivery,Delhi NCR,Rohini
DE000694,delivery_tracking,O00130,D009,2026-08-08 14:09:25,28.566675,77.061341,11.51,4.6,9,out_for_delivery,Delhi NCR,Rohini
DE000695,delivery_tracking,O00130,D009,2026-08-08 14:12:25,28.577467,77.066616,11.51,6.91,6,out_for_delivery,Delhi NCR,Rohini
DE000696,delivery_tracking,O00130,D009,2026-08-08 14:15:25,28.579254,77.074411,11.51,9.21,3,out_for_delivery,Delhi NCR,Rohini
DE000697,delivery_tracking,O00130,D009,2026-08-08 14:18:25,28.575731,77.083736,11.51,11.51,0,delivered,Delhi NCR,Rohini
DE000698,delivery_tracking,O00132,D008,2026-08-11 20:28:23,28.590813,77.186362,1.64,0.0,14,picked_up,Delhi NCR,Noida Sector 18
DE000699,delivery_tracking,O00132,D008,2026-08-11 20:33:03,28.584898,77.196832,1.64,0.55,9,out_for_delivery,Delhi NCR,Noida Sector 18
DE000700,delivery_tracking,O00132,D008,2026-08-11 20:37:43,28.602907,77.191975,1.64,1.09,4,out_for_delivery,Delhi NCR,Noida Sector 18
DE000701,delivery_tracking,O00132,D008,2026-08-11 20:42:23,28.597062,77.208571,1.64,1.64,0,delivered,Delhi NCR,Noida Sector 18
DE000702,delivery_tracking,O00133,D063,2026-08-07 12:01:34,28.582439,77.218825,10.1,0.0,9,picked_up,Delhi NCR,Noida Sector 18
DE000703,delivery_tracking,O00133,D063,2026-08-07 12:03:04,28.576869,77.218742,10.1,1.68,7,out_for_delivery,Delhi NCR,Noida Sector 18
DE000704,delivery_tracking,O00133,D063,2026-08-07 12:04:34,28.573297,77.207861,10.1,3.37,6,out_for_delivery,Delhi NCR,Noida Sector 18
DE000705,delivery_tracking,O00133,D063,2026-08-07 12:06:04,28.585847,77.218699,10.1,5.05,4,out_for_delivery,Delhi NCR,Noida Sector 18
DE000706,delivery_tracking,O00133,D063,2026-08-07 12:07:34,28.574019,77.229564,10.1,6.73,3,out_for_delivery,Delhi NCR,Noida Sector 18
DE000707,delivery_tracking,O00133,D063,2026-08-07 12:09:04,28.588505,77.218774,10.1,8.42,1,out_for_delivery,Delhi NCR,Noida Sector 18
DE000708,delivery_tracking,O00133,D063,2026-08-07 12:10:34,28.591613,77.216708,10.1,10.1,0,delivered,Delhi NCR,Noida Sector 18
DE000709,delivery_tracking,O00134,D040,2026-08-14 11:44:39,28.980582,77.674439,3.69,0.0,22,picked_up,Meerut,Connaught Place
DE000710,delivery_tracking,O00134,D040,2026-08-14 11:48:19,28.988116,77.660168,3.69,0.61,18,out_for_delivery,Meerut,Connaught Place
DE000711,delivery_tracking,O00134,D040,2026-08-14 11:51:59,28.995825,77.675784,3.69,1.23,14,out_for_delivery,Meerut,Connaught Place
DE000712,delivery_tracking,O00134,D040,2026-08-14 11:55:39,28.996881,77.674283,3.69,1.84,11,out_for_delivery,Meerut,Connaught Place
DE000713,delivery_tracking,O00134,D040,2026-08-14 11:59:19,28.990807,77.667337,3.69,2.46,7,out_for_delivery,Meerut,Connaught Place
DE000714,delivery_tracking,O00134,D040,2026-08-14 12:02:59,28.989422,77.675725,3.69,3.08,3,out_for_delivery,Meerut,Connaught Place
DE000715,delivery_tracking,O00134,D040,2026-08-14 12:06:39,29.003023,77.68099,3.69,3.69,0,delivered,Meerut,Connaught Place
DE000716,delivery_tracking,O00135,D075,2026-08-01 12:20:50,29.006011,77.676798,3.23,0.0,4,picked_up,Meerut,Connaught Place
DE000717,delivery_tracking,O00135,D075,2026-08-01 12:21:30,29.004161,77.665991,3.23,0.54,3,out_for_delivery,Meerut,Connaught Place
DE000718,delivery_tracking,O00135,D075,2026-08-01 12:22:10,29.000002,77.671372,3.23,1.08,2,out_for_delivery,Meerut,Connaught Place
DE000719,delivery_tracking,O00135,D075,2026-08-01 12:22:50,29.008649,77.673238,3.23,1.61,2,out_for_delivery,Meerut,Connaught Place
DE000720,delivery_tracking,O00135,D075,2026-08-01 12:23:30,29.005631,77.684787,3.23,2.15,1,out_for_delivery,Meerut,Connaught Place
DE000721,delivery_tracking,O00135,D075,2026-08-01 12:24:10,29.016566,77.687797,3.23,2.69,0,out_for_delivery,Meerut,Connaught Place
DE000722,delivery_tracking,O00135,D075,2026-08-01 12:24:50,29.019381,77.677714,3.23,3.23,0,delivered,Meerut,Connaught Place
DE000723,delivery_tracking,O00136,D039,2026-08-06 16:25:35,28.965448,77.656924,8.65,0.0,21,picked_up,Meerut,Saket
DE000724,delivery_tracking,O00136,D039,2026-08-06 16:29:05,28.976451,77.65731,8.65,1.44,17,out_for_delivery,Meerut,Saket
DE000725,delivery_tracking,O00136,D039,2026-08-06 16:32:35,28.967781,77.662921,8.65,2.88,14,out_for_delivery,Meerut,Saket
DE000726,delivery_tracking,O00136,D039,2026-08-06 16:36:05,28.968025,77.673565,8.65,4.33,10,out_for_delivery,Meerut,Saket
DE000727,delivery_tracking,O00136,D039,2026-08-06 16:39:35,28.983299,77.672792,8.65,5.77,7,out_for_delivery,Meerut,Saket
DE000728,delivery_tracking,O00136,D039,2026-08-06 16:43:05,28.970086,77.667278,8.65,7.21,3,out_for_delivery,Meerut,Saket
DE000729,delivery_tracking,O00136,D039,2026-08-06 16:46:35,28.981245,77.67189,8.65,8.65,0,delivered,Meerut,Saket
DE000730,delivery_tracking,O00137,D066,2026-08-02 12:21:15,28.974478,77.617698,3.77,0.0,10,picked_up,Meerut,Noida Sector 18
DE000731,delivery_tracking,O00137,D066,2026-08-02 12:23:45,28.977844,77.618464,3.77,0.94,7,out_for_delivery,Meerut,Noida Sector 18
DE000732,delivery_tracking,O00137,D066,2026-08-02 12:26:15,28.984831,77.625685,3.77,1.89,5,out_for_delivery,Meerut,Noida Sector 18
DE000733,delivery_tracking,O00137,D066,2026-08-02 12:28:45,28.987819,77.624716,3.77,2.83,2,out_for_delivery,Meerut,Noida Sector 18
DE000734,delivery_tracking,O00137,D066,2026-08-02 12:31:15,28.997162,77.62488,3.77,3.77,0,delivered,Meerut,Noida Sector 18
DE000735,delivery_tracking,O00138,D026,2026-08-06 12:28:44,28.58292,77.209968,3.68,0.0,11,picked_up,Delhi NCR,Gurugram Cyber City
DE000736,delivery_tracking,O00138,D026,2026-08-06 12:31:29,28.579702,77.210897,3.68,0.92,8,out_for_delivery,Delhi NCR,Gurugram Cyber City
DE000737,delivery_tracking,O00138,D026,2026-08-06 12:34:14,28.589293,77.223657,3.68,1.84,5,out_for_delivery,Delhi NCR,Gurugram Cyber City
DE000738,delivery_tracking,O00138,D026,2026-08-06 12:36:59,28.586936,77.219633,3.68,2.76,2,out_for_delivery,Delhi NCR,Gurugram Cyber City
DE000739,delivery_tracking,O00138,D026,2026-08-06 12:39:44,28.595613,77.214203,3.68,3.68,0,delivered,Delhi NCR,Gurugram Cyber City
DE000740,delivery_tracking,O00139,D032,2026-08-06 16:49:14,28.983105,77.626356,9.49,0.0,11,picked_up,Meerut,Rohini
DE000741,delivery_tracking,O00139,D032,2026-08-06 16:52:54,28.990226,77.626794,9.49,3.16,7,out_for_delivery,Meerut,Rohini
DE000742,delivery_tracking,O00139,D032,2026-08-06 16:56:34,28.998692,77.650544,9.49,6.33,3,out_for_delivery,Meerut,Rohini
DE000743,delivery_tracking,O00139,D032,2026-08-06 17:00:14,28.99171,77.642461,9.49,9.49,0,delivered,Meerut,Rohini
DE000744,delivery_tracking,O00140,D003,2026-08-08 20:40:10,28.558141,77.172119,8.28,0.0,11,picked_up,Delhi NCR,Dwarka
DE000745,delivery_tracking,O00140,D003,2026-08-08 20:42:00,28.543427,77.176479,8.28,1.38,9,out_for_delivery,Delhi NCR,Dwarka
DE000746,delivery_tracking,O00140,D003,2026-08-08 20:43:50,28.550669,77.189383,8.28,2.76,7,out_for_delivery,Delhi NCR,Dwarka
DE000747,delivery_tracking,O00140,D003,2026-08-08 20:45:40,28.558621,77.188851,8.28,4.14,5,out_for_delivery,Delhi NCR,Dwarka
DE000748,delivery_tracking,O00140,D003,2026-08-08 20:47:30,28.566027,77.17708,8.28,5.52,3,out_for_delivery,Delhi NCR,Dwarka
DE000749,delivery_tracking,O00140,D003,2026-08-08 20:49:20,28.57039,77.192676,8.28,6.9,1,out_for_delivery,Delhi NCR,Dwarka
DE000750,delivery_tracking,O00140,D003,2026-08-08 20:51:10,28.556369,77.199367,8.28,8.28,0,delivered,Delhi NCR,Dwarka
DE000751,delivery_tracking,O00141,D007,2026-08-02 16:46:29,28.577775,77.150916,12.29,0.0,9,picked_up,Delhi NCR,Gurugram Cyber City
DE000752,delivery_tracking,O00141,D007,2026-08-02 16:48:44,28.572871,77.157407,12.29,3.07,6,out_for_delivery,Delhi NCR,Gurugram Cyber City
DE000753,delivery_tracking,O00141,D007,2026-08-02 16:50:59,28.580283,77.151657,12.29,6.14,4,out_for_delivery,Delhi NCR,Gurugram Cyber City
DE000754,delivery_tracking,O00141,D007,2026-08-02 16:53:14,28.575051,77.154405,12.29,9.22,2,out_for_delivery,Delhi NCR,Gurugram Cyber City
DE000755,delivery_tracking,O00141,D007,2026-08-02 16:55:29,28.58676,77.160728,12.29,12.29,0,delivered,Delhi NCR,Gurugram Cyber City
DE000756,delivery_tracking,O00142,D061,2026-08-12 19:03:52,28.60097,77.233566,2.11,0.0,12,picked_up,Delhi NCR,Connaught Place
DE000757,delivery_tracking,O00142,D061,2026-08-12 19:07:52,28.605634,77.239335,2.11,0.7,8,out_for_delivery,Delhi NCR,Connaught Place
DE000758,delivery_tracking,O00142,D061,2026-08-12 19:11:52,28.61176,77.260367,2.11,1.41,4,out_for_delivery,Delhi NCR,Connaught Place
DE000759,delivery_tracking,O00142,D061,2026-08-12 19:15:52,28.613128,77.254656,2.11,2.11,0,delivered,Delhi NCR,Connaught Place
DE000760,delivery_tracking,O00143,D017,2026-08-08 15:43:28,28.67837,77.116606,5.85,0.0,19,picked_up,Delhi NCR,Rohini
DE000761,delivery_tracking,O00143,D017,2026-08-08 15:46:38,28.689676,77.113891,5.85,0.97,15,out_for_delivery,Delhi NCR,Rohini
DE000762,delivery_tracking,O00143,D017,2026-08-08 15:49:48,28.689996,77.114797,5.85,1.95,12,out_for_delivery,Delhi NCR,Rohini
DE000763,delivery_tracking,O00143,D017,2026-08-08 15:52:58,28.684148,77.118524,5.85,2.92,9,out_for_delivery,Delhi NCR,Rohini
DE000764,delivery_tracking,O00143,D017,2026-08-08 15:56:08,28.696121,77.118228,5.85,3.9,6,out_for_delivery,Delhi NCR,Rohini
DE000765,delivery_tracking,O00143,D017,2026-08-08 15:59:18,28.687398,77.136886,5.85,4.88,3,out_for_delivery,Delhi NCR,Rohini
DE000766,delivery_tracking,O00143,D017,2026-08-08 16:02:28,28.696583,77.123477,5.85,5.85,0,delivered,Delhi NCR,Rohini
DE000767,delivery_tracking,O00144,D024,2026-08-03 22:04:57,29.004559,77.595734,4.14,0.0,13,picked_up,Meerut,Dwarka
DE000768,delivery_tracking,O00144,D024,2026-08-03 22:07:33,28.996968,77.615284,4.14,0.83,10,out_for_delivery,Meerut,Dwarka
DE000769,delivery_tracking,O00144,D024,2026-08-03 22:10:09,29.001672,77.601205,4.14,1.66,7,out_for_delivery,Meerut,Dwarka
DE000770,delivery_tracking,O00144,D024,2026-08-03 22:12:45,28.994497,77.620397,4.14,2.48,5,out_for_delivery,Meerut,Dwarka
DE000771,delivery_tracking,O00144,D024,2026-08-03 22:15:21,29.012369,77.623731,4.14,3.31,2,out_for_delivery,Meerut,Dwarka
DE000772,delivery_tracking,O00144,D024,2026-08-03 22:17:57,29.018555,77.610896,4.14,4.14,0,delivered,Meerut,Dwarka
DE000773,delivery_tracking,O00145,D070,2026-08-09 16:00:45,28.973566,77.62398,2.78,0.0,11,picked_up,Meerut,Shastri Nagar
DE000774,delivery_tracking,O00145,D070,2026-08-09 16:03:30,28.969497,77.638707,2.78,0.69,8,out_for_delivery,Meerut,Shastri Nagar
DE000775,delivery_tracking,O00145,D070,2026-08-09 16:06:15,28.983815,77.634073,2.78,1.39,5,out_for_delivery,Meerut,Shastri Nagar
DE000776,delivery_tracking,O00145,D070,2026-08-09 16:09:00,28.99461,77.638939,2.78,2.08,2,out_for_delivery,Meerut,Shastri Nagar
DE000777,delivery_tracking,O00145,D070,2026-08-09 16:11:45,28.980098,77.647899,2.78,2.78,0,delivered,Meerut,Shastri Nagar
DE000778,delivery_tracking,O00146,D086,2026-08-02 18:44:12,28.62647,77.103369,5.56,0.0,15,picked_up,Delhi NCR,Dwarka
DE000779,delivery_tracking,O00146,D086,2026-08-02 18:46:42,28.626041,77.113001,5.56,0.93,12,out_for_delivery,Delhi NCR,Dwarka
DE000780,delivery_tracking,O00146,D086,2026-08-02 18:49:12,28.633836,77.122691,5.56,1.85,10,out_for_delivery,Delhi NCR,Dwarka
DE000781,delivery_tracking,O00146,D086,2026-08-02 18:51:42,28.622257,77.125231,5.56,2.78,7,out_for_delivery,Delhi NCR,Dwarka
DE000782,delivery_tracking,O00146,D086,2026-08-02 18:54:12,28.638391,77.120094,5.56,3.71,5,out_for_delivery,Delhi NCR,Dwarka
DE000783,delivery_tracking,O00146,D086,2026-08-02 18:56:42,28.639413,77.116908,5.56,4.63,2,out_for_delivery,Delhi NCR,Dwarka
DE000784,delivery_tracking,O00146,D086,2026-08-02 18:59:12,28.635728,77.118339,5.56,5.56,0,delivered,Delhi NCR,Dwarka
DE000785,delivery_tracking,O00147,D061,2026-08-14 18:47:04,28.707694,77.073175,7.48,0.0,12,picked_up,Delhi NCR,Connaught Place
DE000786,delivery_tracking,O00147,D061,2026-08-14 18:50:04,28.70461,77.087591,7.48,1.87,9,out_for_delivery,Delhi NCR,Connaught Place
DE000787,delivery_tracking,O00147,D061,2026-08-14 18:53:04,28.704589,77.08659,7.48,3.74,6,out_for_delivery,Delhi NCR,Connaught Place
DE000788,delivery_tracking,O00147,D061,2026-08-14 18:56:04,28.712181,77.093433,7.48,5.61,3,out_for_delivery,Delhi NCR,Connaught Place
DE000789,delivery_tracking,O00147,D061,2026-08-14 18:59:04,28.710539,77.09821,7.48,7.48,0,delivered,Delhi NCR,Connaught Place
DE000790,delivery_tracking,O00148,D039,2026-08-11 20:49:07,28.999223,77.636308,6.77,0.0,9,picked_up,Meerut,Saket
DE000791,delivery_tracking,O00148,D039,2026-08-11 20:50:37,29.002971,77.630962,6.77,1.13,7,out_for_delivery,Meerut,Saket
DE000792,delivery_tracking,O00148,D039,2026-08-11 20:52:07,29.006796,77.626332,6.77,2.26,6,out_for_delivery,Meerut,Saket
DE000793,delivery_tracking,O00148,D039,2026-08-11 20:53:37,29.005662,77.637946,6.77,3.38,4,out_for_delivery,Meerut,Saket
DE000794,delivery_tracking,O00148,D039,2026-08-11 20:55:07,29.014817,77.632198,6.77,4.51,3,out_for_delivery,Meerut,Saket
DE000795,delivery_tracking,O00148,D039,2026-08-11 20:56:37,29.001582,77.637834,6.77,5.64,1,out_for_delivery,Meerut,Saket
DE000796,delivery_tracking,O00148,D039,2026-08-11 20:58:07,29.020478,77.636651,6.77,6.77,0,delivered,Meerut,Saket
DE000797,delivery_tracking,O00149,D035,2026-08-06 17:05:58,29.016747,77.647196,3.27,0.0,17,picked_up,Meerut,Dwarka
DE000798,delivery_tracking,O00149,D035,2026-08-06 17:09:22,29.009232,77.650206,3.27,0.65,13,out_for_delivery,Meerut,Dwarka
DE000799,delivery_tracking,O00149,D035,2026-08-06 17:12:46,29.019977,77.641414,3.27,1.31,10,out_for_delivery,Meerut,Dwarka
DE000800,delivery_tracking,O00149,D035,2026-08-06 17:16:10,29.020811,77.658963,3.27,1.96,6,out_for_delivery,Meerut,Dwarka
DE000801,delivery_tracking,O00149,D035,2026-08-06 17:19:34,29.012468,77.65586,3.27,2.62,3,out_for_delivery,Meerut,Dwarka
DE000802,delivery_tracking,O00149,D035,2026-08-06 17:22:58,29.022671,77.658195,3.27,3.27,0,delivered,Meerut,Dwarka
DE000803,delivery_tracking,O00150,D014,2026-08-04 12:42:14,28.954565,77.631449,5.13,0.0,11,picked_up,Meerut,Saket
DE000804,delivery_tracking,O00150,D014,2026-08-04 12:44:26,28.96901,77.630727,5.13,1.03,8,out_for_delivery,Meerut,Saket
DE000805,delivery_tracking,O00150,D014,2026-08-04 12:46:38,28.959695,77.64524,5.13,2.05,6,out_for_delivery,Meerut,Saket
DE000806,delivery_tracking,O00150,D014,2026-08-04 12:48:50,28.973882,77.640504,5.13,3.08,4,out_for_delivery,Meerut,Saket
DE000807,delivery_tracking,O00150,D014,2026-08-04 12:51:02,28.967318,77.656977,5.13,4.1,2,out_for_delivery,Meerut,Saket
DE000808,delivery_tracking,O00150,D014,2026-08-04 12:53:14,28.974617,77.655616,5.13,5.13,0,delivered,Meerut,Saket
DE000809,delivery_tracking,O00151,D003,2026-08-13 18:11:27,28.615977,77.060456,11.47,0.0,12,picked_up,Delhi NCR,Dwarka
DE000810,delivery_tracking,O00151,D003,2026-08-13 18:15:27,28.609437,77.065078,11.47,3.82,8,out_for_delivery,Delhi NCR,Dwarka
DE000811,delivery_tracking,O00151,D003,2026-08-13 18:19:27,28.614025,77.059085,11.47,7.65,4,out_for_delivery,Delhi NCR,Dwarka
DE000812,delivery_tracking,O00151,D003,2026-08-13 18:23:27,28.617145,77.073972,11.47,11.47,0,delivered,Delhi NCR,Dwarka
DE000813,delivery_tracking,O00152,D075,2026-08-06 15:27:54,28.98202,77.664107,3.65,0.0,12,picked_up,Meerut,Connaught Place
DE000814,delivery_tracking,O00152,D075,2026-08-06 15:31:54,28.971829,77.677217,3.65,1.22,8,out_for_delivery,Meerut,Connaught Place
DE000815,delivery_tracking,O00152,D075,2026-08-06 15:35:54,28.986704,77.679462,3.65,2.43,4,out_for_delivery,Meerut,Connaught Place
DE000816,delivery_tracking,O00152,D075,2026-08-06 15:39:54,28.989336,77.685926,3.65,3.65,0,delivered,Meerut,Connaught Place
DE000817,delivery_tracking,O00153,D024,2026-08-14 15:43:27,28.998023,77.644445,2.74,0.0,13,picked_up,Meerut,Dwarka
DE000818,delivery_tracking,O00153,D024,2026-08-14 15:47:47,29.009074,77.648709,2.74,0.91,8,out_for_delivery,Meerut,Dwarka
DE000819,delivery_tracking,O00153,D024,2026-08-14 15:52:07,29.021102,77.658312,2.74,1.83,4,out_for_delivery,Meerut,Dwarka
DE000820,delivery_tracking,O00153,D024,2026-08-14 15:56:27,29.0282,77.654088,2.74,2.74,0,delivered,Meerut,Dwarka
DE000821,delivery_tracking,O00156,D030,2026-08-14 17:13:31,28.980923,77.617325,8.02,0.0,21,picked_up,Meerut,Ganga Nagar
DE000822,delivery_tracking,O00156,D030,2026-08-14 17:17:01,28.991208,77.627379,8.02,1.34,17,out_for_delivery,Meerut,Ganga Nagar
DE000823,delivery_tracking,O00156,D030,2026-08-14 17:20:31,28.986455,77.619303,8.02,2.67,14,out_for_delivery,Meerut,Ganga Nagar
DE000824,delivery_tracking,O00156,D030,2026-08-14 17:24:01,28.98732,77.621176,8.02,4.01,10,out_for_delivery,Meerut,Ganga Nagar
DE000825,delivery_tracking,O00156,D030,2026-08-14 17:27:31,29.002325,77.641753,8.02,5.35,7,out_for_delivery,Meerut,Ganga Nagar
DE000826,delivery_tracking,O00156,D030,2026-08-14 17:31:01,28.998915,77.638395,8.02,6.68,3,out_for_delivery,Meerut,Ganga Nagar
DE000827,delivery_tracking,O00156,D030,2026-08-14 17:34:31,28.996817,77.639751,8.02,8.02,0,delivered,Meerut,Ganga Nagar
DE000828,delivery_tracking,O00157,D085,2026-08-13 19:14:31,28.561137,77.195176,10.35,0.0,17,picked_up,Delhi NCR,Saket
DE000829,delivery_tracking,O00157,D085,2026-08-13 19:17:21,28.555036,77.21235,10.35,1.72,14,out_for_delivery,Delhi NCR,Saket
DE000830,delivery_tracking,O00157,D085,2026-08-13 19:20:11,28.557385,77.198513,10.35,3.45,11,out_for_delivery,Delhi NCR,Saket
DE000831,delivery_tracking,O00157,D085,2026-08-13 19:23:01,28.554571,77.213481,10.35,5.17,8,out_for_delivery,Delhi NCR,Saket
DE000832,delivery_tracking,O00157,D085,2026-08-13 19:25:51,28.569122,77.220487,10.35,6.9,5,out_for_delivery,Delhi NCR,Saket
DE000833,delivery_tracking,O00157,D085,2026-08-13 19:28:41,28.559317,77.213907,10.35,8.62,2,out_for_delivery,Delhi NCR,Saket
DE000834,delivery_tracking,O00157,D085,2026-08-13 19:31:31,28.564783,77.215575,10.35,10.35,0,delivered,Delhi NCR,Saket
DE000835,delivery_tracking,O00158,D073,2026-08-11 17:58:35,28.669798,77.111116,6.79,0.0,14,picked_up,Delhi NCR,Connaught Place
DE000836,delivery_tracking,O00158,D073,2026-08-11 18:01:23,28.66729,77.130291,6.79,1.36,11,out_for_delivery,Delhi NCR,Connaught Place
DE000837,delivery_tracking,O00158,D073,2026-08-11 18:04:11,28.676365,77.131394,6.79,2.72,8,out_for_delivery,Delhi NCR,Connaught Place
DE000838,delivery_tracking,O00158,D073,2026-08-11 18:06:59,28.672926,77.13738,6.79,4.07,5,out_for_delivery,Delhi NCR,Connaught Place
DE000839,delivery_tracking,O00158,D073,2026-08-11 18:09:47,28.682213,77.1245,6.79,5.43,2,out_for_delivery,Delhi NCR,Connaught Place
DE000840,delivery_tracking,O00158,D073,2026-08-11 18:12:35,28.685291,77.1327,6.79,6.79,0,delivered,Delhi NCR,Connaught Place
DE000841,delivery_tracking,O00159,D085,2026-08-04 13:29:41,28.718006,77.167529,4.89,0.0,12,picked_up,Delhi NCR,Saket
DE000842,delivery_tracking,O00159,D085,2026-08-04 13:31:41,28.726933,77.175825,4.89,0.81,10,out_for_delivery,Delhi NCR,Saket
DE000843,delivery_tracking,O00159,D085,2026-08-04 13:33:41,28.725228,77.166416,4.89,1.63,8,out_for_delivery,Delhi NCR,Saket
DE000844,delivery_tracking,O00159,D085,2026-08-04 13:35:41,28.731624,77.177276,4.89,2.44,6,out_for_delivery,Delhi NCR,Saket
DE000845,delivery_tracking,O00159,D085,2026-08-04 13:37:41,28.724675,77.177112,4.89,3.26,4,out_for_delivery,Delhi NCR,Saket
DE000846,delivery_tracking,O00159,D085,2026-08-04 13:39:41,28.731893,77.176165,4.89,4.08,2,out_for_delivery,Delhi NCR,Saket
DE000847,delivery_tracking,O00159,D085,2026-08-04 13:41:41,28.742972,77.175401,4.89,4.89,0,delivered,Delhi NCR,Saket
DE000848,delivery_tracking,O00160,D047,2026-08-07 13:50:40,29.002884,77.647584,8.26,0.0,13,picked_up,Meerut,Gurugram Cyber City
DE000849,delivery_tracking,O00160,D047,2026-08-07 13:53:16,29.011038,77.647798,8.26,1.65,10,out_for_delivery,Meerut,Gurugram Cyber City
DE000850,delivery_tracking,O00160,D047,2026-08-07 13:55:52,29.010363,77.643789,8.26,3.3,7,out_for_delivery,Meerut,Gurugram Cyber City
DE000851,delivery_tracking,O00160,D047,2026-08-07 13:58:28,29.022891,77.655348,8.26,4.96,5,out_for_delivery,Meerut,Gurugram Cyber City
DE000852,delivery_tracking,O00160,D047,2026-08-07 14:01:04,29.015415,77.661525,8.26,6.61,2,out_for_delivery,Meerut,Gurugram Cyber City
DE000853,delivery_tracking,O00160,D047,2026-08-07 14:03:40,29.018684,77.659542,8.26,8.26,0,delivered,Meerut,Gurugram Cyber City
DE000854,delivery_tracking,O00161,D066,2026-08-08 21:14:35,29.011975,77.631983,7.22,0.0,18,picked_up,Meerut,Noida Sector 18
DE000855,delivery_tracking,O00161,D066,2026-08-08 21:20:35,29.009484,77.632707,7.22,2.41,12,out_for_delivery,Meerut,Noida Sector 18
DE000856,delivery_tracking,O00161,D066,2026-08-08 21:26:35,29.025236,77.640703,7.22,4.81,6,out_for_delivery,Meerut,Noida Sector 18
DE000857,delivery_tracking,O00161,D066,2026-08-08 21:32:35,29.025237,77.646071,7.22,7.22,0,delivered,Meerut,Noida Sector 18
DE000858,delivery_tracking,O00162,D082,2026-08-04 16:35:52,29.014619,77.645246,3.37,0.0,7,picked_up,Meerut,Saket
DE000859,delivery_tracking,O00162,D082,2026-08-04 16:37:02,29.012718,77.635087,3.37,0.56,5,out_for_delivery,Meerut,Saket
DE000860,delivery_tracking,O00162,D082,2026-08-04 16:38:12,29.011761,77.647926,3.37,1.12,4,out_for_delivery,Meerut,Saket
DE000861,delivery_tracking,O00162,D082,2026-08-04 16:39:22,29.019234,77.645647,3.37,1.69,3,out_for_delivery,Meerut,Saket
DE000862,delivery_tracking,O00162,D082,2026-08-04 16:40:32,29.029064,77.637977,3.37,2.25,2,out_for_delivery,Meerut,Saket
DE000863,delivery_tracking,O00162,D082,2026-08-04 16:41:42,29.033128,77.655277,3.37,2.81,1,out_for_delivery,Meerut,Saket
DE000864,delivery_tracking,O00162,D082,2026-08-04 16:42:52,29.022285,77.660063,3.37,3.37,0,delivered,Meerut,Saket
DE000865,delivery_tracking,O00163,D009,2026-08-07 16:06:42,28.731073,77.092807,10.57,0.0,22,picked_up,Delhi NCR,Rohini
DE000866,delivery_tracking,O00163,D009,2026-08-07 16:14:02,28.747445,77.101947,10.57,3.52,14,out_for_delivery,Delhi NCR,Rohini
DE000867,delivery_tracking,O00163,D009,2026-08-07 16:21:22,28.747998,77.108161,10.57,7.05,7,out_for_delivery,Delhi NCR,Rohini
DE000868,delivery_tracking,O00163,D009,2026-08-07 16:28:42,28.756279,77.11008,10.57,10.57,0,delivered,Delhi NCR,Rohini
DE000869,delivery_tracking,O00164,D019,2026-08-02 12:30:17,28.602807,77.211168,6.57,0.0,18,picked_up,Delhi NCR,Shastri Nagar
DE000870,delivery_tracking,O00164,D019,2026-08-02 12:34:47,28.615724,77.201026,6.57,1.64,13,out_for_delivery,Delhi NCR,Shastri Nagar
DE000871,delivery_tracking,O00164,D019,2026-08-02 12:39:17,28.622383,77.216471,6.57,3.29,9,out_for_delivery,Delhi NCR,Shastri Nagar
DE000872,delivery_tracking,O00164,D019,2026-08-02 12:43:47,28.623626,77.221349,6.57,4.93,4,out_for_delivery,Delhi NCR,Shastri Nagar
DE000873,delivery_tracking,O00164,D019,2026-08-02 12:48:17,28.629364,77.225668,6.57,6.57,0,delivered,Delhi NCR,Shastri Nagar
DE000874,delivery_tracking,O00165,D033,2026-08-09 16:41:40,28.97002,77.682094,11.68,0.0,10,picked_up,Meerut,Connaught Place
DE000875,delivery_tracking,O00165,D033,2026-08-09 16:44:10,28.971026,77.677433,11.68,2.92,7,out_for_delivery,Meerut,Connaught Place
DE000876,delivery_tracking,O00165,D033,2026-08-09 16:46:40,28.977915,77.688651,11.68,5.84,5,out_for_delivery,Meerut,Connaught Place
DE000877,delivery_tracking,O00165,D033,2026-08-09 16:49:10,28.98821,77.691942,11.68,8.76,2,out_for_delivery,Meerut,Connaught Place
DE000878,delivery_tracking,O00165,D033,2026-08-09 16:51:40,28.984552,77.681508,11.68,11.68,0,delivered,Meerut,Connaught Place
DE000879,delivery_tracking,O00166,D061,2026-08-12 17:18:53,28.702797,77.14348,8.0,0.0,15,picked_up,Delhi NCR,Connaught Place
DE000880,delivery_tracking,O00166,D061,2026-08-12 17:23:53,28.696232,77.14452,8.0,2.67,10,out_for_delivery,Delhi NCR,Connaught Place
DE000881,delivery_tracking,O00166,D061,2026-08-12 17:28:53,28.710379,77.140714,8.0,5.33,5,out_for_delivery,Delhi NCR,Connaught Place
DE000882,delivery_tracking,O00166,D061,2026-08-12 17:33:53,28.706559,77.151763,8.0,8.0,0,delivered,Delhi NCR,Connaught Place
DE000883,delivery_tracking,O00167,D015,2026-08-03 13:58:45,28.974496,77.616182,3.16,0.0,10,picked_up,Meerut,Connaught Place
DE000884,delivery_tracking,O00167,D015,2026-08-03 14:02:05,28.988734,77.636439,3.16,1.05,6,out_for_delivery,Meerut,Connaught Place
DE000885,delivery_tracking,O00167,D015,2026-08-03 14:05:25,28.993893,77.627034,3.16,2.11,3,out_for_delivery,Meerut,Connaught Place
DE000886,delivery_tracking,O00167,D015,2026-08-03 14:08:45,29.000169,77.646006,3.16,3.16,0,delivered,Meerut,Connaught Place
DE000887,delivery_tracking,O00168,D081,2026-08-04 11:54:12,29.000847,77.609695,12.03,0.0,7,picked_up,Meerut,Gurugram Cyber City
DE000888,delivery_tracking,O00168,D081,2026-08-04 11:55:22,29.004425,77.603512,12.03,2.0,5,out_for_delivery,Meerut,Gurugram Cyber City
DE000889,delivery_tracking,O00168,D081,2026-08-04 11:56:32,28.994869,77.600192,12.03,4.01,4,out_for_delivery,Meerut,Gurugram Cyber City
DE000890,delivery_tracking,O00168,D081,2026-08-04 11:57:42,29.0118,77.614897,12.03,6.01,3,out_for_delivery,Meerut,Gurugram Cyber City
DE000891,delivery_tracking,O00168,D081,2026-08-04 11:58:52,29.000703,77.616058,12.03,8.02,2,out_for_delivery,Meerut,Gurugram Cyber City
DE000892,delivery_tracking,O00168,D081,2026-08-04 12:00:02,29.005521,77.612255,12.03,10.03,1,out_for_delivery,Meerut,Gurugram Cyber City
DE000893,delivery_tracking,O00168,D081,2026-08-04 12:01:12,29.004512,77.610441,12.03,12.03,0,delivered,Meerut,Gurugram Cyber City
DE000894,delivery_tracking,O00169,D094,2026-08-11 13:48:11,28.649062,77.061552,5.38,0.0,14,picked_up,Delhi NCR,Connaught Place
DE000895,delivery_tracking,O00169,D094,2026-08-11 13:51:41,28.643334,77.050058,5.38,1.34,10,out_for_delivery,Delhi NCR,Connaught Place
DE000896,delivery_tracking,O00169,D094,2026-08-11 13:55:11,28.646803,77.05803,5.38,2.69,7,out_for_delivery,Delhi NCR,Connaught Place
DE000897,delivery_tracking,O00169,D094,2026-08-11 13:58:41,28.654827,77.054775,5.38,4.04,3,out_for_delivery,Delhi NCR,Connaught Place
DE000898,delivery_tracking,O00169,D094,2026-08-11 14:02:11,28.657773,77.058106,5.38,5.38,0,delivered,Delhi NCR,Connaught Place
DE000899,delivery_tracking,O00170,D061,2026-08-06 20:07:51,28.655309,77.165954,5.39,0.0,20,picked_up,Delhi NCR,Connaught Place
DE000900,delivery_tracking,O00170,D061,2026-08-06 20:11:51,28.661696,77.168459,5.39,1.08,16,out_for_delivery,Delhi NCR,Connaught Place
DE000901,delivery_tracking,O00170,D061,2026-08-06 20:15:51,28.659705,77.176302,5.39,2.16,12,out_for_delivery,Delhi NCR,Connaught Place
DE000902,delivery_tracking,O00170,D061,2026-08-06 20:19:51,28.669571,77.170306,5.39,3.23,8,out_for_delivery,Delhi NCR,Connaught Place
DE000903,delivery_tracking,O00170,D061,2026-08-06 20:23:51,28.670177,77.187668,5.39,4.31,4,out_for_delivery,Delhi NCR,Connaught Place
DE000904,delivery_tracking,O00170,D061,2026-08-06 20:27:51,28.676896,77.190565,5.39,5.39,0,delivered,Delhi NCR,Connaught Place
DE000905,delivery_tracking,O00171,D047,2026-08-07 15:17:56,29.004949,77.597921,10.84,0.0,14,picked_up,Meerut,Gurugram Cyber City
DE000906,delivery_tracking,O00171,D047,2026-08-07 15:21:26,29.017013,77.601279,10.84,2.71,10,out_for_delivery,Meerut,Gurugram Cyber City
DE000907,delivery_tracking,O00171,D047,2026-08-07 15:24:56,29.0207,77.604078,10.84,5.42,7,out_for_delivery,Meerut,Gurugram Cyber City
DE000908,delivery_tracking,O00171,D047,2026-08-07 15:28:26,29.033011,77.615406,10.84,8.13,3,out_for_delivery,Meerut,Gurugram Cyber City
DE000909,delivery_tracking,O00171,D047,2026-08-07 15:31:56,29.027688,77.629034,10.84,10.84,0,delivered,Meerut,Gurugram Cyber City
DE000910,delivery_tracking,O00172,D059,2026-08-08 12:08:46,28.967512,77.681256,7.56,0.0,16,picked_up,Meerut,Saket
DE000911,delivery_tracking,O00172,D059,2026-08-08 12:14:06,28.97032,77.676377,7.56,2.52,10,out_for_delivery,Meerut,Saket
DE000912,delivery_tracking,O00172,D059,2026-08-08 12:19:26,28.982357,77.693379,7.56,5.04,5,out_for_delivery,Meerut,Saket
DE000913,delivery_tracking,O00172,D059,2026-08-08 12:24:46,28.989739,77.68536,7.56,7.56,0,delivered,Meerut,Saket
DE000914,delivery_tracking,O00173,D051,2026-08-06 20:29:06,28.740452,77.185865,7.91,0.0,18,picked_up,Delhi NCR,Gurugram Cyber City
DE000915,delivery_tracking,O00173,D051,2026-08-06 20:32:06,28.75114,77.192883,7.91,1.32,15,out_for_delivery,Delhi NCR,Gurugram Cyber City
DE000916,delivery_tracking,O00173,D051,2026-08-06 20:35:06,28.750337,77.180462,7.91,2.64,12,out_for_delivery,Delhi NCR,Gurugram Cyber City
DE000917,delivery_tracking,O00173,D051,2026-08-06 20:38:06,28.742428,77.191607,7.91,3.96,9,out_for_delivery,Delhi NCR,Gurugram Cyber City
DE000918,delivery_tracking,O00173,D051,2026-08-06 20:41:06,28.750418,77.182345,7.91,5.27,6,out_for_delivery,Delhi NCR,Gurugram Cyber City
DE000919,delivery_tracking,O00173,D051,2026-08-06 20:44:06,28.747869,77.202773,7.91,6.59,3,out_for_delivery,Delhi NCR,Gurugram Cyber City
DE000920,delivery_tracking,O00173,D051,2026-08-06 20:47:06,28.756582,77.194212,7.91,7.91,0,delivered,Delhi NCR,Gurugram Cyber City
DE000921,delivery_tracking,O00174,D099,2026-08-14 16:35:01,29.006052,77.665658,4.57,0.0,7,picked_up,Meerut,Dwarka
DE000922,delivery_tracking,O00174,D099,2026-08-14 16:36:46,29.00997,77.671483,4.57,1.14,5,out_for_delivery,Meerut,Dwarka
DE000923,delivery_tracking,O00174,D099,2026-08-14 16:38:31,29.01528,77.678998,4.57,2.29,3,out_for_delivery,Meerut,Dwarka
DE000924,delivery_tracking,O00174,D099,2026-08-14 16:40:16,29.015491,77.686993,4.57,3.43,1,out_for_delivery,Meerut,Dwarka
DE000925,delivery_tracking,O00174,D099,2026-08-14 16:42:01,29.015676,77.687187,4.57,4.57,0,delivered,Meerut,Dwarka
DE000926,delivery_tracking,O00175,D056,2026-08-11 16:28:02,28.980996,77.68226,7.13,0.0,24,picked_up,Meerut,Gurugram Cyber City
DE000927,delivery_tracking,O00175,D056,2026-08-11 16:32:02,28.991175,77.671085,7.13,1.19,20,out_for_delivery,Meerut,Gurugram Cyber City
DE000928,delivery_tracking,O00175,D056,2026-08-11 16:36:02,28.984962,77.676131,7.13,2.38,16,out_for_delivery,Meerut,Gurugram Cyber City
DE000929,delivery_tracking,O00175,D056,2026-08-11 16:40:02,28.993859,77.681097,7.13,3.56,12,out_for_delivery,Meerut,Gurugram Cyber City
DE000930,delivery_tracking,O00175,D056,2026-08-11 16:44:02,29.003334,77.682845,7.13,4.75,8,out_for_delivery,Meerut,Gurugram Cyber City
DE000931,delivery_tracking,O00175,D056,2026-08-11 16:48:02,28.997701,77.683337,7.13,5.94,4,out_for_delivery,Meerut,Gurugram Cyber City
DE000932,delivery_tracking,O00175,D056,2026-08-11 16:52:02,28.999282,77.691983,7.13,7.13,0,delivered,Meerut,Gurugram Cyber City
DE000933,delivery_tracking,O00176,D046,2026-08-05 19:19:49,28.999453,77.631701,11.11,0.0,11,picked_up,Meerut,Saket
DE000934,delivery_tracking,O00176,D046,2026-08-05 19:21:39,29.008811,77.646327,11.11,1.85,9,out_for_delivery,Meerut,Saket
DE000935,delivery_tracking,O00176,D046,2026-08-05 19:23:29,28.995721,77.635102,11.11,3.7,7,out_for_delivery,Meerut,Saket
DE000936,delivery_tracking,O00176,D046,2026-08-05 19:25:19,29.009417,77.645981,11.11,5.55,5,out_for_delivery,Meerut,Saket
DE000937,delivery_tracking,O00176,D046,2026-08-05 19:27:09,29.014409,77.638526,11.11,7.41,3,out_for_delivery,Meerut,Saket
DE000938,delivery_tracking,O00176,D046,2026-08-05 19:28:59,29.010164,77.639017,11.11,9.26,1,out_for_delivery,Meerut,Saket
DE000939,delivery_tracking,O00176,D046,2026-08-05 19:30:49,29.00431,77.644835,11.11,11.11,0,delivered,Meerut,Saket
DE000940,delivery_tracking,O00177,D089,2026-08-07 21:13:38,28.720374,77.183391,2.73,0.0,7,picked_up,Delhi NCR,Ganga Nagar
DE000941,delivery_tracking,O00177,D089,2026-08-07 21:15:23,28.719916,77.195951,2.73,0.68,5,out_for_delivery,Delhi NCR,Ganga Nagar
DE000942,delivery_tracking,O00177,D089,2026-08-07 21:17:08,28.719409,77.199228,2.73,1.36,3,out_for_delivery,Delhi NCR,Ganga Nagar
DE000943,delivery_tracking,O00177,D089,2026-08-07 21:18:53,28.730244,77.194275,2.73,2.05,1,out_for_delivery,Delhi NCR,Ganga Nagar
DE000944,delivery_tracking,O00177,D089,2026-08-07 21:20:38,28.724212,77.203475,2.73,2.73,0,delivered,Delhi NCR,Ganga Nagar
DE000945,delivery_tracking,O00178,D003,2026-08-02 13:22:09,28.569774,77.058547,7.63,0.0,11,picked_up,Delhi NCR,Dwarka
DE000946,delivery_tracking,O00178,D003,2026-08-02 13:23:59,28.567426,77.055992,7.63,1.27,9,out_for_delivery,Delhi NCR,Dwarka
DE000947,delivery_tracking,O00178,D003,2026-08-02 13:25:49,28.566271,77.05239,7.63,2.54,7,out_for_delivery,Delhi NCR,Dwarka
DE000948,delivery_tracking,O00178,D003,2026-08-02 13:27:39,28.567434,77.058797,7.63,3.81,5,out_for_delivery,Delhi NCR,Dwarka
DE000949,delivery_tracking,O00178,D003,2026-08-02 13:29:29,28.572005,77.063805,7.63,5.09,3,out_for_delivery,Delhi NCR,Dwarka
DE000950,delivery_tracking,O00178,D003,2026-08-02 13:31:19,28.576258,77.070409,7.63,6.36,1,out_for_delivery,Delhi NCR,Dwarka
DE000951,delivery_tracking,O00178,D003,2026-08-02 13:33:09,28.574942,77.070861,7.63,7.63,0,delivered,Delhi NCR,Dwarka
DE000952,delivery_tracking,O00179,D055,2026-08-10 16:05:04,28.588593,77.120523,1.44,0.0,17,picked_up,Delhi NCR,Saket
DE000953,delivery_tracking,O00179,D055,2026-08-10 16:09:19,28.59589,77.130954,1.44,0.36,12,out_for_delivery,Delhi NCR,Saket
DE000954,delivery_tracking,O00179,D055,2026-08-10 16:13:34,28.603009,77.130573,1.44,0.72,8,out_for_delivery,Delhi NCR,Saket
DE000955,delivery_tracking,O00179,D055,2026-08-10 16:17:49,28.59906,77.137683,1.44,1.08,4,out_for_delivery,Delhi NCR,Saket
DE000956,delivery_tracking,O00179,D055,2026-08-10 16:22:04,28.6079,77.131577,1.44,1.44,0,delivered,Delhi NCR,Saket
DE000957,delivery_tracking,O00180,D087,2026-08-11 21:47:50,28.954145,77.627467,3.45,0.0,8,picked_up,Meerut,Rohini
DE000958,delivery_tracking,O00180,D087,2026-08-11 21:49:10,28.951513,77.626141,3.45,0.57,6,out_for_delivery,Meerut,Rohini
DE000959,delivery_tracking,O00180,D087,2026-08-11 21:50:30,28.97069,77.63542,3.45,1.15,5,out_for_delivery,Meerut,Rohini
DE000960,delivery_tracking,O00180,D087,2026-08-11 21:51:50,28.958744,77.647338,3.45,1.73,4,out_for_delivery,Meerut,Rohini
DE000961,delivery_tracking,O00180,D087,2026-08-11 21:53:10,28.975961,77.633918,3.45,2.3,2,out_for_delivery,Meerut,Rohini
DE000962,delivery_tracking,O00180,D087,2026-08-11 21:54:30,28.961846,77.644391,3.45,2.88,1,out_for_delivery,Meerut,Rohini
DE000963,delivery_tracking,O00180,D087,2026-08-11 21:55:50,28.975424,77.640693,3.45,3.45,0,delivered,Meerut,Rohini
DE000964,delivery_tracking,O00181,D034,2026-08-06 16:22:02,28.996064,77.672961,11.67,0.0,5,picked_up,Meerut,Saket
DE000965,delivery_tracking,O00181,D034,2026-08-06 16:23:42,28.993764,77.679496,11.67,3.89,3,out_for_delivery,Meerut,Saket
DE000966,delivery_tracking,O00181,D034,2026-08-06 16:25:22,28.988608,77.678577,11.67,7.78,1,out_for_delivery,Meerut,Saket
DE000967,delivery_tracking,O00181,D034,2026-08-06 16:27:02,29.001717,77.675669,11.67,11.67,0,delivered,Meerut,Saket
DE000968,delivery_tracking,O00182,D047,2026-08-03 21:37:45,28.961058,77.683754,10.46,0.0,14,picked_up,Meerut,Gurugram Cyber City
DE000969,delivery_tracking,O00182,D047,2026-08-03 21:42:25,28.967978,77.682671,10.46,3.49,9,out_for_delivery,Meerut,Gurugram Cyber City
DE000970,delivery_tracking,O00182,D047,2026-08-03 21:47:05,28.967856,77.68502,10.46,6.97,4,out_for_delivery,Meerut,Gurugram Cyber City
DE000971,delivery_tracking,O00182,D047,2026-08-03 21:51:45,28.986248,77.689784,10.46,10.46,0,delivered,Meerut,Gurugram Cyber City
DE000972,delivery_tracking,O00183,D020,2026-08-13 18:57:50,28.685221,77.149766,6.2,0.0,9,picked_up,Delhi NCR,Gurugram Cyber City
DE000973,delivery_tracking,O00183,D020,2026-08-13 19:00:50,28.708164,77.151756,6.2,2.07,6,out_for_delivery,Delhi NCR,Gurugram Cyber City
DE000974,delivery_tracking,O00183,D020,2026-08-13 19:03:50,28.694755,77.168654,6.2,4.13,3,out_for_delivery,Delhi NCR,Gurugram Cyber City
DE000975,delivery_tracking,O00183,D020,2026-08-13 19:06:50,28.711729,77.171299,6.2,6.2,0,delivered,Delhi NCR,Gurugram Cyber City
DE000976,delivery_tracking,O00184,D008,2026-08-11 22:19:42,28.654482,77.228193,1.29,0.0,14,picked_up,Delhi NCR,Noida Sector 18
DE000977,delivery_tracking,O00184,D008,2026-08-11 22:22:02,28.658947,77.242357,1.29,0.21,11,out_for_delivery,Delhi NCR,Noida Sector 18
DE000978,delivery_tracking,O00184,D008,2026-08-11 22:24:22,28.663599,77.24304,1.29,0.43,9,out_for_delivery,Delhi NCR,Noida Sector 18
DE000979,delivery_tracking,O00184,D008,2026-08-11 22:26:42,28.670812,77.247221,1.29,0.65,7,out_for_delivery,Delhi NCR,Noida Sector 18
DE000980,delivery_tracking,O00184,D008,2026-08-11 22:29:02,28.663648,77.238036,1.29,0.86,4,out_for_delivery,Delhi NCR,Noida Sector 18
DE000981,delivery_tracking,O00184,D008,2026-08-11 22:31:22,28.664089,77.23733,1.29,1.08,2,out_for_delivery,Delhi NCR,Noida Sector 18
DE000982,delivery_tracking,O00184,D008,2026-08-11 22:33:42,28.667248,77.253592,1.29,1.29,0,delivered,Delhi NCR,Noida Sector 18
DE000983,delivery_tracking,O00185,D067,2026-08-09 14:21:05,28.978955,77.640651,4.12,0.0,21,picked_up,Meerut,Dwarka
DE000984,delivery_tracking,O00185,D067,2026-08-09 14:28:05,28.97451,77.63897,4.12,1.37,14,out_for_delivery,Meerut,Dwarka
DE000985,delivery_tracking,O00185,D067,2026-08-09 14:35:05,28.976792,77.648951,4.12,2.75,7,out_for_delivery,Meerut,Dwarka
DE000986,delivery_tracking,O00185,D067,2026-08-09 14:42:05,28.998142,77.647794,4.12,4.12,0,delivered,Meerut,Dwarka
DE000987,delivery_tracking,O00186,D001,2026-08-08 15:44:51,28.976268,77.623453,9.27,0.0,16,picked_up,Meerut,Noida Sector 18
DE000988,delivery_tracking,O00186,D001,2026-08-08 15:48:51,28.96552,77.634211,9.27,2.32,12,out_for_delivery,Meerut,Noida Sector 18
DE000989,delivery_tracking,O00186,D001,2026-08-08 15:52:51,28.983879,77.625367,9.27,4.63,8,out_for_delivery,Meerut,Noida Sector 18
DE000990,delivery_tracking,O00186,D001,2026-08-08 15:56:51,28.972305,77.645248,9.27,6.95,4,out_for_delivery,Meerut,Noida Sector 18
DE000991,delivery_tracking,O00186,D001,2026-08-08 16:00:51,28.984336,77.640151,9.27,9.27,0,delivered,Meerut,Noida Sector 18
DE000992,delivery_tracking,O00187,D076,2026-08-09 19:15:25,28.990506,77.676551,6.92,0.0,8,picked_up,Meerut,Saket
DE000993,delivery_tracking,O00187,D076,2026-08-09 19:18:05,28.982269,77.675579,6.92,2.31,5,out_for_delivery,Meerut,Saket
DE000994,delivery_tracking,O00187,D076,2026-08-09 19:20:45,28.997798,77.695876,6.92,4.61,2,out_for_delivery,Meerut,Saket
DE000995,delivery_tracking,O00187,D076,2026-08-09 19:23:25,28.993992,77.699489,6.92,6.92,0,delivered,Meerut,Saket
DE000996,delivery_tracking,O00188,D048,2026-08-10 14:23:33,28.948204,77.677923,2.81,0.0,6,picked_up,Meerut,Noida Sector 18
DE000997,delivery_tracking,O00188,D048,2026-08-10 14:24:45,28.956668,77.666987,2.81,0.56,4,out_for_delivery,Meerut,Noida Sector 18
DE000998,delivery_tracking,O00188,D048,2026-08-10 14:25:57,28.956865,77.684949,2.81,1.12,3,out_for_delivery,Meerut,Noida Sector 18
DE000999,delivery_tracking,O00188,D048,2026-08-10 14:27:09,28.961244,77.682001,2.81,1.69,2,out_for_delivery,Meerut,Noida Sector 18
DE001000,delivery_tracking,O00188,D048,2026-08-10 14:28:21,28.967207,77.691546,2.81,2.25,1,out_for_delivery,Meerut,Noida Sector 18
DE001001,delivery_tracking,O00188,D048,2026-08-10 14:29:33,28.974519,77.686045,2.81,2.81,0,delivered,Meerut,Noida Sector 18
DE001002,delivery_tracking,O00189,D098,2026-08-03 19:01:29,28.633798,77.161117,5.83,0.0,23,picked_up,Delhi NCR,Gurugram Cyber City
DE001003,delivery_tracking,O00189,D098,2026-08-03 19:05:19,28.638898,77.164843,5.83,0.97,19,out_for_delivery,Delhi NCR,Gurugram Cyber City
DE001004,delivery_tracking,O00189,D098,2026-08-03 19:09:09,28.635519,77.169122,5.83,1.94,15,out_for_delivery,Delhi NCR,Gurugram Cyber City
DE001005,delivery_tracking,O00189,D098,2026-08-03 19:12:59,28.640727,77.16692,5.83,2.92,11,out_for_delivery,Delhi NCR,Gurugram Cyber City
DE001006,delivery_tracking,O00189,D098,2026-08-03 19:16:49,28.631555,77.169386,5.83,3.89,7,out_for_delivery,Delhi NCR,Gurugram Cyber City
DE001007,delivery_tracking,O00189,D098,2026-08-03 19:20:39,28.635428,77.173073,5.83,4.86,3,out_for_delivery,Delhi NCR,Gurugram Cyber City
DE001008,delivery_tracking,O00189,D098,2026-08-03 19:24:29,28.645617,77.164256,5.83,5.83,0,delivered,Delhi NCR,Gurugram Cyber City
DE001009,delivery_tracking,O00190,D025,2026-08-13 17:48:57,28.982874,77.637577,2.16,0.0,20,picked_up,Meerut,Connaught Place
DE001010,delivery_tracking,O00190,D025,2026-08-13 17:52:17,28.976875,77.64791,2.16,0.36,16,out_for_delivery,Meerut,Connaught Place
DE001011,delivery_tracking,O00190,D025,2026-08-13 17:55:37,28.987827,77.648459,2.16,0.72,13,out_for_delivery,Meerut,Connaught Place
DE001012,delivery_tracking,O00190,D025,2026-08-13 17:58:57,28.978278,77.646904,2.16,1.08,10,out_for_delivery,Meerut,Connaught Place
DE001013,delivery_tracking,O00190,D025,2026-08-13 18:02:17,28.977621,77.650475,2.16,1.44,6,out_for_delivery,Meerut,Connaught Place
DE001014,delivery_tracking,O00190,D025,2026-08-13 18:05:37,28.981015,77.654723,2.16,1.8,3,out_for_delivery,Meerut,Connaught Place
DE001015,delivery_tracking,O00190,D025,2026-08-13 18:08:57,28.982427,77.658247,2.16,2.16,0,delivered,Meerut,Connaught Place
DE001016,delivery_tracking,O00191,D022,2026-08-01 19:39:11,28.959537,77.621253,5.44,0.0,13,picked_up,Meerut,Rohini
DE001017,delivery_tracking,O00191,D022,2026-08-01 19:42:26,28.961128,77.612256,5.44,1.36,9,out_for_delivery,Meerut,Rohini
DE001018,delivery_tracking,O00191,D022,2026-08-01 19:45:41,28.95839,77.623001,5.44,2.72,6,out_for_delivery,Meerut,Rohini
DE001019,delivery_tracking,O00191,D022,2026-08-01 19:48:56,28.969069,77.627138,5.44,4.08,3,out_for_delivery,Meerut,Rohini
DE001020,delivery_tracking,O00191,D022,2026-08-01 19:52:11,28.972827,77.62588,5.44,5.44,0,delivered,Meerut,Rohini
DE001021,delivery_tracking,O00192,D035,2026-08-09 20:03:06,28.980615,77.6773,3.5,0.0,22,picked_up,Meerut,Dwarka
DE001022,delivery_tracking,O00192,D035,2026-08-09 20:08:36,28.991844,77.68161,3.5,0.88,16,out_for_delivery,Meerut,Dwarka
DE001023,delivery_tracking,O00192,D035,2026-08-09 20:14:06,28.977384,77.685618,3.5,1.75,11,out_for_delivery,Meerut,Dwarka
DE001024,delivery_tracking,O00192,D035,2026-08-09 20:19:36,28.997702,77.68586,3.5,2.62,5,out_for_delivery,Meerut,Dwarka
DE001025,delivery_tracking,O00192,D035,2026-08-09 20:25:06,29.004306,77.683836,3.5,3.5,0,delivered,Meerut,Dwarka
DE001026,delivery_tracking,O00193,D035,2026-08-10 15:11:43,28.986126,77.619815,7.56,0.0,14,picked_up,Meerut,Dwarka
DE001027,delivery_tracking,O00193,D035,2026-08-10 15:15:13,28.99294,77.607805,7.56,1.89,10,out_for_delivery,Meerut,Dwarka
DE001028,delivery_tracking,O00193,D035,2026-08-10 15:18:43,28.989221,77.623379,7.56,3.78,7,out_for_delivery,Meerut,Dwarka
DE001029,delivery_tracking,O00193,D035,2026-08-10 15:22:13,29.000553,77.629996,7.56,5.67,3,out_for_delivery,Meerut,Dwarka
DE001030,delivery_tracking,O00193,D035,2026-08-10 15:25:43,28.999328,77.634431,7.56,7.56,0,delivered,Meerut,Dwarka
DE001031,delivery_tracking,O00195,D087,2026-08-03 17:02:57,28.992163,77.607033,11.29,0.0,12,picked_up,Meerut,Rohini
DE001032,delivery_tracking,O00195,D087,2026-08-03 17:04:57,28.981658,77.617733,11.29,1.88,10,out_for_delivery,Meerut,Rohini
DE001033,delivery_tracking,O00195,D087,2026-08-03 17:06:57,28.994555,77.605042,11.29,3.76,8,out_for_delivery,Meerut,Rohini
DE001034,delivery_tracking,O00195,D087,2026-08-03 17:08:57,28.992368,77.626098,11.29,5.64,6,out_for_delivery,Meerut,Rohini
DE001035,delivery_tracking,O00195,D087,2026-08-03 17:10:57,28.994506,77.614304,11.29,7.53,4,out_for_delivery,Meerut,Rohini
DE001036,delivery_tracking,O00195,D087,2026-08-03 17:12:57,28.98851,77.617996,11.29,9.41,2,out_for_delivery,Meerut,Rohini
DE001037,delivery_tracking,O00195,D087,2026-08-03 17:14:57,29.009042,77.62203,11.29,11.29,0,delivered,Meerut,Rohini
DE001038,delivery_tracking,O00197,D015,2026-08-14 15:11:32,29.017298,77.614772,3.18,0.0,22,picked_up,Meerut,Connaught Place
DE001039,delivery_tracking,O00197,D015,2026-08-14 15:17:02,29.008914,77.620898,3.18,0.8,16,out_for_delivery,Meerut,Connaught Place
DE001040,delivery_tracking,O00197,D015,2026-08-14 15:22:32,29.00764,77.627091,3.18,1.59,11,out_for_delivery,Meerut,Connaught Place
DE001041,delivery_tracking,O00197,D015,2026-08-14 15:28:02,29.024483,77.623734,3.18,2.39,5,out_for_delivery,Meerut,Connaught Place
DE001042,delivery_tracking,O00197,D015,2026-08-14 15:33:32,29.028291,77.632857,3.18,3.18,0,delivered,Meerut,Connaught Place
DE001043,delivery_tracking,O00198,D083,2026-08-11 20:34:54,28.694892,77.055718,7.05,0.0,16,picked_up,Delhi NCR,Ganga Nagar
DE001044,delivery_tracking,O00198,D083,2026-08-11 20:37:34,28.694581,77.058587,7.05,1.17,13,out_for_delivery,Delhi NCR,Ganga Nagar
DE001045,delivery_tracking,O00198,D083,2026-08-11 20:40:14,28.706846,77.070546,7.05,2.35,10,out_for_delivery,Delhi NCR,Ganga Nagar
DE001046,delivery_tracking,O00198,D083,2026-08-11 20:42:54,28.711549,77.061405,7.05,3.52,8,out_for_delivery,Delhi NCR,Ganga Nagar
DE001047,delivery_tracking,O00198,D083,2026-08-11 20:45:34,28.708035,77.078548,7.05,4.7,5,out_for_delivery,Delhi NCR,Ganga Nagar
DE001048,delivery_tracking,O00198,D083,2026-08-11 20:48:14,28.715084,77.06583,7.05,5.88,2,out_for_delivery,Delhi NCR,Ganga Nagar
DE001049,delivery_tracking,O00198,D083,2026-08-11 20:50:54,28.705829,77.06565,7.05,7.05,0,delivered,Delhi NCR,Ganga Nagar
DE001050,delivery_tracking,O00199,D004,2026-08-08 17:12:01,28.961115,77.650504,7.07,0.0,9,picked_up,Meerut,Ganga Nagar
DE001051,delivery_tracking,O00199,D004,2026-08-08 17:13:31,28.959912,77.642208,7.07,1.18,7,out_for_delivery,Meerut,Ganga Nagar
DE001052,delivery_tracking,O00199,D004,2026-08-08 17:15:01,28.952047,77.643664,7.07,2.36,6,out_for_delivery,Meerut,Ganga Nagar
DE001053,delivery_tracking,O00199,D004,2026-08-08 17:16:31,28.959598,77.662451,7.07,3.54,4,out_for_delivery,Meerut,Ganga Nagar
DE001054,delivery_tracking,O00199,D004,2026-08-08 17:18:01,28.957133,77.650548,7.07,4.71,3,out_for_delivery,Meerut,Ganga Nagar
DE001055,delivery_tracking,O00199,D004,2026-08-08 17:19:31,28.976715,77.659336,7.07,5.89,1,out_for_delivery,Meerut,Ganga Nagar
DE001056,delivery_tracking,O00199,D004,2026-08-08 17:21:01,28.966862,77.665521,7.07,7.07,0,delivered,Meerut,Ganga Nagar
DE001057,delivery_tracking,O00200,D087,2026-08-01 18:27:18,29.010406,77.679147,1.32,0.0,23,picked_up,Meerut,Rohini
DE001058,delivery_tracking,O00200,D087,2026-08-01 18:34:58,29.024272,77.674477,1.32,0.44,15,out_for_delivery,Meerut,Rohini
DE001059,delivery_tracking,O00200,D087,2026-08-01 18:42:38,29.020177,77.674245,1.32,0.88,7,out_for_delivery,Meerut,Rohini
DE001060,delivery_tracking,O00200,D087,2026-08-01 18:50:18,29.020667,77.687299,1.32,1.32,0,delivered,Meerut,Rohini
DE001061,delivery_tracking,O00201,D074,2026-08-03 20:40:16,28.673289,77.117722,7.81,0.0,10,picked_up,Delhi NCR,Ganga Nagar
DE001062,delivery_tracking,O00201,D074,2026-08-03 20:42:46,28.680949,77.122675,7.81,1.95,7,out_for_delivery,Delhi NCR,Ganga Nagar
DE001063,delivery_tracking,O00201,D074,2026-08-03 20:45:16,28.678003,77.130778,7.81,3.9,5,out_for_delivery,Delhi NCR,Ganga Nagar
DE001064,delivery_tracking,O00201,D074,2026-08-03 20:47:46,28.695157,77.123945,7.81,5.86,2,out_for_delivery,Delhi NCR,Ganga Nagar
DE001065,delivery_tracking,O00201,D074,2026-08-03 20:50:16,28.695483,77.143252,7.81,7.81,0,delivered,Delhi NCR,Ganga Nagar
DE001066,delivery_tracking,O00202,D055,2026-08-06 13:41:40,28.609012,77.121508,7.6,0.0,18,picked_up,Delhi NCR,Saket
DE001067,delivery_tracking,O00202,D055,2026-08-06 13:47:40,28.60577,77.115112,7.6,2.53,12,out_for_delivery,Delhi NCR,Saket
DE001068,delivery_tracking,O00202,D055,2026-08-06 13:53:40,28.61,77.120184,7.6,5.07,6,out_for_delivery,Delhi NCR,Saket
DE001069,delivery_tracking,O00202,D055,2026-08-06 13:59:40,28.619532,77.133202,7.6,7.6,0,delivered,Delhi NCR,Saket
DE001070,delivery_tracking,O00203,D095,2026-08-13 16:02:47,28.598993,77.079474,1.54,0.0,10,picked_up,Delhi NCR,Noida Sector 18
DE001071,delivery_tracking,O00203,D095,2026-08-13 16:04:47,28.605072,77.085364,1.54,0.31,8,out_for_delivery,Delhi NCR,Noida Sector 18
DE001072,delivery_tracking,O00203,D095,2026-08-13 16:06:47,28.621823,77.099257,1.54,0.62,6,out_for_delivery,Delhi NCR,Noida Sector 18
DE001073,delivery_tracking,O00203,D095,2026-08-13 16:08:47,28.613912,77.098971,1.54,0.92,4,out_for_delivery,Delhi NCR,Noida Sector 18
DE001074,delivery_tracking,O00203,D095,2026-08-13 16:10:47,28.613686,77.091311,1.54,1.23,2,out_for_delivery,Delhi NCR,Noida Sector 18
DE001075,delivery_tracking,O00203,D095,2026-08-13 16:12:47,28.629973,77.112094,1.54,1.54,0,delivered,Delhi NCR,Noida Sector 18
DE001076,delivery_tracking,O00204,D049,2026-08-11 11:44:59,28.961128,77.605388,11.16,0.0,21,picked_up,Meerut,Shastri Nagar
DE001077,delivery_tracking,O00204,D049,2026-08-11 11:50:14,28.956544,77.61279,11.16,2.79,15,out_for_delivery,Meerut,Shastri Nagar
DE001078,delivery_tracking,O00204,D049,2026-08-11 11:55:29,28.964721,77.628594,11.16,5.58,10,out_for_delivery,Meerut,Shastri Nagar
DE001079,delivery_tracking,O00204,D049,2026-08-11 12:00:44,28.961371,77.613728,11.16,8.37,5,out_for_delivery,Meerut,Shastri Nagar
DE001080,delivery_tracking,O00204,D049,2026-08-11 12:05:59,28.972551,77.620337,11.16,11.16,0,delivered,Meerut,Shastri Nagar
DE001081,delivery_tracking,O00205,D020,2026-08-06 13:27:40,28.726456,77.199513,3.09,0.0,14,picked_up,Delhi NCR,Gurugram Cyber City
DE001082,delivery_tracking,O00205,D020,2026-08-06 13:30:28,28.725921,77.200705,3.09,0.62,11,out_for_delivery,Delhi NCR,Gurugram Cyber City
DE001083,delivery_tracking,O00205,D020,2026-08-06 13:33:16,28.736375,77.21054,3.09,1.24,8,out_for_delivery,Delhi NCR,Gurugram Cyber City
DE001084,delivery_tracking,O00205,D020,2026-08-06 13:36:04,28.73538,77.204594,3.09,1.85,5,out_for_delivery,Delhi NCR,Gurugram Cyber City
DE001085,delivery_tracking,O00205,D020,2026-08-06 13:38:52,28.736503,77.220651,3.09,2.47,2,out_for_delivery,Delhi NCR,Gurugram Cyber City
DE001086,delivery_tracking,O00205,D020,2026-08-06 13:41:40,28.743164,77.205959,3.09,3.09,0,delivered,Delhi NCR,Gurugram Cyber City
DE001087,delivery_tracking,O00206,D058,2026-08-14 13:48:13,28.653069,77.098458,9.69,0.0,7,picked_up,Delhi NCR,Shastri Nagar
DE001088,delivery_tracking,O00206,D058,2026-08-14 13:50:33,28.657286,77.100387,9.69,3.23,4,out_for_delivery,Delhi NCR,Shastri Nagar
DE001089,delivery_tracking,O00206,D058,2026-08-14 13:52:53,28.661943,77.112126,9.69,6.46,2,out_for_delivery,Delhi NCR,Shastri Nagar
DE001090,delivery_tracking,O00206,D058,2026-08-14 13:55:13,28.665105,77.108683,9.69,9.69,0,delivered,Delhi NCR,Shastri Nagar
DE001091,delivery_tracking,O00207,D030,2026-08-05 20:15:22,28.970636,77.631709,1.63,0.0,10,picked_up,Meerut,Ganga Nagar
DE001092,delivery_tracking,O00207,D030,2026-08-05 20:17:22,28.975641,77.623152,1.63,0.33,8,out_for_delivery,Meerut,Ganga Nagar
DE001093,delivery_tracking,O00207,D030,2026-08-05 20:19:22,28.973812,77.625097,1.63,0.65,6,out_for_delivery,Meerut,Ganga Nagar
DE001094,delivery_tracking,O00207,D030,2026-08-05 20:21:22,28.981832,77.639663,1.63,0.98,4,out_for_delivery,Meerut,Ganga Nagar
DE001095,delivery_tracking,O00207,D030,2026-08-05 20:23:22,28.978594,77.633562,1.63,1.3,2,out_for_delivery,Meerut,Ganga Nagar
DE001096,delivery_tracking,O00207,D030,2026-08-05 20:25:22,28.986133,77.636976,1.63,1.63,0,delivered,Meerut,Ganga Nagar
DE001097,delivery_tracking,O00208,D052,2026-08-14 20:03:41,29.007423,77.649518,7.03,0.0,14,picked_up,Meerut,Ganga Nagar
DE001098,delivery_tracking,O00208,D052,2026-08-14 20:06:01,29.020026,77.658877,7.03,1.17,11,out_for_delivery,Meerut,Ganga Nagar
DE001099,delivery_tracking,O00208,D052,2026-08-14 20:08:21,29.024448,77.661155,7.03,2.34,9,out_for_delivery,Meerut,Ganga Nagar
DE001100,delivery_tracking,O00208,D052,2026-08-14 20:10:41,29.016883,77.67236,7.03,3.52,7,out_for_delivery,Meerut,Ganga Nagar
DE001101,delivery_tracking,O00208,D052,2026-08-14 20:13:01,29.011212,77.66058,7.03,4.69,4,out_for_delivery,Meerut,Ganga Nagar
DE001102,delivery_tracking,O00208,D052,2026-08-14 20:15:21,29.030585,77.666412,7.03,5.86,2,out_for_delivery,Meerut,Ganga Nagar
DE001103,delivery_tracking,O00208,D052,2026-08-14 20:17:41,29.030366,77.672797,7.03,7.03,0,delivered,Meerut,Ganga Nagar
DE001104,delivery_tracking,O00209,D044,2026-08-04 16:42:43,29.005059,77.658016,12.24,0.0,8,picked_up,Meerut,Ganga Nagar
DE001105,delivery_tracking,O00209,D044,2026-08-04 16:44:03,28.995768,77.667121,12.24,2.04,6,out_for_delivery,Meerut,Ganga Nagar
DE001106,delivery_tracking,O00209,D044,2026-08-04 16:45:23,28.994222,77.661104,12.24,4.08,5,out_for_delivery,Meerut,Ganga Nagar
DE001107,delivery_tracking,O00209,D044,2026-08-04 16:46:43,29.004346,77.670462,12.24,6.12,4,out_for_delivery,Meerut,Ganga Nagar
DE001108,delivery_tracking,O00209,D044,2026-08-04 16:48:03,29.01335,77.665796,12.24,8.16,2,out_for_delivery,Meerut,Ganga Nagar
DE001109,delivery_tracking,O00209,D044,2026-08-04 16:49:23,29.000042,77.67749,12.24,10.2,1,out_for_delivery,Meerut,Ganga Nagar
DE001110,delivery_tracking,O00209,D044,2026-08-04 16:50:43,29.001096,77.682712,12.24,12.24,0,delivered,Meerut,Ganga Nagar
DE001111,delivery_tracking,O00210,D024,2026-08-04 12:12:24,29.015368,77.629657,1.32,0.0,17,picked_up,Meerut,Dwarka
DE001112,delivery_tracking,O00210,D024,2026-08-04 12:18:04,29.032648,77.634068,1.32,0.44,11,out_for_delivery,Meerut,Dwarka
DE001113,delivery_tracking,O00210,D024,2026-08-04 12:23:44,29.040857,77.635418,1.32,0.88,5,out_for_delivery,Meerut,Dwarka
DE001114,delivery_tracking,O00210,D024,2026-08-04 12:29:24,29.045194,77.642484,1.32,1.32,0,delivered,Meerut,Dwarka
DE001115,delivery_tracking,O00211,D021,2026-08-10 19:35:37,28.731314,77.21663,10.33,0.0,19,picked_up,Delhi NCR,Shastri Nagar
DE001116,delivery_tracking,O00211,D021,2026-08-10 19:38:47,28.726383,77.231274,10.33,1.72,15,out_for_delivery,Delhi NCR,Shastri Nagar
DE001117,delivery_tracking,O00211,D021,2026-08-10 19:41:57,28.745438,77.227784,10.33,3.44,12,out_for_delivery,Delhi NCR,Shastri Nagar
DE001118,delivery_tracking,O00211,D021,2026-08-10 19:45:07,28.746413,77.239195,10.33,5.17,9,out_for_delivery,Delhi NCR,Shastri Nagar
DE001119,delivery_tracking,O00211,D021,2026-08-10 19:48:17,28.739882,77.242316,10.33,6.89,6,out_for_delivery,Delhi NCR,Shastri Nagar
DE001120,delivery_tracking,O00211,D021,2026-08-10 19:51:27,28.751557,77.236649,10.33,8.61,3,out_for_delivery,Delhi NCR,Shastri Nagar
DE001121,delivery_tracking,O00211,D021,2026-08-10 19:54:37,28.740652,77.243203,10.33,10.33,0,delivered,Delhi NCR,Shastri Nagar
DE001122,delivery_tracking,O00212,D050,2026-08-11 13:06:36,29.006349,77.677416,8.73,0.0,16,picked_up,Meerut,Connaught Place
DE001123,delivery_tracking,O00212,D050,2026-08-11 13:09:16,29.003048,77.672053,8.73,1.46,13,out_for_delivery,Meerut,Connaught Place
DE001124,delivery_tracking,O00212,D050,2026-08-11 13:11:56,29.018231,77.677267,8.73,2.91,10,out_for_delivery,Meerut,Connaught Place
DE001125,delivery_tracking,O00212,D050,2026-08-11 13:14:36,29.021213,77.677881,8.73,4.37,8,out_for_delivery,Meerut,Connaught Place
DE001126,delivery_tracking,O00212,D050,2026-08-11 13:17:16,29.01142,77.676326,8.73,5.82,5,out_for_delivery,Meerut,Connaught Place
DE001127,delivery_tracking,O00212,D050,2026-08-11 13:19:56,29.011516,77.675213,8.73,7.28,2,out_for_delivery,Meerut,Connaught Place
DE001128,delivery_tracking,O00212,D050,2026-08-11 13:22:36,29.0259,77.690691,8.73,8.73,0,delivered,Meerut,Connaught Place
DE001129,delivery_tracking,O00213,D044,2026-08-12 17:17:12,28.995367,77.663495,6.41,0.0,18,picked_up,Meerut,Ganga Nagar
DE001130,delivery_tracking,O00213,D044,2026-08-12 17:20:12,29.011893,77.652998,6.41,1.07,15,out_for_delivery,Meerut,Ganga Nagar
DE001131,delivery_tracking,O00213,D044,2026-08-12 17:23:12,28.997923,77.654097,6.41,2.14,12,out_for_delivery,Meerut,Ganga Nagar
DE001132,delivery_tracking,O00213,D044,2026-08-12 17:26:12,29.005945,77.66528,6.41,3.21,9,out_for_delivery,Meerut,Ganga Nagar
DE001133,delivery_tracking,O00213,D044,2026-08-12 17:29:12,29.010379,77.658638,6.41,4.27,6,out_for_delivery,Meerut,Ganga Nagar
DE001134,delivery_tracking,O00213,D044,2026-08-12 17:32:12,29.020334,77.673134,6.41,5.34,3,out_for_delivery,Meerut,Ganga Nagar
DE001135,delivery_tracking,O00213,D044,2026-08-12 17:35:12,29.010632,77.669248,6.41,6.41,0,delivered,Meerut,Ganga Nagar
DE001136,delivery_tracking,O00214,D087,2026-08-09 13:45:44,28.960139,77.610297,1.75,0.0,13,picked_up,Meerut,Rohini
DE001137,delivery_tracking,O00214,D087,2026-08-09 13:48:59,28.960448,77.614017,1.75,0.44,9,out_for_delivery,Meerut,Rohini
DE001138,delivery_tracking,O00214,D087,2026-08-09 13:52:14,28.98005,77.631075,1.75,0.88,6,out_for_delivery,Meerut,Rohini
DE001139,delivery_tracking,O00214,D087,2026-08-09 13:55:29,28.968652,77.640401,1.75,1.31,3,out_for_delivery,Meerut,Rohini
DE001140,delivery_tracking,O00214,D087,2026-08-09 13:58:44,28.973071,77.641684,1.75,1.75,0,delivered,Meerut,Rohini
DE001141,delivery_tracking,O00215,D093,2026-08-03 10:47:32,28.583056,77.124395,11.81,0.0,18,picked_up,Delhi NCR,Connaught Place
DE001142,delivery_tracking,O00215,D093,2026-08-03 10:52:02,28.586746,77.119321,11.81,2.95,13,out_for_delivery,Delhi NCR,Connaught Place
DE001143,delivery_tracking,O00215,D093,2026-08-03 10:56:32,28.594658,77.131974,11.81,5.91,9,out_for_delivery,Delhi NCR,Connaught Place
DE001144,delivery_tracking,O00215,D093,2026-08-03 11:01:02,28.599575,77.135043,11.81,8.86,4,out_for_delivery,Delhi NCR,Connaught Place
DE001145,delivery_tracking,O00215,D093,2026-08-03 11:05:32,28.598635,77.144024,11.81,11.81,0,delivered,Delhi NCR,Connaught Place
DE001146,delivery_tracking,O00216,D099,2026-08-10 17:27:45,29.015058,77.629891,8.86,0.0,20,picked_up,Meerut,Dwarka
DE001147,delivery_tracking,O00216,D099,2026-08-10 17:31:45,28.999848,77.619917,8.86,1.77,16,out_for_delivery,Meerut,Dwarka
DE001148,delivery_tracking,O00216,D099,2026-08-10 17:35:45,29.01974,77.631542,8.86,3.54,12,out_for_delivery,Meerut,Dwarka
DE001149,delivery_tracking,O00216,D099,2026-08-10 17:39:45,29.014718,77.6404,8.86,5.32,8,out_for_delivery,Meerut,Dwarka
DE001150,delivery_tracking,O00216,D099,2026-08-10 17:43:45,29.017566,77.642656,8.86,7.09,4,out_for_delivery,Meerut,Dwarka
DE001151,delivery_tracking,O00216,D099,2026-08-10 17:47:45,29.010763,77.631988,8.86,8.86,0,delivered,Meerut,Dwarka
DE001152,delivery_tracking,O00217,D040,2026-08-04 21:47:48,29.028658,77.64442,3.51,0.0,12,picked_up,Meerut,Connaught Place
DE001153,delivery_tracking,O00217,D040,2026-08-04 21:49:48,29.021935,77.653218,3.51,0.58,10,out_for_delivery,Meerut,Connaught Place
DE001154,delivery_tracking,O00217,D040,2026-08-04 21:51:48,29.034083,77.653263,3.51,1.17,8,out_for_delivery,Meerut,Connaught Place
DE001155,delivery_tracking,O00217,D040,2026-08-04 21:53:48,29.040924,77.658307,3.51,1.75,6,out_for_delivery,Meerut,Connaught Place
DE001156,delivery_tracking,O00217,D040,2026-08-04 21:55:48,29.029642,77.64832,3.51,2.34,4,out_for_delivery,Meerut,Connaught Place
DE001157,delivery_tracking,O00217,D040,2026-08-04 21:57:48,29.043311,77.656971,3.51,2.92,2,out_for_delivery,Meerut,Connaught Place
DE001158,delivery_tracking,O00217,D040,2026-08-04 21:59:48,29.033718,77.663632,3.51,3.51,0,delivered,Meerut,Connaught Place
DE001159,delivery_tracking,O00218,D088,2026-08-12 21:31:38,29.021196,77.676915,11.98,0.0,12,picked_up,Meerut,Rohini
DE001160,delivery_tracking,O00218,D088,2026-08-12 21:34:38,29.039735,77.687448,11.98,3.0,9,out_for_delivery,Meerut,Rohini
DE001161,delivery_tracking,O00218,D088,2026-08-12 21:37:38,29.031587,77.674125,11.98,5.99,6,out_for_delivery,Meerut,Rohini
DE001162,delivery_tracking,O00218,D088,2026-08-12 21:40:38,29.045111,77.682541,11.98,8.98,3,out_for_delivery,Meerut,Rohini
DE001163,delivery_tracking,O00218,D088,2026-08-12 21:43:38,29.048794,77.68496,11.98,11.98,0,delivered,Meerut,Rohini
DE001164,delivery_tracking,O00219,D032,2026-08-05 14:55:28,28.996815,77.664665,3.1,0.0,16,picked_up,Meerut,Rohini
DE001165,delivery_tracking,O00219,D032,2026-08-05 14:59:28,28.98457,77.660173,3.1,0.78,12,out_for_delivery,Meerut,Rohini
DE001166,delivery_tracking,O00219,D032,2026-08-05 15:03:28,29.005004,77.671471,3.1,1.55,8,out_for_delivery,Meerut,Rohini
DE001167,delivery_tracking,O00219,D032,2026-08-05 15:07:28,29.010104,77.671948,3.1,2.33,4,out_for_delivery,Meerut,Rohini
DE001168,delivery_tracking,O00219,D032,2026-08-05 15:11:28,28.998479,77.678327,3.1,3.1,0,delivered,Meerut,Rohini
DE001169,delivery_tracking,O00220,D060,2026-08-05 17:36:24,29.016833,77.648726,1.35,0.0,7,picked_up,Meerut,Connaught Place
DE001170,delivery_tracking,O00220,D060,2026-08-05 17:37:34,29.007991,77.641607,1.35,0.23,5,out_for_delivery,Meerut,Connaught Place
DE001171,delivery_tracking,O00220,D060,2026-08-05 17:38:44,29.015849,77.646082,1.35,0.45,4,out_for_delivery,Meerut,Connaught Place
DE001172,delivery_tracking,O00220,D060,2026-08-05 17:39:54,29.013703,77.637593,1.35,0.68,3,out_for_delivery,Meerut,Connaught Place
DE001173,delivery_tracking,O00220,D060,2026-08-05 17:41:04,29.02646,77.647013,1.35,0.9,2,out_for_delivery,Meerut,Connaught Place
DE001174,delivery_tracking,O00220,D060,2026-08-05 17:42:14,29.02184,77.645701,1.35,1.13,1,out_for_delivery,Meerut,Connaught Place
DE001175,delivery_tracking,O00220,D060,2026-08-05 17:43:24,29.021754,77.649421,1.35,1.35,0,delivered,Meerut,Connaught Place
DE001176,delivery_tracking,O00221,D066,2026-08-12 17:59:44,29.007906,77.660512,8.33,0.0,9,picked_up,Meerut,Noida Sector 18
DE001177,delivery_tracking,O00221,D066,2026-08-12 18:01:32,29.001745,77.649575,8.33,1.67,7,out_for_delivery,Meerut,Noida Sector 18
DE001178,delivery_tracking,O00221,D066,2026-08-12 18:03:20,29.013365,77.660879,8.33,3.33,5,out_for_delivery,Meerut,Noida Sector 18
DE001179,delivery_tracking,O00221,D066,2026-08-12 18:05:08,29.008026,77.652961,8.33,5.0,3,out_for_delivery,Meerut,Noida Sector 18
DE001180,delivery_tracking,O00221,D066,2026-08-12 18:06:56,29.009644,77.667859,8.33,6.66,1,out_for_delivery,Meerut,Noida Sector 18
DE001181,delivery_tracking,O00221,D066,2026-08-12 18:08:44,29.018485,77.670748,8.33,8.33,0,delivered,Meerut,Noida Sector 18
DE001182,delivery_tracking,O00222,D067,2026-08-04 16:24:53,28.965397,77.650027,9.98,0.0,23,picked_up,Meerut,Dwarka
DE001183,delivery_tracking,O00222,D067,2026-08-04 16:28:43,28.957285,77.662233,9.98,1.66,19,out_for_delivery,Meerut,Dwarka
DE001184,delivery_tracking,O00222,D067,2026-08-04 16:32:33,28.958354,77.670373,9.98,3.33,15,out_for_delivery,Meerut,Dwarka
DE001185,delivery_tracking,O00222,D067,2026-08-04 16:36:23,28.967274,77.665735,9.98,4.99,11,out_for_delivery,Meerut,Dwarka
DE001186,delivery_tracking,O00222,D067,2026-08-04 16:40:13,28.967184,77.668517,9.98,6.65,7,out_for_delivery,Meerut,Dwarka
DE001187,delivery_tracking,O00222,D067,2026-08-04 16:44:03,28.967445,77.666126,9.98,8.32,3,out_for_delivery,Meerut,Dwarka
DE001188,delivery_tracking,O00222,D067,2026-08-04 16:47:53,28.969104,77.674628,9.98,9.98,0,delivered,Meerut,Dwarka
DE001189,delivery_tracking,O00223,D058,2026-08-10 13:40:12,28.59991,77.116139,11.01,0.0,14,picked_up,Delhi NCR,Shastri Nagar
DE001190,delivery_tracking,O00223,D058,2026-08-10 13:43:00,28.606321,77.12825,11.01,2.2,11,out_for_delivery,Delhi NCR,Shastri Nagar
DE001191,delivery_tracking,O00223,D058,2026-08-10 13:45:48,28.619836,77.121736,11.01,4.4,8,out_for_delivery,Delhi NCR,Shastri Nagar
DE001192,delivery_tracking,O00223,D058,2026-08-10 13:48:36,28.612947,77.14365,11.01,6.61,5,out_for_delivery,Delhi NCR,Shastri Nagar
DE001193,delivery_tracking,O00223,D058,2026-08-10 13:51:24,28.623932,77.14333,11.01,8.81,2,out_for_delivery,Delhi NCR,Shastri Nagar
DE001194,delivery_tracking,O00223,D058,2026-08-10 13:54:12,28.614462,77.134767,11.01,11.01,0,delivered,Delhi NCR,Shastri Nagar
DE001195,delivery_tracking,O00224,D049,2026-08-10 19:14:17,29.012712,77.637736,10.43,0.0,14,picked_up,Meerut,Shastri Nagar
DE001196,delivery_tracking,O00224,D049,2026-08-10 19:18:57,29.014332,77.625337,10.43,3.48,9,out_for_delivery,Meerut,Shastri Nagar
DE001197,delivery_tracking,O00224,D049,2026-08-10 19:23:37,29.020617,77.638311,10.43,6.95,4,out_for_delivery,Meerut,Shastri Nagar
DE001198,delivery_tracking,O00224,D049,2026-08-10 19:28:17,29.024915,77.653776,10.43,10.43,0,delivered,Meerut,Shastri Nagar
DE001199,delivery_tracking,O00225,D068,2026-08-05 22:07:52,28.957219,77.659276,1.39,0.0,19,picked_up,Meerut,Dwarka
DE001200,delivery_tracking,O00225,D068,2026-08-05 22:11:40,28.956351,77.672389,1.39,0.28,15,out_for_delivery,Meerut,Dwarka
DE001201,delivery_tracking,O00225,D068,2026-08-05 22:15:28,28.96554,77.667571,1.39,0.56,11,out_for_delivery,Meerut,Dwarka
DE001202,delivery_tracking,O00225,D068,2026-08-05 22:19:16,28.971442,77.682434,1.39,0.83,7,out_for_delivery,Meerut,Dwarka
DE001203,delivery_tracking,O00225,D068,2026-08-05 22:23:04,28.965183,77.679771,1.39,1.11,3,out_for_delivery,Meerut,Dwarka
DE001204,delivery_tracking,O00225,D068,2026-08-05 22:26:52,28.97265,77.671614,1.39,1.39,0,delivered,Meerut,Dwarka
DE001205,delivery_tracking,O00226,D078,2026-08-04 21:30:55,28.954121,77.64642,3.1,0.0,19,picked_up,Meerut,Noida Sector 18
DE001206,delivery_tracking,O00226,D078,2026-08-04 21:35:40,28.971888,77.66076,3.1,0.78,14,out_for_delivery,Meerut,Noida Sector 18
DE001207,delivery_tracking,O00226,D078,2026-08-04 21:40:25,28.958864,77.670379,3.1,1.55,9,out_for_delivery,Meerut,Noida Sector 18
DE001208,delivery_tracking,O00226,D078,2026-08-04 21:45:10,28.961089,77.672841,3.1,2.33,4,out_for_delivery,Meerut,Noida Sector 18
DE001209,delivery_tracking,O00226,D078,2026-08-04 21:49:55,28.970784,77.665681,3.1,3.1,0,delivered,Meerut,Noida Sector 18
DE001210,delivery_tracking,O00227,D093,2026-08-05 20:53:57,28.696567,77.202902,8.48,0.0,14,picked_up,Delhi NCR,Connaught Place
DE001211,delivery_tracking,O00227,D093,2026-08-05 20:56:17,28.705314,77.19844,8.48,1.41,11,out_for_delivery,Delhi NCR,Connaught Place
DE001212,delivery_tracking,O00227,D093,2026-08-05 20:58:37,28.693156,77.197382,8.48,2.83,9,out_for_delivery,Delhi NCR,Connaught Place
DE001213,delivery_tracking,O00227,D093,2026-08-05 21:00:57,28.696808,77.196928,8.48,4.24,7,out_for_delivery,Delhi NCR,Connaught Place
DE001214,delivery_tracking,O00227,D093,2026-08-05 21:03:17,28.700293,77.209045,8.48,5.65,4,out_for_delivery,Delhi NCR,Connaught Place
DE001215,delivery_tracking,O00227,D093,2026-08-05 21:05:37,28.699752,77.218541,8.48,7.07,2,out_for_delivery,Delhi NCR,Connaught Place
DE001216,delivery_tracking,O00227,D093,2026-08-05 21:07:57,28.709945,77.204749,8.48,8.48,0,delivered,Delhi NCR,Connaught Place
DE001217,delivery_tracking,O00228,D074,2026-08-12 10:45:03,28.567636,77.058161,8.7,0.0,14,picked_up,Delhi NCR,Ganga Nagar
DE001218,delivery_tracking,O00228,D074,2026-08-12 10:47:23,28.569754,77.048716,8.7,1.45,11,out_for_delivery,Delhi NCR,Ganga Nagar
DE001219,delivery_tracking,O00228,D074,2026-08-12 10:49:43,28.579917,77.049786,8.7,2.9,9,out_for_delivery,Delhi NCR,Ganga Nagar
DE001220,delivery_tracking,O00228,D074,2026-08-12 10:52:03,28.574485,77.064279,8.7,4.35,7,out_for_delivery,Delhi NCR,Ganga Nagar
DE001221,delivery_tracking,O00228,D074,2026-08-12 10:54:23,28.5883,77.068393,8.7,5.8,4,out_for_delivery,Delhi NCR,Ganga Nagar
DE001222,delivery_tracking,O00228,D074,2026-08-12 10:56:43,28.574504,77.06074,8.7,7.25,2,out_for_delivery,Delhi NCR,Ganga Nagar
DE001223,delivery_tracking,O00228,D074,2026-08-12 10:59:03,28.586365,77.07061,8.7,8.7,0,delivered,Delhi NCR,Ganga Nagar
DE001224,delivery_tracking,O00229,D081,2026-08-14 13:47:18,29.02823,77.661377,11.63,0.0,7,picked_up,Meerut,Gurugram Cyber City
DE001225,delivery_tracking,O00229,D081,2026-08-14 13:48:42,29.028513,77.671013,11.63,2.33,5,out_for_delivery,Meerut,Gurugram Cyber City
DE001226,delivery_tracking,O00229,D081,2026-08-14 13:50:06,29.025501,77.66094,11.63,4.65,4,out_for_delivery,Meerut,Gurugram Cyber City
DE001227,delivery_tracking,O00229,D081,2026-08-14 13:51:30,29.0311,77.676998,11.63,6.98,2,out_for_delivery,Meerut,Gurugram Cyber City
DE001228,delivery_tracking,O00229,D081,2026-08-14 13:52:54,29.035697,77.668013,11.63,9.3,1,out_for_delivery,Meerut,Gurugram Cyber City
DE001229,delivery_tracking,O00229,D081,2026-08-14 13:54:18,29.034099,77.668852,11.63,11.63,0,delivered,Meerut,Gurugram Cyber City
DE001230,delivery_tracking,O00230,D090,2026-08-14 18:52:06,28.979374,77.605499,2.75,0.0,15,picked_up,Meerut,Ganga Nagar
DE001231,delivery_tracking,O00230,D090,2026-08-14 18:55:51,28.980061,77.61258,2.75,0.69,11,out_for_delivery,Meerut,Ganga Nagar
DE001232,delivery_tracking,O00230,D090,2026-08-14 18:59:36,28.987909,77.611125,2.75,1.38,7,out_for_delivery,Meerut,Ganga Nagar
DE001233,delivery_tracking,O00230,D090,2026-08-14 19:03:21,28.990247,77.630004,2.75,2.06,3,out_for_delivery,Meerut,Ganga Nagar
DE001234,delivery_tracking,O00230,D090,2026-08-14 19:07:06,28.985818,77.63624,2.75,2.75,0,delivered,Meerut,Ganga Nagar
DE001235,delivery_tracking,O00231,D022,2026-08-01 11:52:30,28.948773,77.621192,8.28,0.0,12,picked_up,Meerut,Rohini
DE001236,delivery_tracking,O00231,D022,2026-08-01 11:54:30,28.948669,77.626672,8.28,1.38,10,out_for_delivery,Meerut,Rohini
DE001237,delivery_tracking,O00231,D022,2026-08-01 11:56:30,28.963236,77.634092,8.28,2.76,8,out_for_delivery,Meerut,Rohini
DE001238,delivery_tracking,O00231,D022,2026-08-01 11:58:30,28.963634,77.618561,8.28,4.14,6,out_for_delivery,Meerut,Rohini
DE001239,delivery_tracking,O00231,D022,2026-08-01 12:00:30,28.961993,77.635632,8.28,5.52,4,out_for_delivery,Meerut,Rohini
DE001240,delivery_tracking,O00231,D022,2026-08-01 12:02:30,28.962861,77.634415,8.28,6.9,2,out_for_delivery,Meerut,Rohini
DE001241,delivery_tracking,O00231,D022,2026-08-01 12:04:30,28.966622,77.6245,8.28,8.28,0,delivered,Meerut,Rohini
DE001242,delivery_tracking,O00232,D016,2026-08-08 21:00:58,28.965139,77.618197,12.5,0.0,17,picked_up,Meerut,Ganga Nagar
DE001243,delivery_tracking,O00232,D016,2026-08-08 21:04:22,28.982774,77.606717,12.5,2.5,13,out_for_delivery,Meerut,Ganga Nagar
DE001244,delivery_tracking,O00232,D016,2026-08-08 21:07:46,28.986126,77.606414,12.5,5.0,10,out_for_delivery,Meerut,Ganga Nagar
DE001245,delivery_tracking,O00232,D016,2026-08-08 21:11:10,28.98399,77.619747,12.5,7.5,6,out_for_delivery,Meerut,Ganga Nagar
DE001246,delivery_tracking,O00232,D016,2026-08-08 21:14:34,28.992113,77.62179,12.5,10.0,3,out_for_delivery,Meerut,Ganga Nagar
DE001247,delivery_tracking,O00232,D016,2026-08-08 21:17:58,28.989247,77.626713,12.5,12.5,0,delivered,Meerut,Ganga Nagar
DE001248,delivery_tracking,O00234,D012,2026-08-09 15:16:48,29.028847,77.671268,4.01,0.0,14,picked_up,Meerut,Ganga Nagar
DE001249,delivery_tracking,O00234,D012,2026-08-09 15:19:36,29.030205,77.679272,4.01,0.8,11,out_for_delivery,Meerut,Ganga Nagar
DE001250,delivery_tracking,O00234,D012,2026-08-09 15:22:24,29.032117,77.68809,4.01,1.6,8,out_for_delivery,Meerut,Ganga Nagar
DE001251,delivery_tracking,O00234,D012,2026-08-09 15:25:12,29.031706,77.682134,4.01,2.41,5,out_for_delivery,Meerut,Ganga Nagar
DE001252,delivery_tracking,O00234,D012,2026-08-09 15:28:00,29.03186,77.67635,4.01,3.21,2,out_for_delivery,Meerut,Ganga Nagar
DE001253,delivery_tracking,O00234,D012,2026-08-09 15:30:48,29.047059,77.682112,4.01,4.01,0,delivered,Meerut,Ganga Nagar
DE001254,delivery_tracking,O00235,D039,2026-08-14 13:30:38,28.966596,77.645289,4.15,0.0,16,picked_up,Meerut,Saket
DE001255,delivery_tracking,O00235,D039,2026-08-14 13:33:50,28.95893,77.633561,4.15,0.83,12,out_for_delivery,Meerut,Saket
DE001256,delivery_tracking,O00235,D039,2026-08-14 13:37:02,28.971657,77.637873,4.15,1.66,9,out_for_delivery,Meerut,Saket
DE001257,delivery_tracking,O00235,D039,2026-08-14 13:40:14,28.974728,77.648397,4.15,2.49,6,out_for_delivery,Meerut,Saket
DE001258,delivery_tracking,O00235,D039,2026-08-14 13:43:26,28.979354,77.649758,4.15,3.32,3,out_for_delivery,Meerut,Saket
DE001259,delivery_tracking,O00235,D039,2026-08-14 13:46:38,28.981021,77.651714,4.15,4.15,0,delivered,Meerut,Saket
DE001260,delivery_tracking,O00236,D020,2026-08-06 16:49:01,28.61549,77.122665,1.95,0.0,18,picked_up,Delhi NCR,Gurugram Cyber City
DE001261,delivery_tracking,O00236,D020,2026-08-06 16:52:37,28.621037,77.111662,1.95,0.39,14,out_for_delivery,Delhi NCR,Gurugram Cyber City
DE001262,delivery_tracking,O00236,D020,2026-08-06 16:56:13,28.638154,77.117148,1.95,0.78,10,out_for_delivery,Delhi NCR,Gurugram Cyber City
DE001263,delivery_tracking,O00236,D020,2026-08-06 16:59:49,28.6406,77.131358,1.95,1.17,7,out_for_delivery,Delhi NCR,Gurugram Cyber City
DE001264,delivery_tracking,O00236,D020,2026-08-06 17:03:25,28.627034,77.129233,1.95,1.56,3,out_for_delivery,Delhi NCR,Gurugram Cyber City
DE001265,delivery_tracking,O00236,D020,2026-08-06 17:07:01,28.645074,77.13348,1.95,1.95,0,delivered,Delhi NCR,Gurugram Cyber City
DE001266,delivery_tracking,O00237,D013,2026-08-09 15:57:36,29.026977,77.635086,5.1,0.0,12,picked_up,Meerut,Connaught Place
DE001267,delivery_tracking,O00237,D013,2026-08-09 15:59:36,29.02013,77.645306,5.1,0.85,10,out_for_delivery,Meerut,Connaught Place
DE001268,delivery_tracking,O00237,D013,2026-08-09 16:01:36,29.02555,77.640062,5.1,1.7,8,out_for_delivery,Meerut,Connaught Place
DE001269,delivery_tracking,O00237,D013,2026-08-09 16:03:36,29.032516,77.654743,5.1,2.55,6,out_for_delivery,Meerut,Connaught Place
DE001270,delivery_tracking,O00237,D013,2026-08-09 16:05:36,29.028497,77.657043,5.1,3.4,4,out_for_delivery,Meerut,Connaught Place
DE001271,delivery_tracking,O00237,D013,2026-08-09 16:07:36,29.04943,77.659185,5.1,4.25,2,out_for_delivery,Meerut,Connaught Place
DE001272,delivery_tracking,O00237,D013,2026-08-09 16:09:36,29.037422,77.659709,5.1,5.1,0,delivered,Meerut,Connaught Place
DE001273,delivery_tracking,O00238,D024,2026-08-08 16:14:29,28.966109,77.59966,5.79,0.0,9,picked_up,Meerut,Dwarka
DE001274,delivery_tracking,O00238,D024,2026-08-08 16:16:44,28.952109,77.614976,5.79,1.45,6,out_for_delivery,Meerut,Dwarka
DE001275,delivery_tracking,O00238,D024,2026-08-08 16:18:59,28.965794,77.613715,5.79,2.9,4,out_for_delivery,Meerut,Dwarka
DE001276,delivery_tracking,O00238,D024,2026-08-08 16:21:14,28.975948,77.626851,5.79,4.34,2,out_for_delivery,Meerut,Dwarka
DE001277,delivery_tracking,O00238,D024,2026-08-08 16:23:29,28.970691,77.621532,5.79,5.79,0,delivered,Meerut,Dwarka
DE001278,delivery_tracking,O00240,D032,2026-08-12 21:24:52,28.991005,77.669608,2.05,0.0,9,picked_up,Meerut,Rohini
DE001279,delivery_tracking,O00240,D032,2026-08-12 21:26:22,29.002989,77.675458,2.05,0.34,7,out_for_delivery,Meerut,Rohini
DE001280,delivery_tracking,O00240,D032,2026-08-12 21:27:52,28.999676,77.687833,2.05,0.68,6,out_for_delivery,Meerut,Rohini
DE001281,delivery_tracking,O00240,D032,2026-08-12 21:29:22,29.00561,77.690855,2.05,1.02,4,out_for_delivery,Meerut,Rohini
DE001282,delivery_tracking,O00240,D032,2026-08-12 21:30:52,28.996896,77.685861,2.05,1.37,3,out_for_delivery,Meerut,Rohini
DE001283,delivery_tracking,O00240,D032,2026-08-12 21:32:22,28.99889,77.678743,2.05,1.71,1,out_for_delivery,Meerut,Rohini
DE001284,delivery_tracking,O00240,D032,2026-08-12 21:33:52,29.008718,77.689071,2.05,2.05,0,delivered,Meerut,Rohini
DE001285,delivery_tracking,O00241,D083,2026-08-09 11:26:29,28.686513,77.130255,2.41,0.0,13,picked_up,Delhi NCR,Ganga Nagar
DE001286,delivery_tracking,O00241,D083,2026-08-09 11:30:49,28.691182,77.1357,2.41,0.8,8,out_for_delivery,Delhi NCR,Ganga Nagar
DE001287,delivery_tracking,O00241,D083,2026-08-09 11:35:09,28.697561,77.13289,2.41,1.61,4,out_for_delivery,Delhi NCR,Ganga Nagar
DE001288,delivery_tracking,O00241,D083,2026-08-09 11:39:29,28.709235,77.138526,2.41,2.41,0,delivered,Delhi NCR,Ganga Nagar
DE001289,delivery_tracking,O00242,D029,2026-08-08 16:53:19,28.614061,77.219801,5.2,0.0,8,picked_up,Delhi NCR,Shastri Nagar
DE001290,delivery_tracking,O00242,D029,2026-08-08 16:55:19,28.618271,77.226274,5.2,1.3,6,out_for_delivery,Delhi NCR,Shastri Nagar
DE001291,delivery_tracking,O00242,D029,2026-08-08 16:57:19,28.625972,77.222235,5.2,2.6,4,out_for_delivery,Delhi NCR,Shastri Nagar
DE001292,delivery_tracking,O00242,D029,2026-08-08 16:59:19,28.636421,77.24432,5.2,3.9,2,out_for_delivery,Delhi NCR,Shastri Nagar
DE001293,delivery_tracking,O00242,D029,2026-08-08 17:01:19,28.646041,77.248761,5.2,5.2,0,delivered,Delhi NCR,Shastri Nagar
DE001294,delivery_tracking,O00243,D063,2026-08-09 18:06:43,28.556296,77.18373,2.63,0.0,5,picked_up,Delhi NCR,Noida Sector 18
DE001295,delivery_tracking,O00243,D063,2026-08-09 18:08:23,28.567259,77.196636,2.63,0.88,3,out_for_delivery,Delhi NCR,Noida Sector 18
DE001296,delivery_tracking,O00243,D063,2026-08-09 18:10:03,28.561416,77.192677,2.63,1.75,1,out_for_delivery,Delhi NCR,Noida Sector 18
DE001297,delivery_tracking,O00243,D063,2026-08-09 18:11:43,28.567448,77.207106,2.63,2.63,0,delivered,Delhi NCR,Noida Sector 18
DE001298,delivery_tracking,O00244,D020,2026-08-12 18:36:15,28.684002,77.157564,9.18,0.0,14,picked_up,Delhi NCR,Gurugram Cyber City
DE001299,delivery_tracking,O00244,D020,2026-08-12 18:39:45,28.696557,77.147191,9.18,2.29,10,out_for_delivery,Delhi NCR,Gurugram Cyber City
DE001300,delivery_tracking,O00244,D020,2026-08-12 18:43:15,28.690138,77.155992,9.18,4.59,7,out_for_delivery,Delhi NCR,Gurugram Cyber City
DE001301,delivery_tracking,O00244,D020,2026-08-12 18:46:45,28.696956,77.15556,9.18,6.88,3,out_for_delivery,Delhi NCR,Gurugram Cyber City
DE001302,delivery_tracking,O00244,D020,2026-08-12 18:50:15,28.698153,77.15582,9.18,9.18,0,delivered,Delhi NCR,Gurugram Cyber City
DE001303,delivery_tracking,O00245,D007,2026-08-07 16:54:19,28.617655,77.246502,1.78,0.0,20,picked_up,Delhi NCR,Gurugram Cyber City
DE001304,delivery_tracking,O00245,D007,2026-08-07 16:57:39,28.61885,77.23111,1.78,0.3,16,out_for_delivery,Delhi NCR,Gurugram Cyber City
DE001305,delivery_tracking,O00245,D007,2026-08-07 17:00:59,28.630924,77.240033,1.78,0.59,13,out_for_delivery,Delhi NCR,Gurugram Cyber City
DE001306,delivery_tracking,O00245,D007,2026-08-07 17:04:19,28.625922,77.241703,1.78,0.89,10,out_for_delivery,Delhi NCR,Gurugram Cyber City
DE001307,delivery_tracking,O00245,D007,2026-08-07 17:07:39,28.634846,77.247218,1.78,1.19,6,out_for_delivery,Delhi NCR,Gurugram Cyber City
DE001308,delivery_tracking,O00245,D007,2026-08-07 17:10:59,28.63026,77.250925,1.78,1.48,3,out_for_delivery,Delhi NCR,Gurugram Cyber City
DE001309,delivery_tracking,O00245,D007,2026-08-07 17:14:19,28.634401,77.24583,1.78,1.78,0,delivered,Delhi NCR,Gurugram Cyber City
DE001310,delivery_tracking,O00246,D088,2026-08-09 12:43:23,29.003266,77.608544,11.23,0.0,11,picked_up,Meerut,Rohini
DE001311,delivery_tracking,O00246,D088,2026-08-09 12:46:08,29.00513,77.622215,11.23,2.81,8,out_for_delivery,Meerut,Rohini
DE001312,delivery_tracking,O00246,D088,2026-08-09 12:48:53,29.019287,77.613158,11.23,5.62,5,out_for_delivery,Meerut,Rohini
DE001313,delivery_tracking,O00246,D088,2026-08-09 12:51:38,29.020141,77.626098,11.23,8.42,2,out_for_delivery,Meerut,Rohini
DE001314,delivery_tracking,O00246,D088,2026-08-09 12:54:23,29.025078,77.617702,11.23,11.23,0,delivered,Meerut,Rohini
DE001315,delivery_tracking,O00247,D054,2026-08-09 21:40:57,28.742472,77.212111,6.66,0.0,11,picked_up,Delhi NCR,Saket
DE001316,delivery_tracking,O00247,D054,2026-08-09 21:43:42,28.736818,77.202836,6.66,1.67,8,out_for_delivery,Delhi NCR,Saket
DE001317,delivery_tracking,O00247,D054,2026-08-09 21:46:27,28.749312,77.221565,6.66,3.33,5,out_for_delivery,Delhi NCR,Saket
DE001318,delivery_tracking,O00247,D054,2026-08-09 21:49:12,28.755615,77.224241,6.66,5.0,2,out_for_delivery,Delhi NCR,Saket
DE001319,delivery_tracking,O00247,D054,2026-08-09 21:51:57,28.753439,77.226871,6.66,6.66,0,delivered,Delhi NCR,Saket
DE001320,delivery_tracking,O00248,D010,2026-08-03 17:59:32,29.020409,77.667663,3.66,0.0,15,picked_up,Meerut,Shastri Nagar
DE001321,delivery_tracking,O00248,D010,2026-08-03 18:02:02,29.018009,77.672801,3.66,0.61,12,out_for_delivery,Meerut,Shastri Nagar
DE001322,delivery_tracking,O00248,D010,2026-08-03 18:04:32,29.02126,77.663622,3.66,1.22,10,out_for_delivery,Meerut,Shastri Nagar
DE001323,delivery_tracking,O00248,D010,2026-08-03 18:07:02,29.020214,77.66523,3.66,1.83,7,out_for_delivery,Meerut,Shastri Nagar
DE001324,delivery_tracking,O00248,D010,2026-08-03 18:09:32,29.031004,77.669089,3.66,2.44,5,out_for_delivery,Meerut,Shastri Nagar
DE001325,delivery_tracking,O00248,D010,2026-08-03 18:12:02,29.035625,77.684593,3.66,3.05,2,out_for_delivery,Meerut,Shastri Nagar
DE001326,delivery_tracking,O00248,D010,2026-08-03 18:14:32,29.030888,77.670911,3.66,3.66,0,delivered,Meerut,Shastri Nagar
DE001327,delivery_tracking,O00249,D007,2026-08-11 14:09:13,28.674816,77.105135,9.36,0.0,16,picked_up,Delhi NCR,Gurugram Cyber City
DE001328,delivery_tracking,O00249,D007,2026-08-11 14:14:33,28.674406,77.124537,9.36,3.12,10,out_for_delivery,Delhi NCR,Gurugram Cyber City
DE001329,delivery_tracking,O00249,D007,2026-08-11 14:19:53,28.67789,77.120047,9.36,6.24,5,out_for_delivery,Delhi NCR,Gurugram Cyber City
DE001330,delivery_tracking,O00249,D007,2026-08-11 14:25:13,28.677609,77.133073,9.36,9.36,0,delivered,Delhi NCR,Gurugram Cyber City
DE001331,delivery_tracking,O00250,D093,2026-08-12 21:42:41,28.626465,77.147255,8.32,0.0,16,picked_up,Delhi NCR,Connaught Place
DE001332,delivery_tracking,O00250,D093,2026-08-12 21:45:21,28.623467,77.135341,8.32,1.39,13,out_for_delivery,Delhi NCR,Connaught Place
DE001333,delivery_tracking,O00250,D093,2026-08-12 21:48:01,28.627793,77.151458,8.32,2.77,10,out_for_delivery,Delhi NCR,Connaught Place
DE001334,delivery_tracking,O00250,D093,2026-08-12 21:50:41,28.63037,77.146522,8.32,4.16,8,out_for_delivery,Delhi NCR,Connaught Place
DE001335,delivery_tracking,O00250,D093,2026-08-12 21:53:21,28.643682,77.152162,8.32,5.55,5,out_for_delivery,Delhi NCR,Connaught Place
DE001336,delivery_tracking,O00250,D093,2026-08-12 21:56:01,28.632014,77.14497,8.32,6.93,2,out_for_delivery,Delhi NCR,Connaught Place
DE001337,delivery_tracking,O00250,D093,2026-08-12 21:58:41,28.637647,77.152095,8.32,8.32,0,delivered,Delhi NCR,Connaught Place
DE001338,delivery_tracking,O00251,D009,2026-08-03 11:44:15,28.545354,77.221506,5.54,0.0,11,picked_up,Delhi NCR,Rohini
DE001339,delivery_tracking,O00251,D009,2026-08-03 11:47:55,28.553064,77.229875,5.54,1.85,7,out_for_delivery,Delhi NCR,Rohini
DE001340,delivery_tracking,O00251,D009,2026-08-03 11:51:35,28.564703,77.231951,5.54,3.69,3,out_for_delivery,Delhi NCR,Rohini
DE001341,delivery_tracking,O00251,D009,2026-08-03 11:55:15,28.557898,77.236937,5.54,5.54,0,delivered,Delhi NCR,Rohini
DE001342,delivery_tracking,O00252,D091,2026-08-02 13:26:30,28.960739,77.658045,9.02,0.0,12,picked_up,Meerut,Noida Sector 18
DE001343,delivery_tracking,O00252,D091,2026-08-02 13:30:30,28.972575,77.6693,9.02,3.01,8,out_for_delivery,Meerut,Noida Sector 18
DE001344,delivery_tracking,O00252,D091,2026-08-02 13:34:30,28.95987,77.67048,9.02,6.01,4,out_for_delivery,Meerut,Noida Sector 18
DE001345,delivery_tracking,O00252,D091,2026-08-02 13:38:30,28.96938,77.678702,9.02,9.02,0,delivered,Meerut,Noida Sector 18
DE001346,delivery_tracking,O00253,D029,2026-08-11 16:54:56,28.63001,77.237031,2.06,0.0,13,picked_up,Delhi NCR,Shastri Nagar
DE001347,delivery_tracking,O00253,D029,2026-08-11 16:59:16,28.62066,77.24055,2.06,0.69,8,out_for_delivery,Delhi NCR,Shastri Nagar
DE001348,delivery_tracking,O00253,D029,2026-08-11 17:03:36,28.634091,77.248529,2.06,1.37,4,out_for_delivery,Delhi NCR,Shastri Nagar
DE001349,delivery_tracking,O00253,D029,2026-08-11 17:07:56,28.630103,77.253286,2.06,2.06,0,delivered,Delhi NCR,Shastri Nagar
DE001350,delivery_tracking,O00254,D045,2026-08-02 15:18:31,29.005107,77.636824,5.61,0.0,11,picked_up,Meerut,Noida Sector 18
DE001351,delivery_tracking,O00254,D045,2026-08-02 15:22:11,29.022378,77.636168,5.61,1.87,7,out_for_delivery,Meerut,Noida Sector 18
DE001352,delivery_tracking,O00254,D045,2026-08-02 15:25:51,29.019305,77.640825,5.61,3.74,3,out_for_delivery,Meerut,Noida Sector 18
DE001353,delivery_tracking,O00254,D045,2026-08-02 15:29:31,29.033194,77.650327,5.61,5.61,0,delivered,Meerut,Noida Sector 18
DE001354,delivery_tracking,O00255,D062,2026-08-12 17:07:50,28.627464,77.171725,7.22,0.0,19,picked_up,Delhi NCR,Connaught Place
DE001355,delivery_tracking,O00255,D062,2026-08-12 17:11:00,28.635651,77.163079,7.22,1.2,15,out_for_delivery,Delhi NCR,Connaught Place
DE001356,delivery_tracking,O00255,D062,2026-08-12 17:14:10,28.62367,77.168427,7.22,2.41,12,out_for_delivery,Delhi NCR,Connaught Place
DE001357,delivery_tracking,O00255,D062,2026-08-12 17:17:20,28.628491,77.180705,7.22,3.61,9,out_for_delivery,Delhi NCR,Connaught Place
DE001358,delivery_tracking,O00255,D062,2026-08-12 17:20:30,28.634173,77.175671,7.22,4.81,6,out_for_delivery,Delhi NCR,Connaught Place
DE001359,delivery_tracking,O00255,D062,2026-08-12 17:23:40,28.632097,77.170896,7.22,6.02,3,out_for_delivery,Delhi NCR,Connaught Place
DE001360,delivery_tracking,O00255,D062,2026-08-12 17:26:50,28.650153,77.17841,7.22,7.22,0,delivered,Delhi NCR,Connaught Place
DE001361,delivery_tracking,O00256,D038,2026-08-08 13:04:54,29.030448,77.62121,5.47,0.0,7,picked_up,Meerut,Gurugram Cyber City
DE001362,delivery_tracking,O00256,D038,2026-08-08 13:07:14,29.038942,77.642144,5.47,1.82,4,out_for_delivery,Meerut,Gurugram Cyber City
DE001363,delivery_tracking,O00256,D038,2026-08-08 13:09:34,29.027797,77.63704,5.47,3.65,2,out_for_delivery,Meerut,Gurugram Cyber City
DE001364,delivery_tracking,O00256,D038,2026-08-08 13:11:54,29.033773,77.636276,5.47,5.47,0,delivered,Meerut,Gurugram Cyber City
DE001365,delivery_tracking,O00257,D054,2026-08-03 12:58:47,28.678557,77.161052,2.46,0.0,8,picked_up,Delhi NCR,Saket
DE001366,delivery_tracking,O00257,D054,2026-08-03 13:00:47,28.688894,77.178183,2.46,0.61,6,out_for_delivery,Delhi NCR,Saket
DE001367,delivery_tracking,O00257,D054,2026-08-03 13:02:47,28.69351,77.179418,2.46,1.23,4,out_for_delivery,Delhi NCR,Saket
DE001368,delivery_tracking,O00257,D054,2026-08-03 13:04:47,28.696331,77.190468,2.46,1.84,2,out_for_delivery,Delhi NCR,Saket
DE001369,delivery_tracking,O00257,D054,2026-08-03 13:06:47,28.693528,77.190022,2.46,2.46,0,delivered,Delhi NCR,Saket
DE001370,delivery_tracking,O00258,D035,2026-08-02 18:49:08,28.988475,77.633371,6.59,0.0,12,picked_up,Meerut,Dwarka
DE001371,delivery_tracking,O00258,D035,2026-08-02 18:53:08,28.981303,77.627606,6.59,2.2,8,out_for_delivery,Meerut,Dwarka
DE001372,delivery_tracking,O00258,D035,2026-08-02 18:57:08,28.983964,77.642501,6.59,4.39,4,out_for_delivery,Meerut,Dwarka
DE001373,delivery_tracking,O00258,D035,2026-08-02 19:01:08,29.00434,77.635999,6.59,6.59,0,delivered,Meerut,Dwarka
DE001374,delivery_tracking,O00259,D070,2026-08-02 11:32:38,28.98606,77.655082,12.24,0.0,9,picked_up,Meerut,Shastri Nagar
DE001375,delivery_tracking,O00259,D070,2026-08-02 11:35:38,28.996271,77.677829,12.24,4.08,6,out_for_delivery,Meerut,Shastri Nagar
DE001376,delivery_tracking,O00259,D070,2026-08-02 11:38:38,29.010133,77.682393,12.24,8.16,3,out_for_delivery,Meerut,Shastri Nagar
DE001377,delivery_tracking,O00259,D070,2026-08-02 11:41:38,29.010103,77.674508,12.24,12.24,0,delivered,Meerut,Shastri Nagar
DE001378,delivery_tracking,O00260,D046,2026-08-03 22:00:06,28.964785,77.614642,7.83,0.0,17,picked_up,Meerut,Saket
DE001379,delivery_tracking,O00260,D046,2026-08-03 22:02:56,28.984766,77.609254,7.83,1.3,14,out_for_delivery,Meerut,Saket
DE001380,delivery_tracking,O00260,D046,2026-08-03 22:05:46,28.972522,77.620752,7.83,2.61,11,out_for_delivery,Meerut,Saket
DE001381,delivery_tracking,O00260,D046,2026-08-03 22:08:36,28.973527,77.623994,7.83,3.92,8,out_for_delivery,Meerut,Saket
DE001382,delivery_tracking,O00260,D046,2026-08-03 22:11:26,28.993078,77.622155,7.83,5.22,5,out_for_delivery,Meerut,Saket
DE001383,delivery_tracking,O00260,D046,2026-08-03 22:14:16,28.995555,77.626798,7.83,6.53,2,out_for_delivery,Meerut,Saket
DE001384,delivery_tracking,O00260,D046,2026-08-03 22:17:06,28.988675,77.632496,7.83,7.83,0,delivered,Meerut,Saket
DE001385,delivery_tracking,O00261,D044,2026-08-05 16:04:54,29.015321,77.620789,8.29,0.0,15,picked_up,Meerut,Ganga Nagar
DE001386,delivery_tracking,O00261,D044,2026-08-05 16:07:54,29.023007,77.606153,8.29,1.66,12,out_for_delivery,Meerut,Ganga Nagar
DE001387,delivery_tracking,O00261,D044,2026-08-05 16:10:54,29.01226,77.613684,8.29,3.32,9,out_for_delivery,Meerut,Ganga Nagar
DE001388,delivery_tracking,O00261,D044,2026-08-05 16:13:54,29.032059,77.613639,8.29,4.97,6,out_for_delivery,Meerut,Ganga Nagar
DE001389,delivery_tracking,O00261,D044,2026-08-05 16:16:54,29.02198,77.620676,8.29,6.63,3,out_for_delivery,Meerut,Ganga Nagar
DE001390,delivery_tracking,O00261,D044,2026-08-05 16:19:54,29.021163,77.619994,8.29,8.29,0,delivered,Meerut,Ganga Nagar
DE001391,delivery_tracking,O00262,D034,2026-08-08 15:06:56,29.00192,77.63891,5.82,0.0,14,picked_up,Meerut,Saket
DE001392,delivery_tracking,O00262,D034,2026-08-08 15:09:44,29.007566,77.633523,5.82,1.16,11,out_for_delivery,Meerut,Saket
DE001393,delivery_tracking,O00262,D034,2026-08-08 15:12:32,29.017958,77.644917,5.82,2.33,8,out_for_delivery,Meerut,Saket
DE001394,delivery_tracking,O00262,D034,2026-08-08 15:15:20,29.015859,77.647144,5.82,3.49,5,out_for_delivery,Meerut,Saket
DE001395,delivery_tracking,O00262,D034,2026-08-08 15:18:08,29.021268,77.642163,5.82,4.66,2,out_for_delivery,Meerut,Saket
DE001396,delivery_tracking,O00262,D034,2026-08-08 15:20:56,29.025871,77.640425,5.82,5.82,0,delivered,Meerut,Saket
DE001397,delivery_tracking,O00263,D038,2026-08-07 12:58:25,28.995537,77.615316,8.46,0.0,18,picked_up,Meerut,Gurugram Cyber City
DE001398,delivery_tracking,O00263,D038,2026-08-07 13:04:25,28.997553,77.605855,8.46,2.82,12,out_for_delivery,Meerut,Gurugram Cyber City
DE001399,delivery_tracking,O00263,D038,2026-08-07 13:10:25,28.993763,77.613212,8.46,5.64,6,out_for_delivery,Meerut,Gurugram Cyber City
DE001400,delivery_tracking,O00263,D038,2026-08-07 13:16:25,29.012117,77.621592,8.46,8.46,0,delivered,Meerut,Gurugram Cyber City
DE001401,delivery_tracking,O00264,D061,2026-08-02 14:49:02,28.698993,77.253073,1.91,0.0,19,picked_up,Delhi NCR,Connaught Place
DE001402,delivery_tracking,O00264,D061,2026-08-02 14:53:47,28.720715,77.253136,1.91,0.48,14,out_for_delivery,Delhi NCR,Connaught Place
DE001403,delivery_tracking,O00264,D061,2026-08-02 14:58:32,28.710809,77.255926,1.91,0.95,9,out_for_delivery,Delhi NCR,Connaught Place
DE001404,delivery_tracking,O00264,D061,2026-08-02 15:03:17,28.710834,77.248347,1.91,1.43,4,out_for_delivery,Delhi NCR,Connaught Place
DE001405,delivery_tracking,O00264,D061,2026-08-02 15:08:02,28.721013,77.256679,1.91,1.91,0,delivered,Delhi NCR,Connaught Place
DE001406,delivery_tracking,O00265,D054,2026-08-09 14:03:57,28.654412,77.186502,5.15,0.0,9,picked_up,Delhi NCR,Saket
DE001407,delivery_tracking,O00265,D054,2026-08-09 14:06:12,28.657102,77.192922,5.15,1.29,6,out_for_delivery,Delhi NCR,Saket
DE001408,delivery_tracking,O00265,D054,2026-08-09 14:08:27,28.65906,77.196484,5.15,2.58,4,out_for_delivery,Delhi NCR,Saket
DE001409,delivery_tracking,O00265,D054,2026-08-09 14:10:42,28.664225,77.192987,5.15,3.86,2,out_for_delivery,Delhi NCR,Saket
DE001410,delivery_tracking,O00265,D054,2026-08-09 14:12:57,28.664554,77.204336,5.15,5.15,0,delivered,Delhi NCR,Saket
DE001411,delivery_tracking,O00266,D086,2026-08-14 22:09:52,28.611427,77.201603,10.15,0.0,10,picked_up,Delhi NCR,Dwarka
DE001412,delivery_tracking,O00266,D086,2026-08-14 22:11:32,28.607746,77.199736,10.15,1.69,8,out_for_delivery,Delhi NCR,Dwarka
DE001413,delivery_tracking,O00266,D086,2026-08-14 22:13:12,28.609128,77.190187,10.15,3.38,6,out_for_delivery,Delhi NCR,Dwarka
DE001414,delivery_tracking,O00266,D086,2026-08-14 22:14:52,28.614975,77.19571,10.15,5.08,5,out_for_delivery,Delhi NCR,Dwarka
DE001415,delivery_tracking,O00266,D086,2026-08-14 22:16:32,28.616489,77.209945,10.15,6.77,3,out_for_delivery,Delhi NCR,Dwarka
DE001416,delivery_tracking,O00266,D086,2026-08-14 22:18:12,28.617079,77.20128,10.15,8.46,1,out_for_delivery,Delhi NCR,Dwarka
DE001417,delivery_tracking,O00266,D086,2026-08-14 22:19:52,28.611756,77.20328,10.15,10.15,0,delivered,Delhi NCR,Dwarka
DE001418,delivery_tracking,O00267,D002,2026-08-06 15:30:19,29.000381,77.660383,5.18,0.0,15,picked_up,Meerut,Noida Sector 18
DE001419,delivery_tracking,O00267,D002,2026-08-06 15:35:19,28.994316,77.667262,5.18,1.73,10,out_for_delivery,Meerut,Noida Sector 18
DE001420,delivery_tracking,O00267,D002,2026-08-06 15:40:19,28.995107,77.669924,5.18,3.45,5,out_for_delivery,Meerut,Noida Sector 18
DE001421,delivery_tracking,O00267,D002,2026-08-06 15:45:19,29.002554,77.679399,5.18,5.18,0,delivered,Meerut,Noida Sector 18
DE001422,delivery_tracking,O00268,D082,2026-08-05 21:57:59,29.012666,77.649973,11.74,0.0,13,picked_up,Meerut,Saket
DE001423,delivery_tracking,O00268,D082,2026-08-05 22:02:19,29.021113,77.65826,11.74,3.91,8,out_for_delivery,Meerut,Saket
DE001424,delivery_tracking,O00268,D082,2026-08-05 22:06:39,29.02703,77.654143,11.74,7.83,4,out_for_delivery,Meerut,Saket
DE001425,delivery_tracking,O00268,D082,2026-08-05 22:10:59,29.030533,77.665938,11.74,11.74,0,delivered,Meerut,Saket
DE001426,delivery_tracking,O00269,D061,2026-08-02 16:11:58,28.699111,77.141124,4.19,0.0,18,picked_up,Delhi NCR,Connaught Place
DE001427,delivery_tracking,O00269,D061,2026-08-02 16:16:28,28.703431,77.127218,4.19,1.05,13,out_for_delivery,Delhi NCR,Connaught Place
DE001428,delivery_tracking,O00269,D061,2026-08-02 16:20:58,28.722338,77.147259,4.19,2.1,9,out_for_delivery,Delhi NCR,Connaught Place
DE001429,delivery_tracking,O00269,D061,2026-08-02 16:25:28,28.720657,77.149018,4.19,3.14,4,out_for_delivery,Delhi NCR,Connaught Place
DE001430,delivery_tracking,O00269,D061,2026-08-02 16:29:58,28.720377,77.141352,4.19,4.19,0,delivered,Delhi NCR,Connaught Place
DE001431,delivery_tracking,O00270,D031,2026-08-09 16:36:39,28.960595,77.669779,7.05,0.0,15,picked_up,Meerut,Ganga Nagar
DE001432,delivery_tracking,O00270,D031,2026-08-09 16:41:39,28.969827,77.67164,7.05,2.35,10,out_for_delivery,Meerut,Ganga Nagar
DE001433,delivery_tracking,O00270,D031,2026-08-09 16:46:39,28.963171,77.675152,7.05,4.7,5,out_for_delivery,Meerut,Ganga Nagar
DE001434,delivery_tracking,O00270,D031,2026-08-09 16:51:39,28.98194,77.673169,7.05,7.05,0,delivered,Meerut,Ganga Nagar
DE001435,delivery_tracking,O00271,D056,2026-08-01 21:04:37,29.00291,77.612646,9.99,0.0,24,picked_up,Meerut,Gurugram Cyber City
DE001436,delivery_tracking,O00271,D056,2026-08-01 21:10:37,29.011552,77.627211,9.99,2.5,18,out_for_delivery,Meerut,Gurugram Cyber City
DE001437,delivery_tracking,O00271,D056,2026-08-01 21:16:37,29.01511,77.628426,9.99,5.0,12,out_for_delivery,Meerut,Gurugram Cyber City
DE001438,delivery_tracking,O00271,D056,2026-08-01 21:22:37,29.008951,77.63769,9.99,7.49,6,out_for_delivery,Meerut,Gurugram Cyber City
DE001439,delivery_tracking,O00271,D056,2026-08-01 21:28:37,29.019751,77.635508,9.99,9.99,0,delivered,Meerut,Gurugram Cyber City
DE001440,delivery_tracking,O00272,D014,2026-08-02 18:09:38,28.949525,77.67282,11.51,0.0,16,picked_up,Meerut,Saket
DE001441,delivery_tracking,O00272,D014,2026-08-02 18:12:18,28.95208,77.669882,11.51,1.92,13,out_for_delivery,Meerut,Saket
DE001442,delivery_tracking,O00272,D014,2026-08-02 18:14:58,28.960559,77.664907,11.51,3.84,10,out_for_delivery,Meerut,Saket
DE001443,delivery_tracking,O00272,D014,2026-08-02 18:17:38,28.97372,77.677306,11.51,5.75,8,out_for_delivery,Meerut,Saket
DE001444,delivery_tracking,O00272,D014,2026-08-02 18:20:18,28.96165,77.663838,11.51,7.67,5,out_for_delivery,Meerut,Saket
DE001445,delivery_tracking,O00272,D014,2026-08-02 18:22:58,28.964127,77.677481,11.51,9.59,2,out_for_delivery,Meerut,Saket
DE001446,delivery_tracking,O00272,D014,2026-08-02 18:25:38,28.975187,77.669264,11.51,11.51,0,delivered,Meerut,Saket
DE001447,delivery_tracking,O00273,D045,2026-08-08 19:56:34,28.957894,77.621963,7.05,0.0,12,picked_up,Meerut,Noida Sector 18
DE001448,delivery_tracking,O00273,D045,2026-08-08 19:59:34,28.962723,77.636773,7.05,1.76,9,out_for_delivery,Meerut,Noida Sector 18
DE001449,delivery_tracking,O00273,D045,2026-08-08 20:02:34,28.967336,77.632165,7.05,3.52,6,out_for_delivery,Meerut,Noida Sector 18
DE001450,delivery_tracking,O00273,D045,2026-08-08 20:05:34,28.972539,77.632281,7.05,5.29,3,out_for_delivery,Meerut,Noida Sector 18
DE001451,delivery_tracking,O00273,D045,2026-08-08 20:08:34,28.986466,77.64723,7.05,7.05,0,delivered,Meerut,Noida Sector 18
DE001452,delivery_tracking,O00274,D056,2026-08-09 17:24:12,28.990953,77.666062,10.17,0.0,10,picked_up,Meerut,Gurugram Cyber City
DE001453,delivery_tracking,O00274,D056,2026-08-09 17:25:52,28.987902,77.66528,10.17,1.69,8,out_for_delivery,Meerut,Gurugram Cyber City
DE001454,delivery_tracking,O00274,D056,2026-08-09 17:27:32,28.991687,77.669623,10.17,3.39,6,out_for_delivery,Meerut,Gurugram Cyber City
DE001455,delivery_tracking,O00274,D056,2026-08-09 17:29:12,28.993585,77.686086,10.17,5.08,5,out_for_delivery,Meerut,Gurugram Cyber City
DE001456,delivery_tracking,O00274,D056,2026-08-09 17:30:52,29.005413,77.679617,10.17,6.78,3,out_for_delivery,Meerut,Gurugram Cyber City
DE001457,delivery_tracking,O00274,D056,2026-08-09 17:32:32,29.009316,77.692291,10.17,8.47,1,out_for_delivery,Meerut,Gurugram Cyber City
DE001458,delivery_tracking,O00274,D056,2026-08-09 17:34:12,28.999088,77.683825,10.17,10.17,0,delivered,Meerut,Gurugram Cyber City
DE001459,delivery_tracking,O00275,D051,2026-08-01 11:35:51,28.607993,77.05353,10.01,0.0,11,picked_up,Delhi NCR,Gurugram Cyber City
DE001460,delivery_tracking,O00275,D051,2026-08-01 11:38:03,28.613149,77.049833,10.01,2.0,8,out_for_delivery,Delhi NCR,Gurugram Cyber City
DE001461,delivery_tracking,O00275,D051,2026-08-01 11:40:15,28.611043,77.053852,10.01,4.0,6,out_for_delivery,Delhi NCR,Gurugram Cyber City
DE001462,delivery_tracking,O00275,D051,2026-08-01 11:42:27,28.616961,77.055529,10.01,6.01,4,out_for_delivery,Delhi NCR,Gurugram Cyber City
DE001463,delivery_tracking,O00275,D051,2026-08-01 11:44:39,28.626937,77.068506,10.01,8.01,2,out_for_delivery,Delhi NCR,Gurugram Cyber City
DE001464,delivery_tracking,O00275,D051,2026-08-01 11:46:51,28.637643,77.073329,10.01,10.01,0,delivered,Delhi NCR,Gurugram Cyber City
DE001465,delivery_tracking,O00276,D074,2026-08-11 17:03:48,28.671814,77.163935,2.55,0.0,14,picked_up,Delhi NCR,Ganga Nagar
DE001466,delivery_tracking,O00276,D074,2026-08-11 17:07:18,28.676909,77.179106,2.55,0.64,10,out_for_delivery,Delhi NCR,Ganga Nagar
DE001467,delivery_tracking,O00276,D074,2026-08-11 17:10:48,28.687545,77.183967,2.55,1.27,7,out_for_delivery,Delhi NCR,Ganga Nagar
DE001468,delivery_tracking,O00276,D074,2026-08-11 17:14:18,28.677223,77.186317,2.55,1.91,3,out_for_delivery,Delhi NCR,Ganga Nagar
DE001469,delivery_tracking,O00276,D074,2026-08-11 17:17:48,28.683342,77.191151,2.55,2.55,0,delivered,Delhi NCR,Ganga Nagar
DE001470,delivery_tracking,O00277,D006,2026-08-06 20:19:04,28.980849,77.68806,6.78,0.0,17,picked_up,Meerut,Shastri Nagar
DE001471,delivery_tracking,O00277,D006,2026-08-06 20:21:54,28.968804,77.678695,6.78,1.13,14,out_for_delivery,Meerut,Shastri Nagar
DE001472,delivery_tracking,O00277,D006,2026-08-06 20:24:44,28.981235,77.674303,6.78,2.26,11,out_for_delivery,Meerut,Shastri Nagar
DE001473,delivery_tracking,O00277,D006,2026-08-06 20:27:34,28.972332,77.676425,6.78,3.39,8,out_for_delivery,Meerut,Shastri Nagar
DE001474,delivery_tracking,O00277,D006,2026-08-06 20:30:24,28.975978,77.685175,6.78,4.52,5,out_for_delivery,Meerut,Shastri Nagar
DE001475,delivery_tracking,O00277,D006,2026-08-06 20:33:14,28.990127,77.689931,6.78,5.65,2,out_for_delivery,Meerut,Shastri Nagar
DE001476,delivery_tracking,O00277,D006,2026-08-06 20:36:04,28.982279,77.687541,6.78,6.78,0,delivered,Meerut,Shastri Nagar
DE001477,delivery_tracking,O00279,D035,2026-08-12 13:22:08,28.978769,77.634672,8.75,0.0,21,picked_up,Meerut,Dwarka
DE001478,delivery_tracking,O00279,D035,2026-08-12 13:25:38,28.976359,77.635251,8.75,1.46,17,out_for_delivery,Meerut,Dwarka
DE001479,delivery_tracking,O00279,D035,2026-08-12 13:29:08,28.969518,77.639159,8.75,2.92,14,out_for_delivery,Meerut,Dwarka
DE001480,delivery_tracking,O00279,D035,2026-08-12 13:32:38,28.968398,77.646904,8.75,4.38,10,out_for_delivery,Meerut,Dwarka
DE001481,delivery_tracking,O00279,D035,2026-08-12 13:36:08,28.986699,77.651424,8.75,5.83,7,out_for_delivery,Meerut,Dwarka
DE001482,delivery_tracking,O00279,D035,2026-08-12 13:39:38,28.986447,77.644852,8.75,7.29,3,out_for_delivery,Meerut,Dwarka
DE001483,delivery_tracking,O00279,D035,2026-08-12 13:43:08,28.975802,77.662669,8.75,8.75,0,delivered,Meerut,Dwarka
DE001484,delivery_tracking,O00280,D002,2026-08-11 14:00:52,29.0122,77.605726,9.21,0.0,13,picked_up,Meerut,Noida Sector 18
DE001485,delivery_tracking,O00280,D002,2026-08-11 14:04:07,29.031076,77.61956,9.21,2.3,9,out_for_delivery,Meerut,Noida Sector 18
DE001486,delivery_tracking,O00280,D002,2026-08-11 14:07:22,29.025594,77.621553,9.21,4.61,6,out_for_delivery,Meerut,Noida Sector 18
DE001487,delivery_tracking,O00280,D002,2026-08-11 14:10:37,29.022834,77.61526,9.21,6.91,3,out_for_delivery,Meerut,Noida Sector 18
DE001488,delivery_tracking,O00280,D002,2026-08-11 14:13:52,29.026108,77.619596,9.21,9.21,0,delivered,Meerut,Noida Sector 18
DE001489,delivery_tracking,O00282,D034,2026-08-02 18:24:22,28.976482,77.672295,5.38,0.0,15,picked_up,Meerut,Saket
DE001490,delivery_tracking,O00282,D034,2026-08-02 18:28:07,28.986233,77.678583,5.38,1.34,11,out_for_delivery,Meerut,Saket
DE001491,delivery_tracking,O00282,D034,2026-08-02 18:31:52,28.987974,77.680413,5.38,2.69,7,out_for_delivery,Meerut,Saket
DE001492,delivery_tracking,O00282,D034,2026-08-02 18:35:37,28.995475,77.688418,5.38,4.04,3,out_for_delivery,Meerut,Saket
DE001493,delivery_tracking,O00282,D034,2026-08-02 18:39:22,29.004781,77.683633,5.38,5.38,0,delivered,Meerut,Saket
DE001494,delivery_tracking,O00283,D074,2026-08-05 13:18:34,28.682057,77.183056,3.13,0.0,14,picked_up,Delhi NCR,Ganga Nagar
DE001495,delivery_tracking,O00283,D074,2026-08-05 13:21:22,28.680445,77.19818,3.13,0.63,11,out_for_delivery,Delhi NCR,Ganga Nagar
DE001496,delivery_tracking,O00283,D074,2026-08-05 13:24:10,28.682915,77.193277,3.13,1.25,8,out_for_delivery,Delhi NCR,Ganga Nagar
DE001497,delivery_tracking,O00283,D074,2026-08-05 13:26:58,28.694513,77.194943,3.13,1.88,5,out_for_delivery,Delhi NCR,Ganga Nagar
DE001498,delivery_tracking,O00283,D074,2026-08-05 13:29:46,28.685682,77.19456,3.13,2.5,2,out_for_delivery,Delhi NCR,Ganga Nagar
DE001499,delivery_tracking,O00283,D074,2026-08-05 13:32:34,28.686127,77.214168,3.13,3.13,0,delivered,Delhi NCR,Ganga Nagar
DE001500,delivery_tracking,O00284,D086,2026-08-08 16:41:01,28.645859,77.068844,1.21,0.0,20,picked_up,Delhi NCR,Dwarka
DE001501,delivery_tracking,O00284,D086,2026-08-08 16:47:41,28.656221,77.064541,1.21,0.4,13,out_for_delivery,Delhi NCR,Dwarka
DE001502,delivery_tracking,O00284,D086,2026-08-08 16:54:21,28.64786,77.061967,1.21,0.81,6,out_for_delivery,Delhi NCR,Dwarka
DE001503,delivery_tracking,O00284,D086,2026-08-08 17:01:01,28.651392,77.070127,1.21,1.21,0,delivered,Delhi NCR,Dwarka
DE001504,delivery_tracking,O00285,D058,2026-08-08 21:37:34,28.725832,77.169535,9.95,0.0,17,picked_up,Delhi NCR,Shastri Nagar
DE001505,delivery_tracking,O00285,D058,2026-08-08 21:43:14,28.738229,77.167107,9.95,3.32,11,out_for_delivery,Delhi NCR,Shastri Nagar
DE001506,delivery_tracking,O00285,D058,2026-08-08 21:48:54,28.73864,77.173554,9.95,6.63,5,out_for_delivery,Delhi NCR,Shastri Nagar
DE001507,delivery_tracking,O00285,D058,2026-08-08 21:54:34,28.755315,77.181293,9.95,9.95,0,delivered,Delhi NCR,Shastri Nagar
DE001508,delivery_tracking,O00286,D074,2026-08-12 21:50:23,28.63516,77.245243,8.87,0.0,18,picked_up,Delhi NCR,Ganga Nagar
DE001509,delivery_tracking,O00286,D074,2026-08-12 21:54:53,28.651364,77.243232,8.87,2.22,13,out_for_delivery,Delhi NCR,Ganga Nagar
DE001510,delivery_tracking,O00286,D074,2026-08-12 21:59:23,28.6457,77.25904,8.87,4.43,9,out_for_delivery,Delhi NCR,Ganga Nagar
DE001511,delivery_tracking,O00286,D074,2026-08-12 22:03:53,28.64729,77.243733,8.87,6.65,4,out_for_delivery,Delhi NCR,Ganga Nagar
DE001512,delivery_tracking,O00286,D074,2026-08-12 22:08:23,28.655255,77.253527,8.87,8.87,0,delivered,Delhi NCR,Ganga Nagar
DE001513,delivery_tracking,O00287,D056,2026-08-13 18:01:50,28.99964,77.644438,2.9,0.0,21,picked_up,Meerut,Gurugram Cyber City
DE001514,delivery_tracking,O00287,D056,2026-08-13 18:06:02,28.998798,77.655223,2.9,0.58,16,out_for_delivery,Meerut,Gurugram Cyber City
DE001515,delivery_tracking,O00287,D056,2026-08-13 18:10:14,29.00025,77.665655,2.9,1.16,12,out_for_delivery,Meerut,Gurugram Cyber City
DE001516,delivery_tracking,O00287,D056,2026-08-13 18:14:26,29.001372,77.661913,2.9,1.74,8,out_for_delivery,Meerut,Gurugram Cyber City
DE001517,delivery_tracking,O00287,D056,2026-08-13 18:18:38,29.002005,77.662191,2.9,2.32,4,out_for_delivery,Meerut,Gurugram Cyber City
DE001518,delivery_tracking,O00287,D056,2026-08-13 18:22:50,29.021586,77.659144,2.9,2.9,0,delivered,Meerut,Gurugram Cyber City
DE001519,delivery_tracking,O00288,D037,2026-08-13 19:06:49,28.619378,77.22168,3.67,0.0,9,picked_up,Delhi NCR,Rohini
DE001520,delivery_tracking,O00288,D037,2026-08-13 19:08:19,28.615389,77.210067,3.67,0.61,7,out_for_delivery,Delhi NCR,Rohini
DE001521,delivery_tracking,O00288,D037,2026-08-13 19:09:49,28.621967,77.213557,3.67,1.22,6,out_for_delivery,Delhi NCR,Rohini
DE001522,delivery_tracking,O00288,D037,2026-08-13 19:11:19,28.629705,77.22342,3.67,1.83,4,out_for_delivery,Delhi NCR,Rohini
DE001523,delivery_tracking,O00288,D037,2026-08-13 19:12:49,28.627376,77.223905,3.67,2.45,3,out_for_delivery,Delhi NCR,Rohini
DE001524,delivery_tracking,O00288,D037,2026-08-13 19:14:19,28.637093,77.218832,3.67,3.06,1,out_for_delivery,Delhi NCR,Rohini
DE001525,delivery_tracking,O00288,D037,2026-08-13 19:15:49,28.62864,77.228427,3.67,3.67,0,delivered,Delhi NCR,Rohini
DE001526,delivery_tracking,O00289,D011,2026-08-05 20:14:40,29.003366,77.627015,9.04,0.0,19,picked_up,Meerut,Gurugram Cyber City
DE001527,delivery_tracking,O00289,D011,2026-08-05 20:18:28,29.006018,77.622158,9.04,1.81,15,out_for_delivery,Meerut,Gurugram Cyber City
DE001528,delivery_tracking,O00289,D011,2026-08-05 20:22:16,29.011991,77.643755,9.04,3.62,11,out_for_delivery,Meerut,Gurugram Cyber City
DE001529,delivery_tracking,O00289,D011,2026-08-05 20:26:04,29.012231,77.642722,9.04,5.42,7,out_for_delivery,Meerut,Gurugram Cyber City
DE001530,delivery_tracking,O00289,D011,2026-08-05 20:29:52,29.019117,77.636653,9.04,7.23,3,out_for_delivery,Meerut,Gurugram Cyber City
DE001531,delivery_tracking,O00289,D011,2026-08-05 20:33:40,29.014666,77.643849,9.04,9.04,0,delivered,Meerut,Gurugram Cyber City
DE001532,delivery_tracking,O00290,D007,2026-08-13 16:19:25,28.615402,77.138722,4.97,0.0,15,picked_up,Delhi NCR,Gurugram Cyber City
DE001533,delivery_tracking,O00290,D007,2026-08-13 16:22:25,28.612808,77.14951,4.97,0.99,12,out_for_delivery,Delhi NCR,Gurugram Cyber City
DE001534,delivery_tracking,O00290,D007,2026-08-13 16:25:25,28.618454,77.156325,4.97,1.99,9,out_for_delivery,Delhi NCR,Gurugram Cyber City
DE001535,delivery_tracking,O00290,D007,2026-08-13 16:28:25,28.617441,77.156535,4.97,2.98,6,out_for_delivery,Delhi NCR,Gurugram Cyber City
DE001536,delivery_tracking,O00290,D007,2026-08-13 16:31:25,28.629461,77.151022,4.97,3.98,3,out_for_delivery,Delhi NCR,Gurugram Cyber City
DE001537,delivery_tracking,O00290,D007,2026-08-13 16:34:25,28.631016,77.164087,4.97,4.97,0,delivered,Delhi NCR,Gurugram Cyber City
DE001538,delivery_tracking,O00291,D081,2026-08-05 22:16:00,28.985714,77.675139,2.29,0.0,13,picked_up,Meerut,Gurugram Cyber City
DE001539,delivery_tracking,O00291,D081,2026-08-05 22:18:10,28.986398,77.668793,2.29,0.38,10,out_for_delivery,Meerut,Gurugram Cyber City
DE001540,delivery_tracking,O00291,D081,2026-08-05 22:20:20,28.98658,77.666317,2.29,0.76,8,out_for_delivery,Meerut,Gurugram Cyber City
DE001541,delivery_tracking,O00291,D081,2026-08-05 22:22:30,29.002354,77.669324,2.29,1.15,6,out_for_delivery,Meerut,Gurugram Cyber City
DE001542,delivery_tracking,O00291,D081,2026-08-05 22:24:40,29.000155,77.675401,2.29,1.53,4,out_for_delivery,Meerut,Gurugram Cyber City
DE001543,delivery_tracking,O00291,D081,2026-08-05 22:26:50,29.003563,77.671582,2.29,1.91,2,out_for_delivery,Meerut,Gurugram Cyber City
DE001544,delivery_tracking,O00291,D081,2026-08-05 22:29:00,28.995824,77.672051,2.29,2.29,0,delivered,Meerut,Gurugram Cyber City
DE001545,delivery_tracking,O00292,D022,2026-08-09 22:07:34,29.006952,77.632786,4.31,0.0,19,picked_up,Meerut,Rohini
DE001546,delivery_tracking,O00292,D022,2026-08-09 22:10:44,29.008891,77.637406,4.31,0.72,15,out_for_delivery,Meerut,Rohini
DE001547,delivery_tracking,O00292,D022,2026-08-09 22:13:54,29.020599,77.632799,4.31,1.44,12,out_for_delivery,Meerut,Rohini
DE001548,delivery_tracking,O00292,D022,2026-08-09 22:17:04,29.024497,77.647761,4.31,2.15,9,out_for_delivery,Meerut,Rohini
DE001549,delivery_tracking,O00292,D022,2026-08-09 22:20:14,29.022878,77.655279,4.31,2.87,6,out_for_delivery,Meerut,Rohini
DE001550,delivery_tracking,O00292,D022,2026-08-09 22:23:24,29.023583,77.642403,4.31,3.59,3,out_for_delivery,Meerut,Rohini
DE001551,delivery_tracking,O00292,D022,2026-08-09 22:26:34,29.036637,77.651284,4.31,4.31,0,delivered,Meerut,Rohini
DE001552,delivery_tracking,O00293,D046,2026-08-09 18:33:22,29.012914,77.666105,9.33,0.0,19,picked_up,Meerut,Saket
DE001553,delivery_tracking,O00293,D046,2026-08-09 18:37:10,29.018684,77.6573,9.33,1.87,15,out_for_delivery,Meerut,Saket
DE001554,delivery_tracking,O00293,D046,2026-08-09 18:40:58,29.020001,77.668611,9.33,3.73,11,out_for_delivery,Meerut,Saket
DE001555,delivery_tracking,O00293,D046,2026-08-09 18:44:46,29.025466,77.674053,9.33,5.6,7,out_for_delivery,Meerut,Saket
DE001556,delivery_tracking,O00293,D046,2026-08-09 18:48:34,29.012822,77.679106,9.33,7.46,3,out_for_delivery,Meerut,Saket
DE001557,delivery_tracking,O00293,D046,2026-08-09 18:52:22,29.022354,77.681114,9.33,9.33,0,delivered,Meerut,Saket
DE001558,delivery_tracking,O00295,D061,2026-08-06 14:09:51,28.721491,77.07139,8.11,0.0,5,picked_up,Delhi NCR,Connaught Place
DE001559,delivery_tracking,O00295,D061,2026-08-06 14:10:51,28.730831,77.064,8.11,1.62,4,out_for_delivery,Delhi NCR,Connaught Place
DE001560,delivery_tracking,O00295,D061,2026-08-06 14:11:51,28.729335,77.068129,8.11,3.24,3,out_for_delivery,Delhi NCR,Connaught Place
DE001561,delivery_tracking,O00295,D061,2026-08-06 14:12:51,28.738138,77.075052,8.11,4.87,2,out_for_delivery,Delhi NCR,Connaught Place
DE001562,delivery_tracking,O00295,D061,2026-08-06 14:13:51,28.725355,77.071626,8.11,6.49,1,out_for_delivery,Delhi NCR,Connaught Place
DE001563,delivery_tracking,O00295,D061,2026-08-06 14:14:51,28.733111,77.075298,8.11,8.11,0,delivered,Delhi NCR,Connaught Place
DE001564,delivery_tracking,O00296,D056,2026-08-14 19:11:50,28.979456,77.647374,11.29,0.0,6,picked_up,Meerut,Gurugram Cyber City
DE001565,delivery_tracking,O00296,D056,2026-08-14 19:13:50,28.996797,77.653292,11.29,3.76,4,out_for_delivery,Meerut,Gurugram Cyber City
DE001566,delivery_tracking,O00296,D056,2026-08-14 19:15:50,28.993205,77.647529,11.29,7.53,2,out_for_delivery,Meerut,Gurugram Cyber City
DE001567,delivery_tracking,O00296,D056,2026-08-14 19:17:50,28.991792,77.665278,11.29,11.29,0,delivered,Meerut,Gurugram Cyber City
DE001568,delivery_tracking,O00297,D046,2026-08-10 19:11:08,28.958897,77.654546,4.57,0.0,14,picked_up,Meerut,Saket
DE001569,delivery_tracking,O00297,D046,2026-08-10 19:13:56,28.967244,77.657682,4.57,0.91,11,out_for_delivery,Meerut,Saket
DE001570,delivery_tracking,O00297,D046,2026-08-10 19:16:44,28.972254,77.651277,4.57,1.83,8,out_for_delivery,Meerut,Saket
DE001571,delivery_tracking,O00297,D046,2026-08-10 19:19:32,28.984895,77.650276,4.57,2.74,5,out_for_delivery,Meerut,Saket
DE001572,delivery_tracking,O00297,D046,2026-08-10 19:22:20,28.976207,77.660808,4.57,3.66,2,out_for_delivery,Meerut,Saket
DE001573,delivery_tracking,O00297,D046,2026-08-10 19:25:08,28.978274,77.663474,4.57,4.57,0,delivered,Meerut,Saket
DE001574,delivery_tracking,O00298,D052,2026-08-10 10:54:44,29.021984,77.609429,5.96,0.0,9,picked_up,Meerut,Ganga Nagar
DE001575,delivery_tracking,O00298,D052,2026-08-10 10:56:59,29.033276,77.611768,5.96,1.49,6,out_for_delivery,Meerut,Ganga Nagar
DE001576,delivery_tracking,O00298,D052,2026-08-10 10:59:14,29.036108,77.606964,5.96,2.98,4,out_for_delivery,Meerut,Ganga Nagar
DE001577,delivery_tracking,O00298,D052,2026-08-10 11:01:29,29.02375,77.624961,5.96,4.47,2,out_for_delivery,Meerut,Ganga Nagar
DE001578,delivery_tracking,O00298,D052,2026-08-10 11:03:44,29.044129,77.623813,5.96,5.96,0,delivered,Meerut,Ganga Nagar
DE001579,delivery_tracking,O00299,D045,2026-08-02 16:49:47,28.97495,77.615381,6.94,0.0,11,picked_up,Meerut,Noida Sector 18
DE001580,delivery_tracking,O00299,D045,2026-08-02 16:52:32,28.993744,77.634251,6.94,1.74,8,out_for_delivery,Meerut,Noida Sector 18
DE001581,delivery_tracking,O00299,D045,2026-08-02 16:55:17,28.992705,77.638979,6.94,3.47,5,out_for_delivery,Meerut,Noida Sector 18
DE001582,delivery_tracking,O00299,D045,2026-08-02 16:58:02,28.99941,77.640282,6.94,5.21,2,out_for_delivery,Meerut,Noida Sector 18
DE001583,delivery_tracking,O00299,D045,2026-08-02 17:00:47,29.000571,77.630316,6.94,6.94,0,delivered,Meerut,Noida Sector 18
DE001584,delivery_tracking,O00300,D090,2026-08-03 17:09:27,28.966824,77.652141,6.13,0.0,12,picked_up,Meerut,Ganga Nagar
DE001585,delivery_tracking,O00300,D090,2026-08-03 17:12:27,28.978467,77.651564,6.13,1.53,9,out_for_delivery,Meerut,Ganga Nagar
DE001586,delivery_tracking,O00300,D090,2026-08-03 17:15:27,28.966978,77.660625,6.13,3.06,6,out_for_delivery,Meerut,Ganga Nagar
DE001587,delivery_tracking,O00300,D090,2026-08-03 17:18:27,28.987278,77.653338,6.13,4.6,3,out_for_delivery,Meerut,Ganga Nagar
DE001588,delivery_tracking,O00300,D090,2026-08-03 17:21:27,28.9747,77.653222,6.13,6.13,0,delivered,Meerut,Ganga Nagar
DE001589,delivery_tracking,O00301,D037,2026-08-01 15:51:38,28.666682,77.156161,2.07,0.0,15,picked_up,Delhi NCR,Rohini
DE001590,delivery_tracking,O00301,D037,2026-08-01 15:54:38,28.6606,77.14804,2.07,0.41,12,out_for_delivery,Delhi NCR,Rohini
DE001591,delivery_tracking,O00301,D037,2026-08-01 15:57:38,28.662068,77.156014,2.07,0.83,9,out_for_delivery,Delhi NCR,Rohini
DE001592,delivery_tracking,O00301,D037,2026-08-01 16:00:38,28.675109,77.15287,2.07,1.24,6,out_for_delivery,Delhi NCR,Rohini
DE001593,delivery_tracking,O00301,D037,2026-08-01 16:03:38,28.678589,77.157363,2.07,1.66,3,out_for_delivery,Delhi NCR,Rohini
DE001594,delivery_tracking,O00301,D037,2026-08-01 16:06:38,28.674558,77.156073,2.07,2.07,0,delivered,Delhi NCR,Rohini
DE001595,delivery_tracking,O00302,D091,2026-08-10 17:35:05,28.975648,77.667862,1.61,0.0,11,picked_up,Meerut,Noida Sector 18
DE001596,delivery_tracking,O00302,D091,2026-08-10 17:38:45,28.985628,77.6679,1.61,0.54,7,out_for_delivery,Meerut,Noida Sector 18
DE001597,delivery_tracking,O00302,D091,2026-08-10 17:42:25,28.99123,77.680437,1.61,1.07,3,out_for_delivery,Meerut,Noida Sector 18
DE001598,delivery_tracking,O00302,D091,2026-08-10 17:46:05,28.991417,77.683227,1.61,1.61,0,delivered,Meerut,Noida Sector 18
DE001599,delivery_tracking,O00303,D003,2026-08-14 16:44:28,28.745899,77.24016,1.55,0.0,18,picked_up,Delhi NCR,Dwarka
DE001600,delivery_tracking,O00303,D003,2026-08-14 16:48:04,28.74665,77.23683,1.55,0.31,14,out_for_delivery,Delhi NCR,Dwarka
DE001601,delivery_tracking,O00303,D003,2026-08-14 16:51:40,28.74859,77.23483,1.55,0.62,10,out_for_delivery,Delhi NCR,Dwarka
DE001602,delivery_tracking,O00303,D003,2026-08-14 16:55:16,28.75303,77.239692,1.55,0.93,7,out_for_delivery,Delhi NCR,Dwarka
DE001603,delivery_tracking,O00303,D003,2026-08-14 16:58:52,28.747996,77.248595,1.55,1.24,3,out_for_delivery,Delhi NCR,Dwarka
DE001604,delivery_tracking,O00303,D003,2026-08-14 17:02:28,28.757153,77.238153,1.55,1.55,0,delivered,Delhi NCR,Dwarka
DE001605,delivery_tracking,O00304,D093,2026-08-11 15:16:34,28.601629,77.247653,4.37,0.0,6,picked_up,Delhi NCR,Connaught Place
DE001606,delivery_tracking,O00304,D093,2026-08-11 15:17:46,28.61019,77.249995,4.37,0.87,4,out_for_delivery,Delhi NCR,Connaught Place
DE001607,delivery_tracking,O00304,D093,2026-08-11 15:18:58,28.614063,77.26141,4.37,1.75,3,out_for_delivery,Delhi NCR,Connaught Place
DE001608,delivery_tracking,O00304,D093,2026-08-11 15:20:10,28.620084,77.260921,4.37,2.62,2,out_for_delivery,Delhi NCR,Connaught Place
DE001609,delivery_tracking,O00304,D093,2026-08-11 15:21:22,28.609365,77.26313,4.37,3.5,1,out_for_delivery,Delhi NCR,Connaught Place
DE001610,delivery_tracking,O00304,D093,2026-08-11 15:22:34,28.616298,77.260052,4.37,4.37,0,delivered,Delhi NCR,Connaught Place
DE001611,delivery_tracking,O00305,D060,2026-08-01 17:23:29,28.997635,77.620282,11.81,0.0,13,picked_up,Meerut,Connaught Place
DE001612,delivery_tracking,O00305,D060,2026-08-01 17:27:49,29.009561,77.625313,11.81,3.94,8,out_for_delivery,Meerut,Connaught Place
DE001613,delivery_tracking,O00305,D060,2026-08-01 17:32:09,29.008725,77.629671,11.81,7.87,4,out_for_delivery,Meerut,Connaught Place
DE001614,delivery_tracking,O00305,D060,2026-08-01 17:36:29,29.007316,77.647547,11.81,11.81,0,delivered,Meerut,Connaught Place
DE001615,delivery_tracking,O00307,D046,2026-08-09 21:18:38,29.023332,77.626139,4.88,0.0,10,picked_up,Meerut,Saket
DE001616,delivery_tracking,O00307,D046,2026-08-09 21:20:18,29.014846,77.641541,4.88,0.81,8,out_for_delivery,Meerut,Saket
DE001617,delivery_tracking,O00307,D046,2026-08-09 21:21:58,29.017515,77.63644,4.88,1.63,6,out_for_delivery,Meerut,Saket
DE001618,delivery_tracking,O00307,D046,2026-08-09 21:23:38,29.026355,77.640191,4.88,2.44,5,out_for_delivery,Meerut,Saket
DE001619,delivery_tracking,O00307,D046,2026-08-09 21:25:18,29.035285,77.645716,4.88,3.25,3,out_for_delivery,Meerut,Saket
DE001620,delivery_tracking,O00307,D046,2026-08-09 21:26:58,29.021522,77.63667,4.88,4.07,1,out_for_delivery,Meerut,Saket
DE001621,delivery_tracking,O00307,D046,2026-08-09 21:28:38,29.039422,77.656515,4.88,4.88,0,delivered,Meerut,Saket
DE001622,delivery_tracking,O00308,D078,2026-08-04 15:53:45,28.957584,77.616141,5.51,0.0,16,picked_up,Meerut,Noida Sector 18
DE001623,delivery_tracking,O00308,D078,2026-08-04 15:57:45,28.962632,77.614614,5.51,1.38,12,out_for_delivery,Meerut,Noida Sector 18
DE001624,delivery_tracking,O00308,D078,2026-08-04 16:01:45,28.964555,77.60611,5.51,2.75,8,out_for_delivery,Meerut,Noida Sector 18
DE001625,delivery_tracking,O00308,D078,2026-08-04 16:05:45,28.975095,77.623399,5.51,4.13,4,out_for_delivery,Meerut,Noida Sector 18
DE001626,delivery_tracking,O00308,D078,2026-08-04 16:09:45,28.973418,77.624369,5.51,5.51,0,delivered,Meerut,Noida Sector 18
DE001627,delivery_tracking,O00309,D041,2026-08-05 14:14:36,28.738561,77.132098,9.03,0.0,10,picked_up,Delhi NCR,Gurugram Cyber City
DE001628,delivery_tracking,O00309,D041,2026-08-05 14:17:56,28.754814,77.140052,9.03,3.01,6,out_for_delivery,Delhi NCR,Gurugram Cyber City
DE001629,delivery_tracking,O00309,D041,2026-08-05 14:21:16,28.753626,77.140965,9.03,6.02,3,out_for_delivery,Delhi NCR,Gurugram Cyber City
DE001630,delivery_tracking,O00309,D041,2026-08-05 14:24:36,28.754899,77.148372,9.03,9.03,0,delivered,Delhi NCR,Gurugram Cyber City
DE001631,delivery_tracking,O00310,D069,2026-08-04 17:00:37,29.004078,77.658138,5.96,0.0,11,picked_up,Meerut,Saket
DE001632,delivery_tracking,O00310,D069,2026-08-04 17:03:22,28.990141,77.646776,5.96,1.49,8,out_for_delivery,Meerut,Saket
DE001633,delivery_tracking,O00310,D069,2026-08-04 17:06:07,28.998848,77.659202,5.96,2.98,5,out_for_delivery,Meerut,Saket
DE001634,delivery_tracking,O00310,D069,2026-08-04 17:08:52,29.015933,77.666717,5.96,4.47,2,out_for_delivery,Meerut,Saket
DE001635,delivery_tracking,O00310,D069,2026-08-04 17:11:37,29.003609,77.656292,5.96,5.96,0,delivered,Meerut,Saket
DE001636,delivery_tracking,O00311,D089,2026-08-03 11:31:32,28.627211,77.162656,5.01,0.0,9,picked_up,Delhi NCR,Ganga Nagar
DE001637,delivery_tracking,O00311,D089,2026-08-03 11:34:32,28.627103,77.173851,5.01,1.67,6,out_for_delivery,Delhi NCR,Ganga Nagar
DE001638,delivery_tracking,O00311,D089,2026-08-03 11:37:32,28.626306,77.179929,5.01,3.34,3,out_for_delivery,Delhi NCR,Ganga Nagar
DE001639,delivery_tracking,O00311,D089,2026-08-03 11:40:32,28.631323,77.193448,5.01,5.01,0,delivered,Delhi NCR,Ganga Nagar
DE001640,delivery_tracking,O00312,D090,2026-08-03 21:35:46,28.993982,77.632631,8.54,0.0,19,picked_up,Meerut,Ganga Nagar
DE001641,delivery_tracking,O00312,D090,2026-08-03 21:39:34,28.984034,77.640516,8.54,1.71,15,out_for_delivery,Meerut,Ganga Nagar
DE001642,delivery_tracking,O00312,D090,2026-08-03 21:43:22,28.99237,77.654639,8.54,3.42,11,out_for_delivery,Meerut,Ganga Nagar
DE001643,delivery_tracking,O00312,D090,2026-08-03 21:47:10,28.995684,77.656575,8.54,5.12,7,out_for_delivery,Meerut,Ganga Nagar
DE001644,delivery_tracking,O00312,D090,2026-08-03 21:50:58,28.995621,77.649149,8.54,6.83,3,out_for_delivery,Meerut,Ganga Nagar
DE001645,delivery_tracking,O00312,D090,2026-08-03 21:54:46,28.996459,77.649262,8.54,8.54,0,delivered,Meerut,Ganga Nagar
DE001646,delivery_tracking,O00313,D095,2026-08-12 13:40:33,28.59364,77.24291,6.7,0.0,12,picked_up,Delhi NCR,Noida Sector 18
DE001647,delivery_tracking,O00313,D095,2026-08-12 13:42:57,28.595354,77.24417,6.7,1.34,9,out_for_delivery,Delhi NCR,Noida Sector 18
DE001648,delivery_tracking,O00313,D095,2026-08-12 13:45:21,28.582684,77.237978,6.7,2.68,7,out_for_delivery,Delhi NCR,Noida Sector 18
DE001649,delivery_tracking,O00313,D095,2026-08-12 13:47:45,28.59964,77.251938,6.7,4.02,4,out_for_delivery,Delhi NCR,Noida Sector 18
DE001650,delivery_tracking,O00313,D095,2026-08-12 13:50:09,28.586411,77.257892,6.7,5.36,2,out_for_delivery,Delhi NCR,Noida Sector 18
DE001651,delivery_tracking,O00313,D095,2026-08-12 13:52:33,28.608061,77.253638,6.7,6.7,0,delivered,Delhi NCR,Noida Sector 18
DE001652,delivery_tracking,O00314,D001,2026-08-08 10:46:13,28.954856,77.6784,9.29,0.0,9,picked_up,Meerut,Noida Sector 18
DE001653,delivery_tracking,O00314,D001,2026-08-08 10:47:43,28.971957,77.678243,9.29,1.55,7,out_for_delivery,Meerut,Noida Sector 18
DE001654,delivery_tracking,O00314,D001,2026-08-08 10:49:13,28.956924,77.673185,9.29,3.1,6,out_for_delivery,Meerut,Noida Sector 18
DE001655,delivery_tracking,O00314,D001,2026-08-08 10:50:43,28.958677,77.684477,9.29,4.64,4,out_for_delivery,Meerut,Noida Sector 18
DE001656,delivery_tracking,O00314,D001,2026-08-08 10:52:13,28.974142,77.677653,9.29,6.19,3,out_for_delivery,Meerut,Noida Sector 18
DE001657,delivery_tracking,O00314,D001,2026-08-08 10:53:43,28.972236,77.679133,9.29,7.74,1,out_for_delivery,Meerut,Noida Sector 18
DE001658,delivery_tracking,O00314,D001,2026-08-08 10:55:13,28.977208,77.686367,9.29,9.29,0,delivered,Meerut,Noida Sector 18
DE001659,delivery_tracking,O00315,D091,2026-08-12 16:31:59,29.000374,77.665075,8.29,0.0,14,picked_up,Meerut,Noida Sector 18
DE001660,delivery_tracking,O00315,D091,2026-08-12 16:35:29,28.993686,77.679797,8.29,2.07,10,out_for_delivery,Meerut,Noida Sector 18
DE001661,delivery_tracking,O00315,D091,2026-08-12 16:38:59,29.009079,77.672921,8.29,4.14,7,out_for_delivery,Meerut,Noida Sector 18
DE001662,delivery_tracking,O00315,D091,2026-08-12 16:42:29,29.002129,77.688536,8.29,6.22,3,out_for_delivery,Meerut,Noida Sector 18
DE001663,delivery_tracking,O00315,D091,2026-08-12 16:45:59,29.020924,77.691912,8.29,8.29,0,delivered,Meerut,Noida Sector 18
DE001664,delivery_tracking,O00316,D001,2026-08-07 11:56:35,28.999251,77.683848,3.85,0.0,23,picked_up,Meerut,Noida Sector 18
DE001665,delivery_tracking,O00316,D001,2026-08-07 12:01:11,28.998796,77.679151,3.85,0.77,18,out_for_delivery,Meerut,Noida Sector 18
DE001666,delivery_tracking,O00316,D001,2026-08-07 12:05:47,29.001037,77.684304,3.85,1.54,13,out_for_delivery,Meerut,Noida Sector 18
DE001667,delivery_tracking,O00316,D001,2026-08-07 12:10:23,29.002305,77.681255,3.85,2.31,9,out_for_delivery,Meerut,Noida Sector 18
DE001668,delivery_tracking,O00316,D001,2026-08-07 12:14:59,28.998816,77.697605,3.85,3.08,4,out_for_delivery,Meerut,Noida Sector 18
DE001669,delivery_tracking,O00316,D001,2026-08-07 12:19:35,29.015373,77.696626,3.85,3.85,0,delivered,Meerut,Noida Sector 18
DE001670,delivery_tracking,O00317,D042,2026-08-04 20:48:07,28.96449,77.646035,5.86,0.0,20,picked_up,Meerut,Gurugram Cyber City
DE001671,delivery_tracking,O00317,D042,2026-08-04 20:51:27,28.971007,77.639451,5.86,0.98,16,out_for_delivery,Meerut,Gurugram Cyber City
DE001672,delivery_tracking,O00317,D042,2026-08-04 20:54:47,28.976102,77.644438,5.86,1.95,13,out_for_delivery,Meerut,Gurugram Cyber City
DE001673,delivery_tracking,O00317,D042,2026-08-04 20:58:07,28.978748,77.656346,5.86,2.93,10,out_for_delivery,Meerut,Gurugram Cyber City
DE001674,delivery_tracking,O00317,D042,2026-08-04 21:01:27,28.978641,77.655163,5.86,3.91,6,out_for_delivery,Meerut,Gurugram Cyber City
DE001675,delivery_tracking,O00317,D042,2026-08-04 21:04:47,28.982571,77.659469,5.86,4.88,3,out_for_delivery,Meerut,Gurugram Cyber City
DE001676,delivery_tracking,O00317,D042,2026-08-04 21:08:07,28.984445,77.653795,5.86,5.86,0,delivered,Meerut,Gurugram Cyber City
DE001677,delivery_tracking,O00318,D069,2026-08-04 20:20:39,29.003104,77.651196,9.87,0.0,14,picked_up,Meerut,Saket
DE001678,delivery_tracking,O00318,D069,2026-08-04 20:23:27,29.012158,77.642402,9.87,1.97,11,out_for_delivery,Meerut,Saket
DE001679,delivery_tracking,O00318,D069,2026-08-04 20:26:15,29.012751,77.643296,9.87,3.95,8,out_for_delivery,Meerut,Saket
DE001680,delivery_tracking,O00318,D069,2026-08-04 20:29:03,29.004623,77.64797,9.87,5.92,5,out_for_delivery,Meerut,Saket
DE001681,delivery_tracking,O00318,D069,2026-08-04 20:31:51,29.012662,77.654551,9.87,7.9,2,out_for_delivery,Meerut,Saket
DE001682,delivery_tracking,O00318,D069,2026-08-04 20:34:39,29.012369,77.646765,9.87,9.87,0,delivered,Meerut,Saket
DE001683,delivery_tracking,O00319,D097,2026-08-09 11:51:25,29.01909,77.659955,4.28,0.0,7,picked_up,Meerut,Shastri Nagar
DE001684,delivery_tracking,O00319,D097,2026-08-09 11:53:10,29.023714,77.647703,4.28,1.07,5,out_for_delivery,Meerut,Shastri Nagar
DE001685,delivery_tracking,O00319,D097,2026-08-09 11:54:55,29.020314,77.663992,4.28,2.14,3,out_for_delivery,Meerut,Shastri Nagar
DE001686,delivery_tracking,O00319,D097,2026-08-09 11:56:40,29.028627,77.654075,4.28,3.21,1,out_for_delivery,Meerut,Shastri Nagar
DE001687,delivery_tracking,O00319,D097,2026-08-09 11:58:25,29.032577,77.668256,4.28,4.28,0,delivered,Meerut,Shastri Nagar
DE001688,delivery_tracking,O00320,D013,2026-08-12 20:10:25,29.023366,77.637957,6.39,0.0,12,picked_up,Meerut,Connaught Place
DE001689,delivery_tracking,O00320,D013,2026-08-12 20:12:25,29.039379,77.649816,6.39,1.06,10,out_for_delivery,Meerut,Connaught Place
DE001690,delivery_tracking,O00320,D013,2026-08-12 20:14:25,29.032208,77.659249,6.39,2.13,8,out_for_delivery,Meerut,Connaught Place
DE001691,delivery_tracking,O00320,D013,2026-08-12 20:16:25,29.035705,77.648488,6.39,3.19,6,out_for_delivery,Meerut,Connaught Place
DE001692,delivery_tracking,O00320,D013,2026-08-12 20:18:25,29.027885,77.656037,6.39,4.26,4,out_for_delivery,Meerut,Connaught Place
DE001693,delivery_tracking,O00320,D013,2026-08-12 20:20:25,29.037914,77.656051,6.39,5.33,2,out_for_delivery,Meerut,Connaught Place
DE001694,delivery_tracking,O00320,D013,2026-08-12 20:22:25,29.043473,77.653262,6.39,6.39,0,delivered,Meerut,Connaught Place
DE001695,delivery_tracking,O00321,D004,2026-08-07 13:46:23,28.999803,77.606181,3.55,0.0,14,picked_up,Meerut,Ganga Nagar
DE001696,delivery_tracking,O00321,D004,2026-08-07 13:48:43,29.004433,77.610544,3.55,0.59,11,out_for_delivery,Meerut,Ganga Nagar
DE001697,delivery_tracking,O00321,D004,2026-08-07 13:51:03,28.997121,77.617059,3.55,1.18,9,out_for_delivery,Meerut,Ganga Nagar
DE001698,delivery_tracking,O00321,D004,2026-08-07 13:53:23,29.000013,77.61044,3.55,1.77,7,out_for_delivery,Meerut,Ganga Nagar
DE001699,delivery_tracking,O00321,D004,2026-08-07 13:55:43,29.00423,77.609723,3.55,2.37,4,out_for_delivery,Meerut,Ganga Nagar
DE001700,delivery_tracking,O00321,D004,2026-08-07 13:58:03,29.006402,77.620517,3.55,2.96,2,out_for_delivery,Meerut,Ganga Nagar
DE001701,delivery_tracking,O00321,D004,2026-08-07 14:00:23,29.010603,77.611823,3.55,3.55,0,delivered,Meerut,Ganga Nagar
DE001702,delivery_tracking,O00322,D097,2026-08-09 18:03:31,28.953507,77.599842,6.01,0.0,6,picked_up,Meerut,Shastri Nagar
DE001703,delivery_tracking,O00322,D097,2026-08-09 18:05:31,28.974621,77.596871,6.01,2.0,4,out_for_delivery,Meerut,Shastri Nagar
DE001704,delivery_tracking,O00322,D097,2026-08-09 18:07:31,28.968666,77.604504,6.01,4.01,2,out_for_delivery,Meerut,Shastri Nagar
DE001705,delivery_tracking,O00322,D097,2026-08-09 18:09:31,28.981246,77.615834,6.01,6.01,0,delivered,Meerut,Shastri Nagar
DE001706,delivery_tracking,O00323,D052,2026-08-01 14:37:27,29.014613,77.671184,4.48,0.0,8,picked_up,Meerut,Ganga Nagar
DE001707,delivery_tracking,O00323,D052,2026-08-01 14:39:03,29.016483,77.687884,4.48,0.9,6,out_for_delivery,Meerut,Ganga Nagar
DE001708,delivery_tracking,O00323,D052,2026-08-01 14:40:39,29.028767,77.686562,4.48,1.79,4,out_for_delivery,Meerut,Ganga Nagar
DE001709,delivery_tracking,O00323,D052,2026-08-01 14:42:15,29.030273,77.677866,4.48,2.69,3,out_for_delivery,Meerut,Ganga Nagar
DE001710,delivery_tracking,O00323,D052,2026-08-01 14:43:51,29.026713,77.694748,4.48,3.58,1,out_for_delivery,Meerut,Ganga Nagar
DE001711,delivery_tracking,O00323,D052,2026-08-01 14:45:27,29.019422,77.689486,4.48,4.48,0,delivered,Meerut,Ganga Nagar
DE001712,delivery_tracking,O00324,D009,2026-08-01 15:06:12,28.735226,77.114483,1.95,0.0,15,picked_up,Delhi NCR,Rohini
DE001713,delivery_tracking,O00324,D009,2026-08-01 15:11:12,28.738084,77.131353,1.95,0.65,10,out_for_delivery,Delhi NCR,Rohini
DE001714,delivery_tracking,O00324,D009,2026-08-01 15:16:12,28.738358,77.125106,1.95,1.3,5,out_for_delivery,Delhi NCR,Rohini
DE001715,delivery_tracking,O00324,D009,2026-08-01 15:21:12,28.744159,77.132057,1.95,1.95,0,delivered,Delhi NCR,Rohini
DE001716,delivery_tracking,O00325,D070,2026-08-11 20:32:04,28.985746,77.666504,7.84,0.0,14,picked_up,Meerut,Shastri Nagar
DE001717,delivery_tracking,O00325,D070,2026-08-11 20:34:52,28.981731,77.672943,7.84,1.57,11,out_for_delivery,Meerut,Shastri Nagar
DE001718,delivery_tracking,O00325,D070,2026-08-11 20:37:40,28.976599,77.657812,7.84,3.14,8,out_for_delivery,Meerut,Shastri Nagar
DE001719,delivery_tracking,O00325,D070,2026-08-11 20:40:28,28.980049,77.665087,7.84,4.7,5,out_for_delivery,Meerut,Shastri Nagar
DE001720,delivery_tracking,O00325,D070,2026-08-11 20:43:16,28.997004,77.676057,7.84,6.27,2,out_for_delivery,Meerut,Shastri Nagar
DE001721,delivery_tracking,O00325,D070,2026-08-11 20:46:04,28.984279,77.676268,7.84,7.84,0,delivered,Meerut,Shastri Nagar
DE001722,delivery_tracking,O00326,D010,2026-08-01 12:50:51,28.979013,77.674758,9.95,0.0,16,picked_up,Meerut,Shastri Nagar
DE001723,delivery_tracking,O00326,D010,2026-08-01 12:54:03,28.988243,77.679199,9.95,1.99,12,out_for_delivery,Meerut,Shastri Nagar
DE001724,delivery_tracking,O00326,D010,2026-08-01 12:57:15,28.993309,77.679764,9.95,3.98,9,out_for_delivery,Meerut,Shastri Nagar
DE001725,delivery_tracking,O00326,D010,2026-08-01 13:00:27,28.991626,77.682889,9.95,5.97,6,out_for_delivery,Meerut,Shastri Nagar
DE001726,delivery_tracking,O00326,D010,2026-08-01 13:03:39,28.991609,77.678894,9.95,7.96,3,out_for_delivery,Meerut,Shastri Nagar
DE001727,delivery_tracking,O00326,D010,2026-08-01 13:06:51,28.999179,77.685799,9.95,9.95,0,delivered,Meerut,Shastri Nagar
DE001728,delivery_tracking,O00327,D084,2026-08-06 12:27:55,29.030155,77.605779,5.43,0.0,13,picked_up,Meerut,Rohini
DE001729,delivery_tracking,O00327,D084,2026-08-06 12:30:31,29.028843,77.610549,5.43,1.09,10,out_for_delivery,Meerut,Rohini
DE001730,delivery_tracking,O00327,D084,2026-08-06 12:33:07,29.033012,77.616742,5.43,2.17,7,out_for_delivery,Meerut,Rohini
DE001731,delivery_tracking,O00327,D084,2026-08-06 12:35:43,29.047066,77.626802,5.43,3.26,5,out_for_delivery,Meerut,Rohini
DE001732,delivery_tracking,O00327,D084,2026-08-06 12:38:19,29.032306,77.623166,5.43,4.34,2,out_for_delivery,Meerut,Rohini
DE001733,delivery_tracking,O00327,D084,2026-08-06 12:40:55,29.04421,77.621545,5.43,5.43,0,delivered,Meerut,Rohini
DE001734,delivery_tracking,O00328,D036,2026-08-11 11:07:52,29.014483,77.649084,5.38,0.0,5,picked_up,Meerut,Dwarka
DE001735,delivery_tracking,O00328,D036,2026-08-11 11:09:07,29.009206,77.667117,5.38,1.34,3,out_for_delivery,Meerut,Dwarka
DE001736,delivery_tracking,O00328,D036,2026-08-11 11:10:22,29.005686,77.666701,5.38,2.69,2,out_for_delivery,Meerut,Dwarka
DE001737,delivery_tracking,O00328,D036,2026-08-11 11:11:37,29.009561,77.659651,5.38,4.04,1,out_for_delivery,Meerut,Dwarka
DE001738,delivery_tracking,O00328,D036,2026-08-11 11:12:52,29.022947,77.681119,5.38,5.38,0,delivered,Meerut,Dwarka
DE001739,delivery_tracking,O00329,D043,2026-08-14 21:22:57,29.002583,77.610669,1.89,0.0,24,picked_up,Meerut,Gurugram Cyber City
DE001740,delivery_tracking,O00329,D043,2026-08-14 21:27:45,29.009414,77.608775,1.89,0.38,19,out_for_delivery,Meerut,Gurugram Cyber City
DE001741,delivery_tracking,O00329,D043,2026-08-14 21:32:33,29.017013,77.61126,1.89,0.76,14,out_for_delivery,Meerut,Gurugram Cyber City
DE001742,delivery_tracking,O00329,D043,2026-08-14 21:37:21,29.02484,77.627558,1.89,1.13,9,out_for_delivery,Meerut,Gurugram Cyber City
DE001743,delivery_tracking,O00329,D043,2026-08-14 21:42:09,29.012968,77.619276,1.89,1.51,4,out_for_delivery,Meerut,Gurugram Cyber City
DE001744,delivery_tracking,O00329,D043,2026-08-14 21:46:57,29.022917,77.62363,1.89,1.89,0,delivered,Meerut,Gurugram Cyber City
DE001745,delivery_tracking,O00330,D073,2026-08-08 11:25:58,28.732186,77.241494,8.41,0.0,7,picked_up,Delhi NCR,Connaught Place
DE001746,delivery_tracking,O00330,D073,2026-08-08 11:27:22,28.736469,77.235469,8.41,1.68,5,out_for_delivery,Delhi NCR,Connaught Place
DE001747,delivery_tracking,O00330,D073,2026-08-08 11:28:46,28.736556,77.237302,8.41,3.36,4,out_for_delivery,Delhi NCR,Connaught Place
DE001748,delivery_tracking,O00330,D073,2026-08-08 11:30:10,28.725506,77.251766,8.41,5.05,2,out_for_delivery,Delhi NCR,Connaught Place
DE001749,delivery_tracking,O00330,D073,2026-08-08 11:31:34,28.731,77.243456,8.41,6.73,1,out_for_delivery,Delhi NCR,Connaught Place
DE001750,delivery_tracking,O00330,D073,2026-08-08 11:32:58,28.73675,77.248167,8.41,8.41,0,delivered,Delhi NCR,Connaught Place
DE001751,delivery_tracking,O00331,D026,2026-08-03 14:42:44,28.577209,77.241307,10.57,0.0,19,picked_up,Delhi NCR,Gurugram Cyber City
DE001752,delivery_tracking,O00331,D026,2026-08-03 14:45:54,28.59647,77.24111,10.57,1.76,15,out_for_delivery,Delhi NCR,Gurugram Cyber City
DE001753,delivery_tracking,O00331,D026,2026-08-03 14:49:04,28.592015,77.248573,10.57,3.52,12,out_for_delivery,Delhi NCR,Gurugram Cyber City
DE001754,delivery_tracking,O00331,D026,2026-08-03 14:52:14,28.587369,77.244277,10.57,5.29,9,out_for_delivery,Delhi NCR,Gurugram Cyber City
DE001755,delivery_tracking,O00331,D026,2026-08-03 14:55:24,28.603465,77.250965,10.57,7.05,6,out_for_delivery,Delhi NCR,Gurugram Cyber City
DE001756,delivery_tracking,O00331,D026,2026-08-03 14:58:34,28.601458,77.247812,10.57,8.81,3,out_for_delivery,Delhi NCR,Gurugram Cyber City
DE001757,delivery_tracking,O00331,D026,2026-08-03 15:01:44,28.59936,77.249147,10.57,10.57,0,delivered,Delhi NCR,Gurugram Cyber City
DE001758,delivery_tracking,O00332,D034,2026-08-01 11:58:42,28.999278,77.649868,7.85,0.0,20,picked_up,Meerut,Saket
DE001759,delivery_tracking,O00332,D034,2026-08-01 12:05:22,29.007836,77.663417,7.85,2.62,13,out_for_delivery,Meerut,Saket
DE001760,delivery_tracking,O00332,D034,2026-08-01 12:12:02,29.009845,77.657518,7.85,5.23,6,out_for_delivery,Meerut,Saket
DE001761,delivery_tracking,O00332,D034,2026-08-01 12:18:42,29.014358,77.666293,7.85,7.85,0,delivered,Meerut,Saket
DE001762,delivery_tracking,O00333,D057,2026-08-13 19:47:37,28.563289,77.243815,6.65,0.0,18,picked_up,Delhi NCR,Dwarka
DE001763,delivery_tracking,O00333,D057,2026-08-13 19:52:07,28.561915,77.237968,6.65,1.66,13,out_for_delivery,Delhi NCR,Dwarka
DE001764,delivery_tracking,O00333,D057,2026-08-13 19:56:37,28.571007,77.252378,6.65,3.33,9,out_for_delivery,Delhi NCR,Dwarka
DE001765,delivery_tracking,O00333,D057,2026-08-13 20:01:07,28.567291,77.237619,6.65,4.99,4,out_for_delivery,Delhi NCR,Dwarka
DE001766,delivery_tracking,O00333,D057,2026-08-13 20:05:37,28.57327,77.259245,6.65,6.65,0,delivered,Delhi NCR,Dwarka
DE001767,delivery_tracking,O00334,D073,2026-08-13 12:28:42,28.581689,77.079137,6.4,0.0,12,picked_up,Delhi NCR,Connaught Place
DE001768,delivery_tracking,O00334,D073,2026-08-13 12:31:06,28.587148,77.079217,6.4,1.28,9,out_for_delivery,Delhi NCR,Connaught Place
DE001769,delivery_tracking,O00334,D073,2026-08-13 12:33:30,28.590976,77.094108,6.4,2.56,7,out_for_delivery,Delhi NCR,Connaught Place
DE001770,delivery_tracking,O00334,D073,2026-08-13 12:35:54,28.605995,77.090899,6.4,3.84,4,out_for_delivery,Delhi NCR,Connaught Place
DE001771,delivery_tracking,O00334,D073,2026-08-13 12:38:18,28.601628,77.093308,6.4,5.12,2,out_for_delivery,Delhi NCR,Connaught Place
DE001772,delivery_tracking,O00334,D073,2026-08-13 12:40:42,28.604497,77.103149,6.4,6.4,0,delivered,Delhi NCR,Connaught Place
DE001773,delivery_tracking,O00335,D061,2026-08-11 17:12:29,28.632168,77.073736,9.45,0.0,18,picked_up,Delhi NCR,Connaught Place
DE001774,delivery_tracking,O00335,D061,2026-08-11 17:15:29,28.621808,77.074543,9.45,1.57,15,out_for_delivery,Delhi NCR,Connaught Place
DE001775,delivery_tracking,O00335,D061,2026-08-11 17:18:29,28.627333,77.064035,9.45,3.15,12,out_for_delivery,Delhi NCR,Connaught Place
DE001776,delivery_tracking,O00335,D061,2026-08-11 17:21:29,28.633516,77.07186,9.45,4.72,9,out_for_delivery,Delhi NCR,Connaught Place
DE001777,delivery_tracking,O00335,D061,2026-08-11 17:24:29,28.628802,77.076315,9.45,6.3,6,out_for_delivery,Delhi NCR,Connaught Place
DE001778,delivery_tracking,O00335,D061,2026-08-11 17:27:29,28.639234,77.068377,9.45,7.88,3,out_for_delivery,Delhi NCR,Connaught Place
DE001779,delivery_tracking,O00335,D061,2026-08-11 17:30:29,28.638372,77.07933,9.45,9.45,0,delivered,Delhi NCR,Connaught Place
DE001780,delivery_tracking,O00336,D039,2026-08-07 11:50:24,28.962382,77.64624,12.03,0.0,8,picked_up,Meerut,Saket
DE001781,delivery_tracking,O00336,D039,2026-08-07 11:53:04,28.971805,77.651615,12.03,4.01,5,out_for_delivery,Meerut,Saket
DE001782,delivery_tracking,O00336,D039,2026-08-07 11:55:44,28.980333,77.670658,12.03,8.02,2,out_for_delivery,Meerut,Saket
DE001783,delivery_tracking,O00336,D039,2026-08-07 11:58:24,28.968328,77.665968,12.03,12.03,0,delivered,Meerut,Saket
DE001784,delivery_tracking,O00337,D050,2026-08-11 17:20:31,28.990262,77.636709,8.02,0.0,15,picked_up,Meerut,Connaught Place
DE001785,delivery_tracking,O00337,D050,2026-08-11 17:23:01,28.997957,77.624559,8.02,1.34,12,out_for_delivery,Meerut,Connaught Place
DE001786,delivery_tracking,O00337,D050,2026-08-11 17:25:31,28.984598,77.633307,8.02,2.67,10,out_for_delivery,Meerut,Connaught Place
DE001787,delivery_tracking,O00337,D050,2026-08-11 17:28:01,28.998714,77.644732,8.02,4.01,7,out_for_delivery,Meerut,Connaught Place
DE001788,delivery_tracking,O00337,D050,2026-08-11 17:30:31,28.987622,77.629965,8.02,5.35,5,out_for_delivery,Meerut,Connaught Place
DE001789,delivery_tracking,O00337,D050,2026-08-11 17:33:01,29.007486,77.646477,8.02,6.68,2,out_for_delivery,Meerut,Connaught Place
DE001790,delivery_tracking,O00337,D050,2026-08-11 17:35:31,28.996178,77.645124,8.02,8.02,0,delivered,Meerut,Connaught Place
DE001791,delivery_tracking,O00338,D059,2026-08-07 10:59:18,29.011398,77.641761,5.01,0.0,14,picked_up,Meerut,Saket
DE001792,delivery_tracking,O00338,D059,2026-08-07 11:02:48,29.018219,77.643124,5.01,1.25,10,out_for_delivery,Meerut,Saket
DE001793,delivery_tracking,O00338,D059,2026-08-07 11:06:18,29.013746,77.643154,5.01,2.5,7,out_for_delivery,Meerut,Saket
DE001794,delivery_tracking,O00338,D059,2026-08-07 11:09:48,29.031422,77.655295,5.01,3.76,3,out_for_delivery,Meerut,Saket
DE001795,delivery_tracking,O00338,D059,2026-08-07 11:13:18,29.028458,77.651925,5.01,5.01,0,delivered,Meerut,Saket
DE001796,delivery_tracking,O00339,D017,2026-08-12 13:06:31,28.555296,77.181476,1.66,0.0,20,picked_up,Delhi NCR,Rohini
DE001797,delivery_tracking,O00339,D017,2026-08-12 13:13:11,28.554233,77.18542,1.66,0.55,13,out_for_delivery,Delhi NCR,Rohini
DE001798,delivery_tracking,O00339,D017,2026-08-12 13:19:51,28.572643,77.180321,1.66,1.11,6,out_for_delivery,Delhi NCR,Rohini
DE001799,delivery_tracking,O00339,D017,2026-08-12 13:26:31,28.563105,77.195878,1.66,1.66,0,delivered,Delhi NCR,Rohini
DE001800,delivery_tracking,O00340,D056,2026-08-02 13:56:16,29.009781,77.65318,9.8,0.0,14,picked_up,Meerut,Gurugram Cyber City
DE001801,delivery_tracking,O00340,D056,2026-08-02 13:59:04,29.010723,77.65889,9.8,1.96,11,out_for_delivery,Meerut,Gurugram Cyber City
DE001802,delivery_tracking,O00340,D056,2026-08-02 14:01:52,29.011448,77.658366,9.8,3.92,8,out_for_delivery,Meerut,Gurugram Cyber City
DE001803,delivery_tracking,O00340,D056,2026-08-02 14:04:40,29.012892,77.676906,9.8,5.88,5,out_for_delivery,Meerut,Gurugram Cyber City
DE001804,delivery_tracking,O00340,D056,2026-08-02 14:07:28,29.024894,77.66976,9.8,7.84,2,out_for_delivery,Meerut,Gurugram Cyber City
DE001805,delivery_tracking,O00340,D056,2026-08-02 14:10:16,29.023998,77.68307,9.8,9.8,0,delivered,Meerut,Gurugram Cyber City
DE001806,delivery_tracking,O00341,D013,2026-08-04 13:32:45,28.98486,77.64154,7.93,0.0,20,picked_up,Meerut,Connaught Place
DE001807,delivery_tracking,O00341,D013,2026-08-04 13:36:45,28.989936,77.646852,7.93,1.59,16,out_for_delivery,Meerut,Connaught Place
DE001808,delivery_tracking,O00341,D013,2026-08-04 13:40:45,28.9989,77.644825,7.93,3.17,12,out_for_delivery,Meerut,Connaught Place
DE001809,delivery_tracking,O00341,D013,2026-08-04 13:44:45,29.001003,77.657072,7.93,4.76,8,out_for_delivery,Meerut,Connaught Place
DE001810,delivery_tracking,O00341,D013,2026-08-04 13:48:45,28.995162,77.647258,7.93,6.34,4,out_for_delivery,Meerut,Connaught Place
DE001811,delivery_tracking,O00341,D013,2026-08-04 13:52:45,29.010094,77.668967,7.93,7.93,0,delivered,Meerut,Connaught Place
DE001812,delivery_tracking,O00342,D072,2026-08-06 11:41:47,28.68477,77.153447,2.96,0.0,11,picked_up,Delhi NCR,Dwarka
DE001813,delivery_tracking,O00342,D072,2026-08-06 11:43:37,28.68682,77.166607,2.96,0.49,9,out_for_delivery,Delhi NCR,Dwarka
DE001814,delivery_tracking,O00342,D072,2026-08-06 11:45:27,28.679668,77.162673,2.96,0.99,7,out_for_delivery,Delhi NCR,Dwarka
DE001815,delivery_tracking,O00342,D072,2026-08-06 11:47:17,28.690777,77.163112,2.96,1.48,5,out_for_delivery,Delhi NCR,Dwarka
DE001816,delivery_tracking,O00342,D072,2026-08-06 11:49:07,28.686995,77.179972,2.96,1.97,3,out_for_delivery,Delhi NCR,Dwarka
DE001817,delivery_tracking,O00342,D072,2026-08-06 11:50:57,28.679293,77.169845,2.96,2.47,1,out_for_delivery,Delhi NCR,Dwarka
DE001818,delivery_tracking,O00342,D072,2026-08-06 11:52:47,28.699696,77.179393,2.96,2.96,0,delivered,Delhi NCR,Dwarka
DE001819,delivery_tracking,O00343,D099,2026-08-13 21:45:35,28.995152,77.648976,8.71,0.0,15,picked_up,Meerut,Dwarka
DE001820,delivery_tracking,O00343,D099,2026-08-13 21:48:05,29.008286,77.649123,8.71,1.45,12,out_for_delivery,Meerut,Dwarka
DE001821,delivery_tracking,O00343,D099,2026-08-13 21:50:35,29.014141,77.649036,8.71,2.9,10,out_for_delivery,Meerut,Dwarka
DE001822,delivery_tracking,O00343,D099,2026-08-13 21:53:05,29.015617,77.656398,8.71,4.36,7,out_for_delivery,Meerut,Dwarka
DE001823,delivery_tracking,O00343,D099,2026-08-13 21:55:35,29.000717,77.667494,8.71,5.81,5,out_for_delivery,Meerut,Dwarka
DE001824,delivery_tracking,O00343,D099,2026-08-13 21:58:05,29.018409,77.666521,8.71,7.26,2,out_for_delivery,Meerut,Dwarka
DE001825,delivery_tracking,O00343,D099,2026-08-13 22:00:35,29.019317,77.657863,8.71,8.71,0,delivered,Meerut,Dwarka
DE001826,delivery_tracking,O00344,D054,2026-08-07 16:36:40,28.603675,77.172898,11.88,0.0,19,picked_up,Delhi NCR,Saket
DE001827,delivery_tracking,O00344,D054,2026-08-07 16:39:50,28.592943,77.168388,11.88,1.98,15,out_for_delivery,Delhi NCR,Saket
DE001828,delivery_tracking,O00344,D054,2026-08-07 16:43:00,28.610786,77.166648,11.88,3.96,12,out_for_delivery,Delhi NCR,Saket
DE001829,delivery_tracking,O00344,D054,2026-08-07 16:46:10,28.607715,77.165222,11.88,5.94,9,out_for_delivery,Delhi NCR,Saket
DE001830,delivery_tracking,O00344,D054,2026-08-07 16:49:20,28.618252,77.173017,11.88,7.92,6,out_for_delivery,Delhi NCR,Saket
DE001831,delivery_tracking,O00344,D054,2026-08-07 16:52:30,28.616949,77.171148,11.88,9.9,3,out_for_delivery,Delhi NCR,Saket
DE001832,delivery_tracking,O00344,D054,2026-08-07 16:55:40,28.614432,77.183117,11.88,11.88,0,delivered,Delhi NCR,Saket
DE001833,delivery_tracking,O00345,D017,2026-08-05 12:22:01,28.665699,77.120693,6.85,0.0,13,picked_up,Delhi NCR,Rohini
DE001834,delivery_tracking,O00345,D017,2026-08-05 12:25:16,28.665948,77.124974,6.85,1.71,9,out_for_delivery,Delhi NCR,Rohini
DE001835,delivery_tracking,O00345,D017,2026-08-05 12:28:31,28.681942,77.121879,6.85,3.42,6,out_for_delivery,Delhi NCR,Rohini
DE001836,delivery_tracking,O00345,D017,2026-08-05 12:31:46,28.682447,77.126906,6.85,5.14,3,out_for_delivery,Delhi NCR,Rohini
DE001837,delivery_tracking,O00345,D017,2026-08-05 12:35:01,28.683508,77.136913,6.85,6.85,0,delivered,Delhi NCR,Rohini
DE001838,delivery_tracking,O00346,D092,2026-08-09 12:01:49,28.992414,77.642145,5.71,0.0,9,picked_up,Meerut,Noida Sector 18
DE001839,delivery_tracking,O00346,D092,2026-08-09 12:04:49,29.0105,77.6418,5.71,1.9,6,out_for_delivery,Meerut,Noida Sector 18
DE001840,delivery_tracking,O00346,D092,2026-08-09 12:07:49,29.016174,77.649644,5.71,3.81,3,out_for_delivery,Meerut,Noida Sector 18
DE001841,delivery_tracking,O00346,D092,2026-08-09 12:10:49,29.012671,77.653334,5.71,5.71,0,delivered,Meerut,Noida Sector 18
DE001842,delivery_tracking,O00347,D062,2026-08-04 14:26:21,28.641964,77.106811,8.99,0.0,13,picked_up,Delhi NCR,Connaught Place
DE001843,delivery_tracking,O00347,D062,2026-08-04 14:28:57,28.636036,77.100353,8.99,1.8,10,out_for_delivery,Delhi NCR,Connaught Place
DE001844,delivery_tracking,O00347,D062,2026-08-04 14:31:33,28.640496,77.105001,8.99,3.6,7,out_for_delivery,Delhi NCR,Connaught Place
DE001845,delivery_tracking,O00347,D062,2026-08-04 14:34:09,28.64633,77.106409,8.99,5.39,5,out_for_delivery,Delhi NCR,Connaught Place
DE001846,delivery_tracking,O00347,D062,2026-08-04 14:36:45,28.660971,77.10675,8.99,7.19,2,out_for_delivery,Delhi NCR,Connaught Place
DE001847,delivery_tracking,O00347,D062,2026-08-04 14:39:21,28.657753,77.11609,8.99,8.99,0,delivered,Delhi NCR,Connaught Place
DE001848,delivery_tracking,O00348,D020,2026-08-12 21:26:09,28.693767,77.207092,7.8,0.0,10,picked_up,Delhi NCR,Gurugram Cyber City
DE001849,delivery_tracking,O00348,D020,2026-08-12 21:27:49,28.706176,77.204468,7.8,1.3,8,out_for_delivery,Delhi NCR,Gurugram Cyber City
DE001850,delivery_tracking,O00348,D020,2026-08-12 21:29:29,28.700971,77.204113,7.8,2.6,6,out_for_delivery,Delhi NCR,Gurugram Cyber City
DE001851,delivery_tracking,O00348,D020,2026-08-12 21:31:09,28.702195,77.204151,7.8,3.9,5,out_for_delivery,Delhi NCR,Gurugram Cyber City
DE001852,delivery_tracking,O00348,D020,2026-08-12 21:32:49,28.71275,77.212059,7.8,5.2,3,out_for_delivery,Delhi NCR,Gurugram Cyber City
DE001853,delivery_tracking,O00348,D020,2026-08-12 21:34:29,28.714144,77.211232,7.8,6.5,1,out_for_delivery,Delhi NCR,Gurugram Cyber City
DE001854,delivery_tracking,O00348,D020,2026-08-12 21:36:09,28.708908,77.211689,7.8,7.8,0,delivered,Delhi NCR,Gurugram Cyber City
DE001855,delivery_tracking,O00349,D044,2026-08-04 14:38:14,29.022487,77.659918,11.44,0.0,23,picked_up,Meerut,Ganga Nagar
DE001856,delivery_tracking,O00349,D044,2026-08-04 14:43:59,29.012066,77.668925,11.44,2.86,17,out_for_delivery,Meerut,Ganga Nagar
DE001857,delivery_tracking,O00349,D044,2026-08-04 14:49:44,29.0342,77.670295,11.44,5.72,11,out_for_delivery,Meerut,Ganga Nagar
DE001858,delivery_tracking,O00349,D044,2026-08-04 14:55:29,29.024339,77.68313,11.44,8.58,5,out_for_delivery,Meerut,Ganga Nagar
DE001859,delivery_tracking,O00349,D044,2026-08-04 15:01:14,29.039592,77.678402,11.44,11.44,0,delivered,Meerut,Ganga Nagar
DE001860,delivery_tracking,O00350,D008,2026-08-08 19:48:15,28.596126,77.208789,7.44,0.0,17,picked_up,Delhi NCR,Noida Sector 18
DE001861,delivery_tracking,O00350,D008,2026-08-08 19:53:55,28.589058,77.215293,7.44,2.48,11,out_for_delivery,Delhi NCR,Noida Sector 18
DE001862,delivery_tracking,O00350,D008,2026-08-08 19:59:35,28.592882,77.231372,7.44,4.96,5,out_for_delivery,Delhi NCR,Noida Sector 18
DE001863,delivery_tracking,O00350,D008,2026-08-08 20:05:15,28.602548,77.223104,7.44,7.44,0,delivered,Delhi NCR,Noida Sector 18
DE001864,delivery_tracking,O00351,D007,2026-08-06 20:28:12,28.670742,77.221081,6.71,0.0,16,picked_up,Delhi NCR,Gurugram Cyber City
DE001865,delivery_tracking,O00351,D007,2026-08-06 20:33:32,28.674195,77.229007,6.71,2.24,10,out_for_delivery,Delhi NCR,Gurugram Cyber City
DE001866,delivery_tracking,O00351,D007,2026-08-06 20:38:52,28.679041,77.237339,6.71,4.47,5,out_for_delivery,Delhi NCR,Gurugram Cyber City
DE001867,delivery_tracking,O00351,D007,2026-08-06 20:44:12,28.691187,77.232263,6.71,6.71,0,delivered,Delhi NCR,Gurugram Cyber City
DE001868,delivery_tracking,O00352,D035,2026-08-08 20:33:21,28.974456,77.631588,4.31,0.0,12,picked_up,Meerut,Dwarka
DE001869,delivery_tracking,O00352,D035,2026-08-08 20:36:21,28.987941,77.638364,4.31,1.08,9,out_for_delivery,Meerut,Dwarka
DE001870,delivery_tracking,O00352,D035,2026-08-08 20:39:21,28.975467,77.634015,4.31,2.15,6,out_for_delivery,Meerut,Dwarka
DE001871,delivery_tracking,O00352,D035,2026-08-08 20:42:21,28.984595,77.642546,4.31,3.23,3,out_for_delivery,Meerut,Dwarka
DE001872,delivery_tracking,O00352,D035,2026-08-08 20:45:21,28.99821,77.649067,4.31,4.31,0,delivered,Meerut,Dwarka
DE001873,delivery_tracking,O00353,D025,2026-08-13 12:10:14,29.009079,77.631617,11.68,0.0,18,picked_up,Meerut,Connaught Place
DE001874,delivery_tracking,O00353,D025,2026-08-13 12:14:44,29.014548,77.631854,11.68,2.92,13,out_for_delivery,Meerut,Connaught Place
DE001875,delivery_tracking,O00353,D025,2026-08-13 12:19:14,29.004394,77.642535,11.68,5.84,9,out_for_delivery,Meerut,Connaught Place
DE001876,delivery_tracking,O00353,D025,2026-08-13 12:23:44,29.024624,77.640221,11.68,8.76,4,out_for_delivery,Meerut,Connaught Place
DE001877,delivery_tracking,O00353,D025,2026-08-13 12:28:14,29.024526,77.646496,11.68,11.68,0,delivered,Meerut,Connaught Place
DE001878,delivery_tracking,O00354,D034,2026-08-08 14:50:09,29.036994,77.63363,9.81,0.0,10,picked_up,Meerut,Saket
DE001879,delivery_tracking,O00354,D034,2026-08-08 14:52:39,29.021634,77.636126,9.81,2.45,7,out_for_delivery,Meerut,Saket
DE001880,delivery_tracking,O00354,D034,2026-08-08 14:55:09,29.029167,77.640122,9.81,4.91,5,out_for_delivery,Meerut,Saket
DE001881,delivery_tracking,O00354,D034,2026-08-08 14:57:39,29.03464,77.637008,9.81,7.36,2,out_for_delivery,Meerut,Saket
DE001882,delivery_tracking,O00354,D034,2026-08-08 15:00:09,29.038931,77.649107,9.81,9.81,0,delivered,Meerut,Saket
DE001883,delivery_tracking,O00355,D072,2026-08-12 14:07:13,28.554197,77.191622,6.51,0.0,20,picked_up,Delhi NCR,Dwarka
DE001884,delivery_tracking,O00355,D072,2026-08-12 14:10:33,28.563422,77.17557,6.51,1.08,16,out_for_delivery,Delhi NCR,Dwarka
DE001885,delivery_tracking,O00355,D072,2026-08-12 14:13:53,28.555322,77.183737,6.51,2.17,13,out_for_delivery,Delhi NCR,Dwarka
DE001886,delivery_tracking,O00355,D072,2026-08-12 14:17:13,28.567458,77.188146,6.51,3.25,10,out_for_delivery,Delhi NCR,Dwarka
DE001887,delivery_tracking,O00355,D072,2026-08-12 14:20:33,28.564885,77.19132,6.51,4.34,6,out_for_delivery,Delhi NCR,Dwarka
DE001888,delivery_tracking,O00355,D072,2026-08-12 14:23:53,28.579317,77.185863,6.51,5.42,3,out_for_delivery,Delhi NCR,Dwarka
DE001889,delivery_tracking,O00355,D072,2026-08-12 14:27:13,28.583744,77.201533,6.51,6.51,0,delivered,Delhi NCR,Dwarka
DE001890,delivery_tracking,O00356,D020,2026-08-10 15:04:12,28.587238,77.201206,10.44,0.0,20,picked_up,Delhi NCR,Gurugram Cyber City
DE001891,delivery_tracking,O00356,D020,2026-08-10 15:08:12,28.586548,77.211927,10.44,2.09,16,out_for_delivery,Delhi NCR,Gurugram Cyber City
DE001892,delivery_tracking,O00356,D020,2026-08-10 15:12:12,28.57839,77.206407,10.44,4.18,12,out_for_delivery,Delhi NCR,Gurugram Cyber City
DE001893,delivery_tracking,O00356,D020,2026-08-10 15:16:12,28.581647,77.210225,10.44,6.26,8,out_for_delivery,Delhi NCR,Gurugram Cyber City
DE001894,delivery_tracking,O00356,D020,2026-08-10 15:20:12,28.584073,77.22541,10.44,8.35,4,out_for_delivery,Delhi NCR,Gurugram Cyber City
DE001895,delivery_tracking,O00356,D020,2026-08-10 15:24:12,28.588274,77.221054,10.44,10.44,0,delivered,Delhi NCR,Gurugram Cyber City
DE001896,delivery_tracking,O00357,D018,2026-08-02 20:45:27,28.98599,77.660537,6.14,0.0,13,picked_up,Meerut,Gurugram Cyber City
DE001897,delivery_tracking,O00357,D018,2026-08-02 20:47:37,28.984179,77.657873,6.14,1.02,10,out_for_delivery,Meerut,Gurugram Cyber City
DE001898,delivery_tracking,O00357,D018,2026-08-02 20:49:47,28.98718,77.670028,6.14,2.05,8,out_for_delivery,Meerut,Gurugram Cyber City
DE001899,delivery_tracking,O00357,D018,2026-08-02 20:51:57,28.990084,77.664527,6.14,3.07,6,out_for_delivery,Meerut,Gurugram Cyber City
DE001900,delivery_tracking,O00357,D018,2026-08-02 20:54:07,29.000607,77.680892,6.14,4.09,4,out_for_delivery,Meerut,Gurugram Cyber City
DE001901,delivery_tracking,O00357,D018,2026-08-02 20:56:17,29.004315,77.675731,6.14,5.12,2,out_for_delivery,Meerut,Gurugram Cyber City
DE001902,delivery_tracking,O00357,D018,2026-08-02 20:58:27,29.00834,77.67268,6.14,6.14,0,delivered,Meerut,Gurugram Cyber City
DE001903,delivery_tracking,O00359,D038,2026-08-01 20:15:24,28.973891,77.67002,7.22,0.0,19,picked_up,Meerut,Gurugram Cyber City
DE001904,delivery_tracking,O00359,D038,2026-08-01 20:19:12,28.970564,77.662499,7.22,1.44,15,out_for_delivery,Meerut,Gurugram Cyber City
DE001905,delivery_tracking,O00359,D038,2026-08-01 20:23:00,28.964992,77.667892,7.22,2.89,11,out_for_delivery,Meerut,Gurugram Cyber City
DE001906,delivery_tracking,O00359,D038,2026-08-01 20:26:48,28.967044,77.67539,7.22,4.33,7,out_for_delivery,Meerut,Gurugram Cyber City
DE001907,delivery_tracking,O00359,D038,2026-08-01 20:30:36,28.986916,77.668511,7.22,5.78,3,out_for_delivery,Meerut,Gurugram Cyber City
DE001908,delivery_tracking,O00359,D038,2026-08-01 20:34:24,28.973573,77.677692,7.22,7.22,0,delivered,Meerut,Gurugram Cyber City
DE001909,delivery_tracking,O00360,D041,2026-08-04 20:27:12,28.552693,77.222443,2.59,0.0,13,picked_up,Delhi NCR,Gurugram Cyber City
DE001910,delivery_tracking,O00360,D041,2026-08-04 20:30:27,28.556818,77.221369,2.59,0.65,9,out_for_delivery,Delhi NCR,Gurugram Cyber City
DE001911,delivery_tracking,O00360,D041,2026-08-04 20:33:42,28.560195,77.237297,2.59,1.29,6,out_for_delivery,Delhi NCR,Gurugram Cyber City
DE001912,delivery_tracking,O00360,D041,2026-08-04 20:36:57,28.558192,77.228258,2.59,1.94,3,out_for_delivery,Delhi NCR,Gurugram Cyber City
DE001913,delivery_tracking,O00360,D041,2026-08-04 20:40:12,28.57835,77.242997,2.59,2.59,0,delivered,Delhi NCR,Gurugram Cyber City
DE001914,delivery_tracking,O00361,D097,2026-08-04 11:51:47,28.949298,77.637552,6.95,0.0,15,picked_up,Meerut,Shastri Nagar
DE001915,delivery_tracking,O00361,D097,2026-08-04 11:54:17,28.950885,77.641817,6.95,1.16,12,out_for_delivery,Meerut,Shastri Nagar
DE001916,delivery_tracking,O00361,D097,2026-08-04 11:56:47,28.963022,77.634085,6.95,2.32,10,out_for_delivery,Meerut,Shastri Nagar
DE001917,delivery_tracking,O00361,D097,2026-08-04 11:59:17,28.965748,77.633916,6.95,3.48,7,out_for_delivery,Meerut,Shastri Nagar
DE001918,delivery_tracking,O00361,D097,2026-08-04 12:01:47,28.971286,77.632091,6.95,4.63,5,out_for_delivery,Meerut,Shastri Nagar
DE001919,delivery_tracking,O00361,D097,2026-08-04 12:04:17,28.966663,77.640696,6.95,5.79,2,out_for_delivery,Meerut,Shastri Nagar
DE001920,delivery_tracking,O00361,D097,2026-08-04 12:06:47,28.965719,77.654429,6.95,6.95,0,delivered,Meerut,Shastri Nagar
DE001921,delivery_tracking,O00362,D006,2026-08-03 13:24:36,28.978121,77.626683,10.99,0.0,16,picked_up,Meerut,Shastri Nagar
DE001922,delivery_tracking,O00362,D006,2026-08-03 13:28:36,28.983858,77.629968,10.99,2.75,12,out_for_delivery,Meerut,Shastri Nagar
DE001923,delivery_tracking,O00362,D006,2026-08-03 13:32:36,28.993425,77.644063,10.99,5.5,8,out_for_delivery,Meerut,Shastri Nagar
DE001924,delivery_tracking,O00362,D006,2026-08-03 13:36:36,28.988288,77.652939,10.99,8.24,4,out_for_delivery,Meerut,Shastri Nagar
DE001925,delivery_tracking,O00362,D006,2026-08-03 13:40:36,29.000467,77.63879,10.99,10.99,0,delivered,Meerut,Shastri Nagar
DE001926,delivery_tracking,O00363,D052,2026-08-11 16:16:53,28.973326,77.638179,11.52,0.0,6,picked_up,Meerut,Ganga Nagar
DE001927,delivery_tracking,O00363,D052,2026-08-11 16:18:23,28.991857,77.643473,11.52,2.88,4,out_for_delivery,Meerut,Ganga Nagar
DE001928,delivery_tracking,O00363,D052,2026-08-11 16:19:53,28.997427,77.647629,11.52,5.76,3,out_for_delivery,Meerut,Ganga Nagar
DE001929,delivery_tracking,O00363,D052,2026-08-11 16:21:23,28.990927,77.668798,11.52,8.64,1,out_for_delivery,Meerut,Ganga Nagar
DE001930,delivery_tracking,O00363,D052,2026-08-11 16:22:53,29.002286,77.663615,11.52,11.52,0,delivered,Meerut,Ganga Nagar
DE001931,delivery_tracking,O00364,D078,2026-08-13 20:28:19,29.018452,77.621812,6.6,0.0,15,picked_up,Meerut,Noida Sector 18
DE001932,delivery_tracking,O00364,D078,2026-08-13 20:32:04,29.014759,77.622637,6.6,1.65,11,out_for_delivery,Meerut,Noida Sector 18
DE001933,delivery_tracking,O00364,D078,2026-08-13 20:35:49,29.030521,77.627548,6.6,3.3,7,out_for_delivery,Meerut,Noida Sector 18
DE001934,delivery_tracking,O00364,D078,2026-08-13 20:39:34,29.025053,77.629253,6.6,4.95,3,out_for_delivery,Meerut,Noida Sector 18
DE001935,delivery_tracking,O00364,D078,2026-08-13 20:43:19,29.028153,77.625716,6.6,6.6,0,delivered,Meerut,Noida Sector 18
DE001936,delivery_tracking,O00365,D043,2026-08-12 18:01:37,29.020697,77.665719,2.84,0.0,19,picked_up,Meerut,Gurugram Cyber City
DE001937,delivery_tracking,O00365,D043,2026-08-12 18:04:47,29.03015,77.652621,2.84,0.47,15,out_for_delivery,Meerut,Gurugram Cyber City
DE001938,delivery_tracking,O00365,D043,2026-08-12 18:07:57,29.025752,77.671542,2.84,0.95,12,out_for_delivery,Meerut,Gurugram Cyber City
DE001939,delivery_tracking,O00365,D043,2026-08-12 18:11:07,29.020316,77.66527,2.84,1.42,9,out_for_delivery,Meerut,Gurugram Cyber City
DE001940,delivery_tracking,O00365,D043,2026-08-12 18:14:17,29.018294,77.66945,2.84,1.89,6,out_for_delivery,Meerut,Gurugram Cyber City
DE001941,delivery_tracking,O00365,D043,2026-08-12 18:17:27,29.037713,77.66609,2.84,2.37,3,out_for_delivery,Meerut,Gurugram Cyber City
DE001942,delivery_tracking,O00365,D043,2026-08-12 18:20:37,29.04045,77.68425,2.84,2.84,0,delivered,Meerut,Gurugram Cyber City
DE001943,delivery_tracking,O00366,D028,2026-08-08 19:33:34,28.712505,77.199962,6.36,0.0,19,picked_up,Delhi NCR,Gurugram Cyber City
DE001944,delivery_tracking,O00366,D028,2026-08-08 19:37:22,28.727089,77.214949,6.36,1.27,15,out_for_delivery,Delhi NCR,Gurugram Cyber City
DE001945,delivery_tracking,O00366,D028,2026-08-08 19:41:10,28.719767,77.203196,6.36,2.54,11,out_for_delivery,Delhi NCR,Gurugram Cyber City
DE001946,delivery_tracking,O00366,D028,2026-08-08 19:44:58,28.729392,77.203877,6.36,3.82,7,out_for_delivery,Delhi NCR,Gurugram Cyber City
DE001947,delivery_tracking,O00366,D028,2026-08-08 19:48:46,28.734252,77.210568,6.36,5.09,3,out_for_delivery,Delhi NCR,Gurugram Cyber City
DE001948,delivery_tracking,O00366,D028,2026-08-08 19:52:34,28.743709,77.213794,6.36,6.36,0,delivered,Delhi NCR,Gurugram Cyber City
DE001949,delivery_tracking,O00367,D065,2026-08-03 17:04:56,29.019583,77.645878,7.99,0.0,17,picked_up,Meerut,Ganga Nagar
DE001950,delivery_tracking,O00367,D065,2026-08-03 17:08:20,29.031738,77.638339,7.99,1.6,13,out_for_delivery,Meerut,Ganga Nagar
DE001951,delivery_tracking,O00367,D065,2026-08-03 17:11:44,29.017969,77.651612,7.99,3.2,10,out_for_delivery,Meerut,Ganga Nagar
DE001952,delivery_tracking,O00367,D065,2026-08-03 17:15:08,29.030492,77.658182,7.99,4.79,6,out_for_delivery,Meerut,Ganga Nagar
DE001953,delivery_tracking,O00367,D065,2026-08-03 17:18:32,29.025319,77.662617,7.99,6.39,3,out_for_delivery,Meerut,Ganga Nagar
DE001954,delivery_tracking,O00367,D065,2026-08-03 17:21:56,29.038116,77.65782,7.99,7.99,0,delivered,Meerut,Ganga Nagar
DE001955,delivery_tracking,O00368,D026,2026-08-05 10:45:18,28.674808,77.089958,2.05,0.0,8,picked_up,Delhi NCR,Gurugram Cyber City
DE001956,delivery_tracking,O00368,D026,2026-08-05 10:47:58,28.6815,77.1032,2.05,0.68,5,out_for_delivery,Delhi NCR,Gurugram Cyber City
DE001957,delivery_tracking,O00368,D026,2026-08-05 10:50:38,28.698916,77.107891,2.05,1.37,2,out_for_delivery,Delhi NCR,Gurugram Cyber City
DE001958,delivery_tracking,O00368,D026,2026-08-05 10:53:18,28.707642,77.1016,2.05,2.05,0,delivered,Delhi NCR,Gurugram Cyber City
DE001959,delivery_tracking,O00369,D083,2026-08-07 16:55:12,28.628892,77.176793,11.87,0.0,14,picked_up,Delhi NCR,Ganga Nagar
DE001960,delivery_tracking,O00369,D083,2026-08-07 16:58:00,28.637899,77.1795,11.87,2.37,11,out_for_delivery,Delhi NCR,Ganga Nagar
DE001961,delivery_tracking,O00369,D083,2026-08-07 17:00:48,28.647247,77.18987,11.87,4.75,8,out_for_delivery,Delhi NCR,Ganga Nagar
DE001962,delivery_tracking,O00369,D083,2026-08-07 17:03:36,28.650885,77.189424,11.87,7.12,5,out_for_delivery,Delhi NCR,Ganga Nagar
DE001963,delivery_tracking,O00369,D083,2026-08-07 17:06:24,28.643174,77.201306,11.87,9.5,2,out_for_delivery,Delhi NCR,Ganga Nagar
DE001964,delivery_tracking,O00369,D083,2026-08-07 17:09:12,28.652764,77.190856,11.87,11.87,0,delivered,Delhi NCR,Ganga Nagar
DE001965,delivery_tracking,O00370,D044,2026-08-05 10:43:53,28.993091,77.654923,2.36,0.0,15,picked_up,Meerut,Ganga Nagar
DE001966,delivery_tracking,O00370,D044,2026-08-05 10:46:53,29.001156,77.654956,2.36,0.47,12,out_for_delivery,Meerut,Ganga Nagar
DE001967,delivery_tracking,O00370,D044,2026-08-05 10:49:53,29.002915,77.645057,2.36,0.94,9,out_for_delivery,Meerut,Ganga Nagar
DE001968,delivery_tracking,O00370,D044,2026-08-05 10:52:53,28.999369,77.662323,2.36,1.42,6,out_for_delivery,Meerut,Ganga Nagar
DE001969,delivery_tracking,O00370,D044,2026-08-05 10:55:53,29.017112,77.664573,2.36,1.89,3,out_for_delivery,Meerut,Ganga Nagar
DE001970,delivery_tracking,O00370,D044,2026-08-05 10:58:53,29.02136,77.665729,2.36,2.36,0,delivered,Meerut,Ganga Nagar
DE001971,delivery_tracking,O00371,D086,2026-08-14 14:46:05,28.693838,77.169542,2.37,0.0,18,picked_up,Delhi NCR,Dwarka
DE001972,delivery_tracking,O00371,D086,2026-08-14 14:49:05,28.697557,77.155476,2.37,0.4,15,out_for_delivery,Delhi NCR,Dwarka
DE001973,delivery_tracking,O00371,D086,2026-08-14 14:52:05,28.688862,77.173898,2.37,0.79,12,out_for_delivery,Delhi NCR,Dwarka
DE001974,delivery_tracking,O00371,D086,2026-08-14 14:55:05,28.702059,77.161606,2.37,1.19,9,out_for_delivery,Delhi NCR,Dwarka
DE001975,delivery_tracking,O00371,D086,2026-08-14 14:58:05,28.693604,77.181469,2.37,1.58,6,out_for_delivery,Delhi NCR,Dwarka
DE001976,delivery_tracking,O00371,D086,2026-08-14 15:01:05,28.698978,77.176237,2.37,1.98,3,out_for_delivery,Delhi NCR,Dwarka
DE001977,delivery_tracking,O00371,D086,2026-08-14 15:04:05,28.710892,77.17921,2.37,2.37,0,delivered,Delhi NCR,Dwarka
DE001978,delivery_tracking,O00372,D092,2026-08-12 10:54:41,29.031714,77.612485,7.61,0.0,7,picked_up,Meerut,Noida Sector 18
DE001979,delivery_tracking,O00372,D092,2026-08-12 10:55:51,29.035165,77.605475,7.61,1.27,5,out_for_delivery,Meerut,Noida Sector 18
DE001980,delivery_tracking,O00372,D092,2026-08-12 10:57:01,29.037043,77.609785,7.61,2.54,4,out_for_delivery,Meerut,Noida Sector 18
DE001981,delivery_tracking,O00372,D092,2026-08-12 10:58:11,29.042648,77.610378,7.61,3.81,3,out_for_delivery,Meerut,Noida Sector 18
DE001982,delivery_tracking,O00372,D092,2026-08-12 10:59:21,29.034596,77.60886,7.61,5.07,2,out_for_delivery,Meerut,Noida Sector 18
DE001983,delivery_tracking,O00372,D092,2026-08-12 11:00:31,29.03734,77.630224,7.61,6.34,1,out_for_delivery,Meerut,Noida Sector 18
DE001984,delivery_tracking,O00372,D092,2026-08-12 11:01:41,29.035939,77.628777,7.61,7.61,0,delivered,Meerut,Noida Sector 18
DE001985,delivery_tracking,O00373,D099,2026-08-14 18:58:20,28.976489,77.658103,9.56,0.0,21,picked_up,Meerut,Dwarka
DE001986,delivery_tracking,O00373,D099,2026-08-14 19:05:20,28.971327,77.673731,9.56,3.19,14,out_for_delivery,Meerut,Dwarka
DE001987,delivery_tracking,O00373,D099,2026-08-14 19:12:20,28.980995,77.681426,9.56,6.37,7,out_for_delivery,Meerut,Dwarka
DE001988,delivery_tracking,O00373,D099,2026-08-14 19:19:20,28.977249,77.688414,9.56,9.56,0,delivered,Meerut,Dwarka
DE001989,delivery_tracking,O00375,D072,2026-08-05 19:05:11,28.636252,77.238977,9.29,0.0,10,picked_up,Delhi NCR,Dwarka
DE001990,delivery_tracking,O00375,D072,2026-08-05 19:08:31,28.641881,77.245221,9.29,3.1,6,out_for_delivery,Delhi NCR,Dwarka
DE001991,delivery_tracking,O00375,D072,2026-08-05 19:11:51,28.64162,77.253667,9.29,6.19,3,out_for_delivery,Delhi NCR,Dwarka
DE001992,delivery_tracking,O00375,D072,2026-08-05 19:15:11,28.640828,77.243748,9.29,9.29,0,delivered,Delhi NCR,Dwarka
DE001993,delivery_tracking,O00376,D032,2026-08-09 13:08:17,28.949952,77.650002,1.34,0.0,9,picked_up,Meerut,Rohini
DE001994,delivery_tracking,O00376,D032,2026-08-09 13:09:47,28.955524,77.649724,1.34,0.22,7,out_for_delivery,Meerut,Rohini
DE001995,delivery_tracking,O00376,D032,2026-08-09 13:11:17,28.96362,77.655596,1.34,0.45,6,out_for_delivery,Meerut,Rohini
DE001996,delivery_tracking,O00376,D032,2026-08-09 13:12:47,28.961707,77.66425,1.34,0.67,4,out_for_delivery,Meerut,Rohini
DE001997,delivery_tracking,O00376,D032,2026-08-09 13:14:17,28.971245,77.663913,1.34,0.89,3,out_for_delivery,Meerut,Rohini
DE001998,delivery_tracking,O00376,D032,2026-08-09 13:15:47,28.968297,77.671116,1.34,1.12,1,out_for_delivery,Meerut,Rohini
DE001999,delivery_tracking,O00376,D032,2026-08-09 13:17:17,28.97273,77.659249,1.34,1.34,0,delivered,Meerut,Rohini
DE002000,delivery_tracking,O00377,D031,2026-08-06 18:48:04,28.982692,77.644585,12.29,0.0,7,picked_up,Meerut,Ganga Nagar
DE002001,delivery_tracking,O00377,D031,2026-08-06 18:49:28,28.988153,77.638026,12.29,2.46,5,out_for_delivery,Meerut,Ganga Nagar
DE002002,delivery_tracking,O00377,D031,2026-08-06 18:50:52,29.000639,77.653589,12.29,4.92,4,out_for_delivery,Meerut,Ganga Nagar
DE002003,delivery_tracking,O00377,D031,2026-08-06 18:52:16,29.006018,77.641538,12.29,7.37,2,out_for_delivery,Meerut,Ganga Nagar
DE002004,delivery_tracking,O00377,D031,2026-08-06 18:53:40,28.997979,77.656791,12.29,9.83,1,out_for_delivery,Meerut,Ganga Nagar
DE002005,delivery_tracking,O00377,D031,2026-08-06 18:55:04,29.004801,77.651816,12.29,12.29,0,delivered,Meerut,Ganga Nagar
DE002006,delivery_tracking,O00378,D009,2026-08-03 10:54:28,28.604675,77.229122,11.99,0.0,10,picked_up,Delhi NCR,Rohini
DE002007,delivery_tracking,O00378,D009,2026-08-03 10:57:48,28.609487,77.243161,11.99,4.0,6,out_for_delivery,Delhi NCR,Rohini
DE002008,delivery_tracking,O00378,D009,2026-08-03 11:01:08,28.620127,77.23361,11.99,7.99,3,out_for_delivery,Delhi NCR,Rohini
DE002009,delivery_tracking,O00378,D009,2026-08-03 11:04:28,28.614445,77.245074,11.99,11.99,0,delivered,Delhi NCR,Rohini
DE002010,delivery_tracking,O00379,D043,2026-08-04 20:21:56,28.999273,77.662565,1.8,0.0,13,picked_up,Meerut,Gurugram Cyber City
DE002011,delivery_tracking,O00379,D043,2026-08-04 20:26:16,29.006603,77.671621,1.8,0.6,8,out_for_delivery,Meerut,Gurugram Cyber City
DE002012,delivery_tracking,O00379,D043,2026-08-04 20:30:36,29.001972,77.674,1.8,1.2,4,out_for_delivery,Meerut,Gurugram Cyber City
DE002013,delivery_tracking,O00379,D043,2026-08-04 20:34:56,29.017172,77.670556,1.8,1.8,0,delivered,Meerut,Gurugram Cyber City
DE002014,delivery_tracking,O00380,D084,2026-08-08 21:28:21,28.998396,77.665535,2.28,0.0,11,picked_up,Meerut,Rohini
DE002015,delivery_tracking,O00380,D084,2026-08-08 21:30:11,29.003093,77.669849,2.28,0.38,9,out_for_delivery,Meerut,Rohini
DE002016,delivery_tracking,O00380,D084,2026-08-08 21:32:01,29.014526,77.666957,2.28,0.76,7,out_for_delivery,Meerut,Rohini
DE002017,delivery_tracking,O00380,D084,2026-08-08 21:33:51,29.013116,77.669706,2.28,1.14,5,out_for_delivery,Meerut,Rohini
DE002018,delivery_tracking,O00380,D084,2026-08-08 21:35:41,29.011736,77.687911,2.28,1.52,3,out_for_delivery,Meerut,Rohini
DE002019,delivery_tracking,O00380,D084,2026-08-08 21:37:31,29.010299,77.683968,2.28,1.9,1,out_for_delivery,Meerut,Rohini
DE002020,delivery_tracking,O00380,D084,2026-08-08 21:39:21,29.025235,77.677235,2.28,2.28,0,delivered,Meerut,Rohini
DE002021,delivery_tracking,O00381,D001,2026-08-06 16:40:01,28.979614,77.671247,3.25,0.0,20,picked_up,Meerut,Noida Sector 18
DE002022,delivery_tracking,O00381,D001,2026-08-06 16:45:01,28.989199,77.677645,3.25,0.81,15,out_for_delivery,Meerut,Noida Sector 18
DE002023,delivery_tracking,O00381,D001,2026-08-06 16:50:01,28.992713,77.670818,3.25,1.62,10,out_for_delivery,Meerut,Noida Sector 18
DE002024,delivery_tracking,O00381,D001,2026-08-06 16:55:01,28.981847,77.687398,3.25,2.44,5,out_for_delivery,Meerut,Noida Sector 18
DE002025,delivery_tracking,O00381,D001,2026-08-06 17:00:01,28.983227,77.675543,3.25,3.25,0,delivered,Meerut,Noida Sector 18
DE002026,delivery_tracking,O00382,D016,2026-08-13 15:24:18,29.02997,77.652719,11.6,0.0,15,picked_up,Meerut,Ganga Nagar
DE002027,delivery_tracking,O00382,D016,2026-08-13 15:26:48,29.030163,77.637648,11.6,1.93,12,out_for_delivery,Meerut,Ganga Nagar
DE002028,delivery_tracking,O00382,D016,2026-08-13 15:29:18,29.024213,77.641666,11.6,3.87,10,out_for_delivery,Meerut,Ganga Nagar
DE002029,delivery_tracking,O00382,D016,2026-08-13 15:31:48,29.040996,77.651154,11.6,5.8,7,out_for_delivery,Meerut,Ganga Nagar
DE002030,delivery_tracking,O00382,D016,2026-08-13 15:34:18,29.04017,77.64467,11.6,7.73,5,out_for_delivery,Meerut,Ganga Nagar
DE002031,delivery_tracking,O00382,D016,2026-08-13 15:36:48,29.027961,77.665985,11.6,9.67,2,out_for_delivery,Meerut,Ganga Nagar
DE002032,delivery_tracking,O00382,D016,2026-08-13 15:39:18,29.038897,77.66571,11.6,11.6,0,delivered,Meerut,Ganga Nagar
DE002033,delivery_tracking,O00383,D067,2026-08-02 21:04:20,29.023081,77.633915,6.26,0.0,11,picked_up,Meerut,Dwarka
DE002034,delivery_tracking,O00383,D067,2026-08-02 21:06:10,29.027865,77.633036,6.26,1.04,9,out_for_delivery,Meerut,Dwarka
DE002035,delivery_tracking,O00383,D067,2026-08-02 21:08:00,29.030222,77.636882,6.26,2.09,7,out_for_delivery,Meerut,Dwarka
DE002036,delivery_tracking,O00383,D067,2026-08-02 21:09:50,29.032992,77.647333,6.26,3.13,5,out_for_delivery,Meerut,Dwarka
DE002037,delivery_tracking,O00383,D067,2026-08-02 21:11:40,29.031284,77.647787,6.26,4.17,3,out_for_delivery,Meerut,Dwarka
DE002038,delivery_tracking,O00383,D067,2026-08-02 21:13:30,29.029142,77.653231,6.26,5.22,1,out_for_delivery,Meerut,Dwarka
DE002039,delivery_tracking,O00383,D067,2026-08-02 21:15:20,29.034301,77.640889,6.26,6.26,0,delivered,Meerut,Dwarka
DE002040,delivery_tracking,O00385,D088,2026-08-14 16:57:32,28.95726,77.618549,11.28,0.0,13,picked_up,Meerut,Rohini
DE002041,delivery_tracking,O00385,D088,2026-08-14 17:00:47,28.950492,77.617668,11.28,2.82,9,out_for_delivery,Meerut,Rohini
DE002042,delivery_tracking,O00385,D088,2026-08-14 17:04:02,28.971343,77.616115,11.28,5.64,6,out_for_delivery,Meerut,Rohini
DE002043,delivery_tracking,O00385,D088,2026-08-14 17:07:17,28.962896,77.635627,11.28,8.46,3,out_for_delivery,Meerut,Rohini
DE002044,delivery_tracking,O00385,D088,2026-08-14 17:10:32,28.974029,77.639594,11.28,11.28,0,delivered,Meerut,Rohini
DE002045,delivery_tracking,O00386,D050,2026-08-14 13:51:58,29.020351,77.614984,8.89,0.0,14,picked_up,Meerut,Connaught Place
DE002046,delivery_tracking,O00386,D050,2026-08-14 13:54:46,29.031638,77.625322,8.89,1.78,11,out_for_delivery,Meerut,Connaught Place
DE002047,delivery_tracking,O00386,D050,2026-08-14 13:57:34,29.03502,77.624569,8.89,3.56,8,out_for_delivery,Meerut,Connaught Place
DE002048,delivery_tracking,O00386,D050,2026-08-14 14:00:22,29.036752,77.628848,8.89,5.33,5,out_for_delivery,Meerut,Connaught Place
DE002049,delivery_tracking,O00386,D050,2026-08-14 14:03:10,29.024376,77.64063,8.89,7.11,2,out_for_delivery,Meerut,Connaught Place
DE002050,delivery_tracking,O00386,D050,2026-08-14 14:05:58,29.028003,77.645122,8.89,8.89,0,delivered,Meerut,Connaught Place
DE002051,delivery_tracking,O00387,D010,2026-08-11 11:24:10,29.016339,77.628632,4.42,0.0,20,picked_up,Meerut,Shastri Nagar
DE002052,delivery_tracking,O00387,D010,2026-08-11 11:30:50,29.017483,77.61765,4.42,1.47,13,out_for_delivery,Meerut,Shastri Nagar
DE002053,delivery_tracking,O00387,D010,2026-08-11 11:37:30,29.03537,77.624936,4.42,2.95,6,out_for_delivery,Meerut,Shastri Nagar
DE002054,delivery_tracking,O00387,D010,2026-08-11 11:44:10,29.033805,77.626634,4.42,4.42,0,delivered,Meerut,Shastri Nagar
DE002055,delivery_tracking,O00388,D015,2026-08-04 11:13:24,28.994788,77.668836,9.89,0.0,20,picked_up,Meerut,Connaught Place
DE002056,delivery_tracking,O00388,D015,2026-08-04 11:18:24,28.984324,77.674765,9.89,2.47,15,out_for_delivery,Meerut,Connaught Place
DE002057,delivery_tracking,O00388,D015,2026-08-04 11:23:24,29.004979,77.680477,9.89,4.95,10,out_for_delivery,Meerut,Connaught Place
DE002058,delivery_tracking,O00388,D015,2026-08-04 11:28:24,28.99505,77.688451,9.89,7.42,5,out_for_delivery,Meerut,Connaught Place
DE002059,delivery_tracking,O00388,D015,2026-08-04 11:33:24,29.013321,77.684089,9.89,9.89,0,delivered,Meerut,Connaught Place
DE002060,delivery_tracking,O00390,D071,2026-08-06 10:25:43,28.557454,77.056058,11.39,0.0,6,picked_up,Delhi NCR,Shastri Nagar
DE002061,delivery_tracking,O00390,D071,2026-08-06 10:27:43,28.548573,77.050175,11.39,3.8,4,out_for_delivery,Delhi NCR,Shastri Nagar
DE002062,delivery_tracking,O00390,D071,2026-08-06 10:29:43,28.563746,77.061957,11.39,7.59,2,out_for_delivery,Delhi NCR,Shastri Nagar
DE002063,delivery_tracking,O00390,D071,2026-08-06 10:31:43,28.557659,77.068661,11.39,11.39,0,delivered,Delhi NCR,Shastri Nagar
DE002064,delivery_tracking,O00391,D074,2026-08-11 16:42:43,28.633733,77.228631,6.61,0.0,21,picked_up,Delhi NCR,Ganga Nagar
DE002065,delivery_tracking,O00391,D074,2026-08-11 16:47:58,28.638082,77.238986,6.61,1.65,15,out_for_delivery,Delhi NCR,Ganga Nagar
DE002066,delivery_tracking,O00391,D074,2026-08-11 16:53:13,28.658327,77.241028,6.61,3.31,10,out_for_delivery,Delhi NCR,Ganga Nagar
DE002067,delivery_tracking,O00391,D074,2026-08-11 16:58:28,28.649456,77.227558,6.61,4.96,5,out_for_delivery,Delhi NCR,Ganga Nagar
DE002068,delivery_tracking,O00391,D074,2026-08-11 17:03:43,28.661954,77.233769,6.61,6.61,0,delivered,Delhi NCR,Ganga Nagar
DE002069,delivery_tracking,O00392,D091,2026-08-09 13:50:08,28.98149,77.647348,11.96,0.0,18,picked_up,Meerut,Noida Sector 18
DE002070,delivery_tracking,O00392,D091,2026-08-09 13:54:38,28.975113,77.650799,11.96,2.99,13,out_for_delivery,Meerut,Noida Sector 18
DE002071,delivery_tracking,O00392,D091,2026-08-09 13:59:08,28.978416,77.668202,11.96,5.98,9,out_for_delivery,Meerut,Noida Sector 18
DE002072,delivery_tracking,O00392,D091,2026-08-09 14:03:38,28.991461,77.666857,11.96,8.97,4,out_for_delivery,Meerut,Noida Sector 18
DE002073,delivery_tracking,O00392,D091,2026-08-09 14:08:08,29.000031,77.669194,11.96,11.96,0,delivered,Meerut,Noida Sector 18
DE002074,delivery_tracking,O00393,D048,2026-08-11 14:34:25,28.996378,77.673829,5.02,0.0,10,picked_up,Meerut,Noida Sector 18
DE002075,delivery_tracking,O00393,D048,2026-08-11 14:36:05,29.009152,77.675189,5.02,0.84,8,out_for_delivery,Meerut,Noida Sector 18
DE002076,delivery_tracking,O00393,D048,2026-08-11 14:37:45,29.011112,77.675436,5.02,1.67,6,out_for_delivery,Meerut,Noida Sector 18
DE002077,delivery_tracking,O00393,D048,2026-08-11 14:39:25,29.015192,77.683737,5.02,2.51,5,out_for_delivery,Meerut,Noida Sector 18
DE002078,delivery_tracking,O00393,D048,2026-08-11 14:41:05,29.005889,77.683007,5.02,3.35,3,out_for_delivery,Meerut,Noida Sector 18
DE002079,delivery_tracking,O00393,D048,2026-08-11 14:42:45,29.020909,77.681426,5.02,4.18,1,out_for_delivery,Meerut,Noida Sector 18
DE002080,delivery_tracking,O00393,D048,2026-08-11 14:44:25,29.015998,77.689341,5.02,5.02,0,delivered,Meerut,Noida Sector 18
DE002081,delivery_tracking,O00394,D098,2026-08-08 15:47:59,28.745472,77.117491,4.95,0.0,4,picked_up,Delhi NCR,Gurugram Cyber City
DE002082,delivery_tracking,O00394,D098,2026-08-08 15:48:59,28.731383,77.127554,4.95,1.24,3,out_for_delivery,Delhi NCR,Gurugram Cyber City
DE002083,delivery_tracking,O00394,D098,2026-08-08 15:49:59,28.740123,77.13693,4.95,2.48,2,out_for_delivery,Delhi NCR,Gurugram Cyber City
DE002084,delivery_tracking,O00394,D098,2026-08-08 15:50:59,28.746495,77.129362,4.95,3.71,1,out_for_delivery,Delhi NCR,Gurugram Cyber City
DE002085,delivery_tracking,O00394,D098,2026-08-08 15:51:59,28.744817,77.132404,4.95,4.95,0,delivered,Delhi NCR,Gurugram Cyber City
DE002086,delivery_tracking,O00395,D020,2026-08-03 16:34:34,28.646585,77.200591,8.7,0.0,8,picked_up,Delhi NCR,Gurugram Cyber City
DE002087,delivery_tracking,O00395,D020,2026-08-03 16:36:34,28.642268,77.210227,8.7,2.17,6,out_for_delivery,Delhi NCR,Gurugram Cyber City
DE002088,delivery_tracking,O00395,D020,2026-08-03 16:38:34,28.648204,77.21839,8.7,4.35,4,out_for_delivery,Delhi NCR,Gurugram Cyber City
DE002089,delivery_tracking,O00395,D020,2026-08-03 16:40:34,28.647478,77.211203,8.7,6.52,2,out_for_delivery,Delhi NCR,Gurugram Cyber City
DE002090,delivery_tracking,O00395,D020,2026-08-03 16:42:34,28.655419,77.215081,8.7,8.7,0,delivered,Delhi NCR,Gurugram Cyber City
DE002091,delivery_tracking,O00396,D086,2026-08-10 16:25:21,28.73793,77.095282,2.45,0.0,12,picked_up,Delhi NCR,Dwarka
DE002092,delivery_tracking,O00396,D086,2026-08-10 16:27:45,28.750814,77.089521,2.45,0.49,9,out_for_delivery,Delhi NCR,Dwarka
DE002093,delivery_tracking,O00396,D086,2026-08-10 16:30:09,28.757754,77.095321,2.45,0.98,7,out_for_delivery,Delhi NCR,Dwarka
DE002094,delivery_tracking,O00396,D086,2026-08-10 16:32:33,28.75352,77.100233,2.45,1.47,4,out_for_delivery,Delhi NCR,Dwarka
DE002095,delivery_tracking,O00396,D086,2026-08-10 16:34:57,28.763917,77.098731,2.45,1.96,2,out_for_delivery,Delhi NCR,Dwarka
DE002096,delivery_tracking,O00396,D086,2026-08-10 16:37:21,28.752137,77.104695,2.45,2.45,0,delivered,Delhi NCR,Dwarka
DE002097,delivery_tracking,O00397,D063,2026-08-06 12:20:41,28.664948,77.066514,6.38,0.0,18,picked_up,Delhi NCR,Noida Sector 18
DE002098,delivery_tracking,O00397,D063,2026-08-06 12:26:41,28.662868,77.089221,6.38,2.13,12,out_for_delivery,Delhi NCR,Noida Sector 18
DE002099,delivery_tracking,O00397,D063,2026-08-06 12:32:41,28.667855,77.07685,6.38,4.25,6,out_for_delivery,Delhi NCR,Noida Sector 18
DE002100,delivery_tracking,O00397,D063,2026-08-06 12:38:41,28.678693,77.095067,6.38,6.38,0,delivered,Delhi NCR,Noida Sector 18
DE002101,delivery_tracking,O00398,D066,2026-08-14 16:47:45,28.993758,77.61806,11.58,0.0,12,picked_up,Meerut,Noida Sector 18
DE002102,delivery_tracking,O00398,D066,2026-08-14 16:51:45,29.013539,77.625348,11.58,3.86,8,out_for_delivery,Meerut,Noida Sector 18
DE002103,delivery_tracking,O00398,D066,2026-08-14 16:55:45,29.00684,77.626788,11.58,7.72,4,out_for_delivery,Meerut,Noida Sector 18
DE002104,delivery_tracking,O00398,D066,2026-08-14 16:59:45,29.019736,77.635228,11.58,11.58,0,delivered,Meerut,Noida Sector 18
DE002105,delivery_tracking,O00399,D002,2026-08-12 11:20:51,29.000043,77.620327,2.4,0.0,19,picked_up,Meerut,Noida Sector 18
DE002106,delivery_tracking,O00399,D002,2026-08-12 11:27:11,29.003164,77.619621,2.4,0.8,12,out_for_delivery,Meerut,Noida Sector 18
DE002107,delivery_tracking,O00399,D002,2026-08-12 11:33:31,29.020044,77.620166,2.4,1.6,6,out_for_delivery,Meerut,Noida Sector 18
DE002108,delivery_tracking,O00399,D002,2026-08-12 11:39:51,29.025671,77.6287,2.4,2.4,0,delivered,Meerut,Noida Sector 18
DE002109,delivery_tracking,O00400,D025,2026-08-08 14:10:31,29.031935,77.625118,6.94,0.0,13,picked_up,Meerut,Connaught Place
DE002110,delivery_tracking,O00400,D025,2026-08-08 14:13:46,29.023201,77.618552,6.94,1.74,9,out_for_delivery,Meerut,Connaught Place
DE002111,delivery_tracking,O00400,D025,2026-08-08 14:17:01,29.031863,77.638401,6.94,3.47,6,out_for_delivery,Meerut,Connaught Place
DE002112,delivery_tracking,O00400,D025,2026-08-08 14:20:16,29.032434,77.635017,6.94,5.21,3,out_for_delivery,Meerut,Connaught Place
DE002113,delivery_tracking,O00400,D025,2026-08-08 14:23:31,29.044781,77.638092,6.94,6.94,0,delivered,Meerut,Connaught Place
DE002114,delivery_tracking,O00401,D037,2026-08-04 16:40:52,28.722138,77.067369,1.9,0.0,7,picked_up,Delhi NCR,Rohini
DE002115,delivery_tracking,O00401,D037,2026-08-04 16:42:02,28.737361,77.054821,1.9,0.32,5,out_for_delivery,Delhi NCR,Rohini
DE002116,delivery_tracking,O00401,D037,2026-08-04 16:43:12,28.740424,77.058845,1.9,0.63,4,out_for_delivery,Delhi NCR,Rohini
DE002117,delivery_tracking,O00401,D037,2026-08-04 16:44:22,28.739801,77.077907,1.9,0.95,3,out_for_delivery,Delhi NCR,Rohini
DE002118,delivery_tracking,O00401,D037,2026-08-04 16:45:32,28.737768,77.075702,1.9,1.27,2,out_for_delivery,Delhi NCR,Rohini
DE002119,delivery_tracking,O00401,D037,2026-08-04 16:46:42,28.746603,77.065898,1.9,1.58,1,out_for_delivery,Delhi NCR,Rohini
DE002120,delivery_tracking,O00401,D037,2026-08-04 16:47:52,28.740787,77.083875,1.9,1.9,0,delivered,Delhi NCR,Rohini
DE002121,delivery_tracking,O00402,D096,2026-08-13 17:44:31,28.725267,77.122855,9.01,0.0,6,picked_up,Delhi NCR,Shastri Nagar
DE002122,delivery_tracking,O00402,D096,2026-08-13 17:45:31,28.727538,77.110215,9.01,1.5,5,out_for_delivery,Delhi NCR,Shastri Nagar
DE002123,delivery_tracking,O00402,D096,2026-08-13 17:46:31,28.736006,77.118265,9.01,3.0,4,out_for_delivery,Delhi NCR,Shastri Nagar
DE002124,delivery_tracking,O00402,D096,2026-08-13 17:47:31,28.723985,77.115162,9.01,4.5,3,out_for_delivery,Delhi NCR,Shastri Nagar
DE002125,delivery_tracking,O00402,D096,2026-08-13 17:48:31,28.732329,77.134669,9.01,6.01,2,out_for_delivery,Delhi NCR,Shastri Nagar
DE002126,delivery_tracking,O00402,D096,2026-08-13 17:49:31,28.741139,77.125362,9.01,7.51,1,out_for_delivery,Delhi NCR,Shastri Nagar
DE002127,delivery_tracking,O00402,D096,2026-08-13 17:50:31,28.731274,77.135701,9.01,9.01,0,delivered,Delhi NCR,Shastri Nagar
DE002128,delivery_tracking,O00403,D020,2026-08-10 12:29:06,28.662002,77.095531,4.63,0.0,12,picked_up,Delhi NCR,Gurugram Cyber City
DE002129,delivery_tracking,O00403,D020,2026-08-10 12:31:06,28.661068,77.10508,4.63,0.77,10,out_for_delivery,Delhi NCR,Gurugram Cyber City
DE002130,delivery_tracking,O00403,D020,2026-08-10 12:33:06,28.664613,77.103864,4.63,1.54,8,out_for_delivery,Delhi NCR,Gurugram Cyber City
DE002131,delivery_tracking,O00403,D020,2026-08-10 12:35:06,28.664433,77.095168,4.63,2.31,6,out_for_delivery,Delhi NCR,Gurugram Cyber City
DE002132,delivery_tracking,O00403,D020,2026-08-10 12:37:06,28.678925,77.109668,4.63,3.09,4,out_for_delivery,Delhi NCR,Gurugram Cyber City
DE002133,delivery_tracking,O00403,D020,2026-08-10 12:39:06,28.674522,77.100877,4.63,3.86,2,out_for_delivery,Delhi NCR,Gurugram Cyber City
DE002134,delivery_tracking,O00403,D020,2026-08-10 12:41:06,28.675241,77.110432,4.63,4.63,0,delivered,Delhi NCR,Gurugram Cyber City
DE002135,delivery_tracking,O00404,D063,2026-08-01 15:05:10,28.714082,77.122855,9.39,0.0,13,picked_up,Delhi NCR,Noida Sector 18
DE002136,delivery_tracking,O00404,D063,2026-08-01 15:07:20,28.72366,77.120603,9.39,1.56,10,out_for_delivery,Delhi NCR,Noida Sector 18
DE002137,delivery_tracking,O00404,D063,2026-08-01 15:09:30,28.724344,77.123582,9.39,3.13,8,out_for_delivery,Delhi NCR,Noida Sector 18
DE002138,delivery_tracking,O00404,D063,2026-08-01 15:11:40,28.737757,77.127664,9.39,4.7,6,out_for_delivery,Delhi NCR,Noida Sector 18
DE002139,delivery_tracking,O00404,D063,2026-08-01 15:13:50,28.741134,77.143364,9.39,6.26,4,out_for_delivery,Delhi NCR,Noida Sector 18
DE002140,delivery_tracking,O00404,D063,2026-08-01 15:16:00,28.741056,77.137513,9.39,7.83,2,out_for_delivery,Delhi NCR,Noida Sector 18
DE002141,delivery_tracking,O00404,D063,2026-08-01 15:18:10,28.739364,77.135535,9.39,9.39,0,delivered,Delhi NCR,Noida Sector 18
DE002142,delivery_tracking,O00405,D042,2026-08-13 21:01:58,28.972358,77.611687,4.74,0.0,11,picked_up,Meerut,Gurugram Cyber City
DE002143,delivery_tracking,O00405,D042,2026-08-13 21:04:10,28.985783,77.622687,4.74,0.95,8,out_for_delivery,Meerut,Gurugram Cyber City
DE002144,delivery_tracking,O00405,D042,2026-08-13 21:06:22,28.995897,77.613189,4.74,1.9,6,out_for_delivery,Meerut,Gurugram Cyber City
DE002145,delivery_tracking,O00405,D042,2026-08-13 21:08:34,28.988721,77.626417,4.74,2.84,4,out_for_delivery,Meerut,Gurugram Cyber City
DE002146,delivery_tracking,O00405,D042,2026-08-13 21:10:46,28.998557,77.619393,4.74,3.79,2,out_for_delivery,Meerut,Gurugram Cyber City
DE002147,delivery_tracking,O00405,D042,2026-08-13 21:12:58,28.988593,77.633824,4.74,4.74,0,delivered,Meerut,Gurugram Cyber City
DE002148,delivery_tracking,O00406,D032,2026-08-04 20:22:20,29.010771,77.606267,11.18,0.0,18,picked_up,Meerut,Rohini
DE002149,delivery_tracking,O00406,D032,2026-08-04 20:28:20,29.027554,77.620526,11.18,3.73,12,out_for_delivery,Meerut,Rohini
DE002150,delivery_tracking,O00406,D032,2026-08-04 20:34:20,29.024941,77.62002,11.18,7.45,6,out_for_delivery,Meerut,Rohini
DE002151,delivery_tracking,O00406,D032,2026-08-04 20:40:20,29.027378,77.634069,11.18,11.18,0,delivered,Meerut,Rohini
DE002152,delivery_tracking,O00407,D039,2026-08-05 13:34:18,28.970646,77.679078,2.97,0.0,18,picked_up,Meerut,Saket
DE002153,delivery_tracking,O00407,D039,2026-08-05 13:37:18,28.976694,77.67071,2.97,0.49,15,out_for_delivery,Meerut,Saket
DE002154,delivery_tracking,O00407,D039,2026-08-05 13:40:18,28.972698,77.689074,2.97,0.99,12,out_for_delivery,Meerut,Saket
DE002155,delivery_tracking,O00407,D039,2026-08-05 13:43:18,28.975105,77.689807,2.97,1.49,9,out_for_delivery,Meerut,Saket
DE002156,delivery_tracking,O00407,D039,2026-08-05 13:46:18,28.986178,77.682329,2.97,1.98,6,out_for_delivery,Meerut,Saket
DE002157,delivery_tracking,O00407,D039,2026-08-05 13:49:18,28.983932,77.691862,2.97,2.48,3,out_for_delivery,Meerut,Saket
DE002158,delivery_tracking,O00407,D039,2026-08-05 13:52:18,28.99113,77.69253,2.97,2.97,0,delivered,Meerut,Saket
DE002159,delivery_tracking,O00408,D051,2026-08-03 16:02:53,28.586785,77.065151,6.81,0.0,6,picked_up,Delhi NCR,Gurugram Cyber City
DE002160,delivery_tracking,O00408,D051,2026-08-03 16:04:23,28.586825,77.083647,6.81,1.7,4,out_for_delivery,Delhi NCR,Gurugram Cyber City
DE002161,delivery_tracking,O00408,D051,2026-08-03 16:05:53,28.582245,77.076203,6.81,3.4,3,out_for_delivery,Delhi NCR,Gurugram Cyber City
DE002162,delivery_tracking,O00408,D051,2026-08-03 16:07:23,28.594249,77.08155,6.81,5.11,1,out_for_delivery,Delhi NCR,Gurugram Cyber City
DE002163,delivery_tracking,O00408,D051,2026-08-03 16:08:53,28.593885,77.085944,6.81,6.81,0,delivered,Delhi NCR,Gurugram Cyber City
DE002164,delivery_tracking,O00409,D051,2026-08-12 12:51:52,28.669428,77.183838,8.92,0.0,14,picked_up,Delhi NCR,Gurugram Cyber City
DE002165,delivery_tracking,O00409,D051,2026-08-12 12:54:12,28.675734,77.18501,8.92,1.49,11,out_for_delivery,Delhi NCR,Gurugram Cyber City
DE002166,delivery_tracking,O00409,D051,2026-08-12 12:56:32,28.69099,77.194469,8.92,2.97,9,out_for_delivery,Delhi NCR,Gurugram Cyber City
DE002167,delivery_tracking,O00409,D051,2026-08-12 12:58:52,28.68254,77.202077,8.92,4.46,7,out_for_delivery,Delhi NCR,Gurugram Cyber City
DE002168,delivery_tracking,O00409,D051,2026-08-12 13:01:12,28.691986,77.189843,8.92,5.95,4,out_for_delivery,Delhi NCR,Gurugram Cyber City
DE002169,delivery_tracking,O00409,D051,2026-08-12 13:03:32,28.696391,77.201802,8.92,7.43,2,out_for_delivery,Delhi NCR,Gurugram Cyber City
DE002170,delivery_tracking,O00409,D051,2026-08-12 13:05:52,28.696973,77.2084,8.92,8.92,0,delivered,Delhi NCR,Gurugram Cyber City
DE002171,delivery_tracking,O00410,D006,2026-08-04 19:23:13,28.945901,77.6477,5.69,0.0,14,picked_up,Meerut,Shastri Nagar
DE002172,delivery_tracking,O00410,D006,2026-08-04 19:26:01,28.951356,77.659911,5.69,1.14,11,out_for_delivery,Meerut,Shastri Nagar
DE002173,delivery_tracking,O00410,D006,2026-08-04 19:28:49,28.961671,77.65134,5.69,2.28,8,out_for_delivery,Meerut,Shastri Nagar
DE002174,delivery_tracking,O00410,D006,2026-08-04 19:31:37,28.953503,77.667173,5.69,3.41,5,out_for_delivery,Meerut,Shastri Nagar
DE002175,delivery_tracking,O00410,D006,2026-08-04 19:34:25,28.960441,77.665224,5.69,4.55,2,out_for_delivery,Meerut,Shastri Nagar
DE002176,delivery_tracking,O00410,D006,2026-08-04 19:37:13,28.964621,77.664125,5.69,5.69,0,delivered,Meerut,Shastri Nagar
DE002177,delivery_tracking,O00411,D027,2026-08-03 11:25:24,28.994426,77.635824,5.28,0.0,17,picked_up,Meerut,Dwarka
DE002178,delivery_tracking,O00411,D027,2026-08-03 11:28:48,28.993337,77.654939,5.28,1.06,13,out_for_delivery,Meerut,Dwarka
DE002179,delivery_tracking,O00411,D027,2026-08-03 11:32:12,29.013297,77.645475,5.28,2.11,10,out_for_delivery,Meerut,Dwarka
DE002180,delivery_tracking,O00411,D027,2026-08-03 11:35:36,29.018025,77.652119,5.28,3.17,6,out_for_delivery,Meerut,Dwarka
DE002181,delivery_tracking,O00411,D027,2026-08-03 11:39:00,29.008637,77.667032,5.28,4.22,3,out_for_delivery,Meerut,Dwarka
DE002182,delivery_tracking,O00411,D027,2026-08-03 11:42:24,29.017126,77.653653,5.28,5.28,0,delivered,Meerut,Dwarka
DE002183,delivery_tracking,O00412,D072,2026-08-10 15:05:42,28.602634,77.123645,11.9,0.0,4,picked_up,Delhi NCR,Dwarka
DE002184,delivery_tracking,O00412,D072,2026-08-10 15:06:42,28.617355,77.139453,11.9,2.98,3,out_for_delivery,Delhi NCR,Dwarka
DE002185,delivery_tracking,O00412,D072,2026-08-10 15:07:42,28.623026,77.131241,11.9,5.95,2,out_for_delivery,Delhi NCR,Dwarka
DE002186,delivery_tracking,O00412,D072,2026-08-10 15:08:42,28.617539,77.140607,11.9,8.93,1,out_for_delivery,Delhi NCR,Dwarka
DE002187,delivery_tracking,O00412,D072,2026-08-10 15:09:42,28.621639,77.131984,11.9,11.9,0,delivered,Delhi NCR,Dwarka
DE002188,delivery_tracking,O00413,D019,2026-08-05 18:22:59,28.63645,77.231346,2.47,0.0,6,picked_up,Delhi NCR,Shastri Nagar
DE002189,delivery_tracking,O00413,D019,2026-08-05 18:24:11,28.643643,77.234917,2.47,0.49,4,out_for_delivery,Delhi NCR,Shastri Nagar
DE002190,delivery_tracking,O00413,D019,2026-08-05 18:25:23,28.640115,77.224591,2.47,0.99,3,out_for_delivery,Delhi NCR,Shastri Nagar
DE002191,delivery_tracking,O00413,D019,2026-08-05 18:26:35,28.653609,77.226886,2.47,1.48,2,out_for_delivery,Delhi NCR,Shastri Nagar
DE002192,delivery_tracking,O00413,D019,2026-08-05 18:27:47,28.652997,77.245897,2.47,1.98,1,out_for_delivery,Delhi NCR,Shastri Nagar
DE002193,delivery_tracking,O00413,D019,2026-08-05 18:28:59,28.654297,77.251746,2.47,2.47,0,delivered,Delhi NCR,Shastri Nagar
DE002194,delivery_tracking,O00415,D073,2026-08-14 16:56:44,28.726778,77.198026,7.35,0.0,18,picked_up,Delhi NCR,Connaught Place
DE002195,delivery_tracking,O00415,D073,2026-08-14 17:01:14,28.732254,77.200594,7.35,1.84,13,out_for_delivery,Delhi NCR,Connaught Place
DE002196,delivery_tracking,O00415,D073,2026-08-14 17:05:44,28.735306,77.21241,7.35,3.67,9,out_for_delivery,Delhi NCR,Connaught Place
DE002197,delivery_tracking,O00415,D073,2026-08-14 17:10:14,28.74696,77.199442,7.35,5.51,4,out_for_delivery,Delhi NCR,Connaught Place
DE002198,delivery_tracking,O00415,D073,2026-08-14 17:14:44,28.748817,77.218028,7.35,7.35,0,delivered,Delhi NCR,Connaught Place
DE002199,delivery_tracking,O00416,D053,2026-08-06 16:35:38,28.992484,77.669581,3.06,0.0,22,picked_up,Meerut,Noida Sector 18
DE002200,delivery_tracking,O00416,D053,2026-08-06 16:41:08,29.000898,77.665715,3.06,0.77,16,out_for_delivery,Meerut,Noida Sector 18
DE002201,delivery_tracking,O00416,D053,2026-08-06 16:46:38,29.003983,77.669067,3.06,1.53,11,out_for_delivery,Meerut,Noida Sector 18
DE002202,delivery_tracking,O00416,D053,2026-08-06 16:52:08,29.008083,77.674143,3.06,2.29,5,out_for_delivery,Meerut,Noida Sector 18
DE002203,delivery_tracking,O00416,D053,2026-08-06 16:57:38,29.009373,77.675412,3.06,3.06,0,delivered,Meerut,Noida Sector 18
DE002204,delivery_tracking,O00417,D065,2026-08-09 11:01:06,28.988257,77.62862,9.47,0.0,10,picked_up,Meerut,Ganga Nagar
DE002205,delivery_tracking,O00417,D065,2026-08-09 11:02:46,28.994536,77.639128,9.47,1.58,8,out_for_delivery,Meerut,Ganga Nagar
DE002206,delivery_tracking,O00417,D065,2026-08-09 11:04:26,28.991005,77.639406,9.47,3.16,6,out_for_delivery,Meerut,Ganga Nagar
DE002207,delivery_tracking,O00417,D065,2026-08-09 11:06:06,29.000449,77.645784,9.47,4.74,5,out_for_delivery,Meerut,Ganga Nagar
DE002208,delivery_tracking,O00417,D065,2026-08-09 11:07:46,29.011781,77.635363,9.47,6.31,3,out_for_delivery,Meerut,Ganga Nagar
DE002209,delivery_tracking,O00417,D065,2026-08-09 11:09:26,28.996388,77.649969,9.47,7.89,1,out_for_delivery,Meerut,Ganga Nagar
DE002210,delivery_tracking,O00417,D065,2026-08-09 11:11:06,29.008966,77.638753,9.47,9.47,0,delivered,Meerut,Ganga Nagar
DE002211,delivery_tracking,O00418,D089,2026-08-05 13:57:25,28.704266,77.056646,2.57,0.0,8,picked_up,Delhi NCR,Ganga Nagar
DE002212,delivery_tracking,O00418,D089,2026-08-05 13:59:01,28.717111,77.070499,2.57,0.51,6,out_for_delivery,Delhi NCR,Ganga Nagar
DE002213,delivery_tracking,O00418,D089,2026-08-05 14:00:37,28.701425,77.072218,2.57,1.03,4,out_for_delivery,Delhi NCR,Ganga Nagar
DE002214,delivery_tracking,O00418,D089,2026-08-05 14:02:13,28.711077,77.070766,2.57,1.54,3,out_for_delivery,Delhi NCR,Ganga Nagar
DE002215,delivery_tracking,O00418,D089,2026-08-05 14:03:49,28.713289,77.078652,2.57,2.06,1,out_for_delivery,Delhi NCR,Ganga Nagar
DE002216,delivery_tracking,O00418,D089,2026-08-05 14:05:25,28.728605,77.081972,2.57,2.57,0,delivered,Delhi NCR,Ganga Nagar
DE002217,delivery_tracking,O00419,D087,2026-08-08 10:52:20,29.025308,77.64848,8.21,0.0,19,picked_up,Meerut,Rohini
DE002218,delivery_tracking,O00419,D087,2026-08-08 10:58:40,29.03789,77.635961,8.21,2.74,12,out_for_delivery,Meerut,Rohini
DE002219,delivery_tracking,O00419,D087,2026-08-08 11:05:00,29.032752,77.641066,8.21,5.47,6,out_for_delivery,Meerut,Rohini
DE002220,delivery_tracking,O00419,D087,2026-08-08 11:11:20,29.037617,77.660837,8.21,8.21,0,delivered,Meerut,Rohini
DE002221,delivery_tracking,O00420,D059,2026-08-07 21:45:15,29.006185,77.652908,2.27,0.0,19,picked_up,Meerut,Saket
DE002222,delivery_tracking,O00420,D059,2026-08-07 21:51:35,29.002516,77.658283,2.27,0.76,12,out_for_delivery,Meerut,Saket
DE002223,delivery_tracking,O00420,D059,2026-08-07 21:57:55,29.011417,77.661783,2.27,1.51,6,out_for_delivery,Meerut,Saket
DE002224,delivery_tracking,O00420,D059,2026-08-07 22:04:15,29.020974,77.672093,2.27,2.27,0,delivered,Meerut,Saket
DE002225,delivery_tracking,O00421,D075,2026-08-02 21:52:31,29.011971,77.613676,2.44,0.0,15,picked_up,Meerut,Connaught Place
DE002226,delivery_tracking,O00421,D075,2026-08-02 21:55:01,29.024381,77.621507,2.44,0.41,12,out_for_delivery,Meerut,Connaught Place
DE002227,delivery_tracking,O00421,D075,2026-08-02 21:57:31,29.015523,77.618464,2.44,0.81,10,out_for_delivery,Meerut,Connaught Place
DE002228,delivery_tracking,O00421,D075,2026-08-02 22:00:01,29.020535,77.617898,2.44,1.22,7,out_for_delivery,Meerut,Connaught Place
DE002229,delivery_tracking,O00421,D075,2026-08-02 22:02:31,29.034301,77.627601,2.44,1.63,5,out_for_delivery,Meerut,Connaught Place
DE002230,delivery_tracking,O00421,D075,2026-08-02 22:05:01,29.029357,77.632706,2.44,2.03,2,out_for_delivery,Meerut,Connaught Place
DE002231,delivery_tracking,O00421,D075,2026-08-02 22:07:31,29.038158,77.639891,2.44,2.44,0,delivered,Meerut,Connaught Place
DE002232,delivery_tracking,O00422,D022,2026-08-03 13:07:38,28.944022,77.626648,7.34,0.0,19,picked_up,Meerut,Rohini
DE002233,delivery_tracking,O00422,D022,2026-08-03 13:10:48,28.962739,77.640697,7.34,1.22,15,out_for_delivery,Meerut,Rohini
DE002234,delivery_tracking,O00422,D022,2026-08-03 13:13:58,28.957175,77.640046,7.34,2.45,12,out_for_delivery,Meerut,Rohini
DE002235,delivery_tracking,O00422,D022,2026-08-03 13:17:08,28.955048,77.650961,7.34,3.67,9,out_for_delivery,Meerut,Rohini
DE002236,delivery_tracking,O00422,D022,2026-08-03 13:20:18,28.955433,77.635385,7.34,4.89,6,out_for_delivery,Meerut,Rohini
DE002237,delivery_tracking,O00422,D022,2026-08-03 13:23:28,28.95691,77.641139,7.34,6.12,3,out_for_delivery,Meerut,Rohini
DE002238,delivery_tracking,O00422,D022,2026-08-03 13:26:38,28.961613,77.653101,7.34,7.34,0,delivered,Meerut,Rohini
DE002239,delivery_tracking,O00423,D072,2026-08-05 17:16:50,28.544494,77.065317,2.71,0.0,10,picked_up,Delhi NCR,Dwarka
DE002240,delivery_tracking,O00423,D072,2026-08-05 17:20:10,28.55895,77.057176,2.71,0.9,6,out_for_delivery,Delhi NCR,Dwarka
DE002241,delivery_tracking,O00423,D072,2026-08-05 17:23:30,28.569846,77.06474,2.71,1.81,3,out_for_delivery,Delhi NCR,Dwarka
DE002242,delivery_tracking,O00423,D072,2026-08-05 17:26:50,28.575653,77.084211,2.71,2.71,0,delivered,Delhi NCR,Dwarka
DE002243,delivery_tracking,O00424,D025,2026-08-11 17:55:30,29.020218,77.600381,2.63,0.0,16,picked_up,Meerut,Connaught Place
DE002244,delivery_tracking,O00424,D025,2026-08-11 18:00:50,29.028963,77.617235,2.63,0.88,10,out_for_delivery,Meerut,Connaught Place
DE002245,delivery_tracking,O00424,D025,2026-08-11 18:06:10,29.026129,77.609946,2.63,1.75,5,out_for_delivery,Meerut,Connaught Place
DE002246,delivery_tracking,O00424,D025,2026-08-11 18:11:30,29.029144,77.611633,2.63,2.63,0,delivered,Meerut,Connaught Place
DE002247,delivery_tracking,O00425,D042,2026-08-13 16:19:12,29.010377,77.604084,11.24,0.0,21,picked_up,Meerut,Gurugram Cyber City
DE002248,delivery_tracking,O00425,D042,2026-08-13 16:23:24,29.015431,77.613929,11.24,2.25,16,out_for_delivery,Meerut,Gurugram Cyber City
DE002249,delivery_tracking,O00425,D042,2026-08-13 16:27:36,29.017668,77.622672,11.24,4.5,12,out_for_delivery,Meerut,Gurugram Cyber City
DE002250,delivery_tracking,O00425,D042,2026-08-13 16:31:48,29.024975,77.627041,11.24,6.74,8,out_for_delivery,Meerut,Gurugram Cyber City
DE002251,delivery_tracking,O00425,D042,2026-08-13 16:36:00,29.013233,77.620131,11.24,8.99,4,out_for_delivery,Meerut,Gurugram Cyber City
DE002252,delivery_tracking,O00425,D042,2026-08-13 16:40:12,29.021051,77.630586,11.24,11.24,0,delivered,Meerut,Gurugram Cyber City
DE002253,delivery_tracking,O00426,D039,2026-08-14 19:11:20,28.997051,77.607934,8.67,0.0,22,picked_up,Meerut,Saket
DE002254,delivery_tracking,O00426,D039,2026-08-14 19:15:00,28.992374,77.601038,8.67,1.44,18,out_for_delivery,Meerut,Saket
DE002255,delivery_tracking,O00426,D039,2026-08-14 19:18:40,28.995129,77.620962,8.67,2.89,14,out_for_delivery,Meerut,Saket
DE002256,delivery_tracking,O00426,D039,2026-08-14 19:22:20,29.002541,77.616668,8.67,4.33,11,out_for_delivery,Meerut,Saket
DE002257,delivery_tracking,O00426,D039,2026-08-14 19:26:00,28.992103,77.625815,8.67,5.78,7,out_for_delivery,Meerut,Saket
DE002258,delivery_tracking,O00426,D039,2026-08-14 19:29:40,28.99653,77.614567,8.67,7.23,3,out_for_delivery,Meerut,Saket
DE002259,delivery_tracking,O00426,D039,2026-08-14 19:33:20,28.996372,77.631726,8.67,8.67,0,delivered,Meerut,Saket
DE002260,delivery_tracking,O00427,D043,2026-08-09 20:41:17,28.968036,77.668297,5.28,0.0,24,picked_up,Meerut,Gurugram Cyber City
DE002261,delivery_tracking,O00427,D043,2026-08-09 20:47:17,28.975271,77.662533,5.28,1.32,18,out_for_delivery,Meerut,Gurugram Cyber City
DE002262,delivery_tracking,O00427,D043,2026-08-09 20:53:17,28.985154,77.674011,5.28,2.64,12,out_for_delivery,Meerut,Gurugram Cyber City
DE002263,delivery_tracking,O00427,D043,2026-08-09 20:59:17,28.983689,77.682838,5.28,3.96,6,out_for_delivery,Meerut,Gurugram Cyber City
DE002264,delivery_tracking,O00427,D043,2026-08-09 21:05:17,28.996883,77.676342,5.28,5.28,0,delivered,Meerut,Gurugram Cyber City
DE002265,delivery_tracking,O00428,D092,2026-08-05 19:55:34,29.024447,77.634791,3.33,0.0,5,picked_up,Meerut,Noida Sector 18
DE002266,delivery_tracking,O00428,D092,2026-08-05 19:56:34,29.022538,77.649012,3.33,0.67,4,out_for_delivery,Meerut,Noida Sector 18
DE002267,delivery_tracking,O00428,D092,2026-08-05 19:57:34,29.032787,77.642172,3.33,1.33,3,out_for_delivery,Meerut,Noida Sector 18
DE002268,delivery_tracking,O00428,D092,2026-08-05 19:58:34,29.025386,77.644124,3.33,2.0,2,out_for_delivery,Meerut,Noida Sector 18
DE002269,delivery_tracking,O00428,D092,2026-08-05 19:59:34,29.032487,77.641175,3.33,2.66,1,out_for_delivery,Meerut,Noida Sector 18
DE002270,delivery_tracking,O00428,D092,2026-08-05 20:00:34,29.031683,77.656583,3.33,3.33,0,delivered,Meerut,Noida Sector 18
DE002271,delivery_tracking,O00429,D009,2026-08-05 12:00:34,28.599844,77.138034,5.01,0.0,5,picked_up,Delhi NCR,Rohini
DE002272,delivery_tracking,O00429,D009,2026-08-05 12:01:49,28.614219,77.148268,5.01,1.25,3,out_for_delivery,Delhi NCR,Rohini
DE002273,delivery_tracking,O00429,D009,2026-08-05 12:03:04,28.610006,77.138188,5.01,2.5,2,out_for_delivery,Delhi NCR,Rohini
DE002274,delivery_tracking,O00429,D009,2026-08-05 12:04:19,28.607144,77.148893,5.01,3.76,1,out_for_delivery,Delhi NCR,Rohini
DE002275,delivery_tracking,O00429,D009,2026-08-05 12:05:34,28.625682,77.144397,5.01,5.01,0,delivered,Delhi NCR,Rohini
DE002276,delivery_tracking,O00430,D050,2026-08-04 18:50:01,29.013499,77.668185,3.93,0.0,13,picked_up,Meerut,Connaught Place
DE002277,delivery_tracking,O00430,D050,2026-08-04 18:52:37,29.020521,77.678003,3.93,0.79,10,out_for_delivery,Meerut,Connaught Place
DE002278,delivery_tracking,O00430,D050,2026-08-04 18:55:13,29.029345,77.677144,3.93,1.57,7,out_for_delivery,Meerut,Connaught Place
DE002279,delivery_tracking,O00430,D050,2026-08-04 18:57:49,29.024619,77.674417,3.93,2.36,5,out_for_delivery,Meerut,Connaught Place
DE002280,delivery_tracking,O00430,D050,2026-08-04 19:00:25,29.024991,77.689659,3.93,3.14,2,out_for_delivery,Meerut,Connaught Place
DE002281,delivery_tracking,O00430,D050,2026-08-04 19:03:01,29.035201,77.693193,3.93,3.93,0,delivered,Meerut,Connaught Place
DE002282,delivery_tracking,O00431,D003,2026-08-09 14:43:56,28.684059,77.168271,8.05,0.0,17,picked_up,Delhi NCR,Dwarka
DE002283,delivery_tracking,O00431,D003,2026-08-09 14:46:46,28.68755,77.169756,8.05,1.34,14,out_for_delivery,Delhi NCR,Dwarka
DE002284,delivery_tracking,O00431,D003,2026-08-09 14:49:36,28.691174,77.179489,8.05,2.68,11,out_for_delivery,Delhi NCR,Dwarka
DE002285,delivery_tracking,O00431,D003,2026-08-09 14:52:26,28.70616,77.17528,8.05,4.03,8,out_for_delivery,Delhi NCR,Dwarka
DE002286,delivery_tracking,O00431,D003,2026-08-09 14:55:16,28.708246,77.189404,8.05,5.37,5,out_for_delivery,Delhi NCR,Dwarka
DE002287,delivery_tracking,O00431,D003,2026-08-09 14:58:06,28.706921,77.183957,8.05,6.71,2,out_for_delivery,Delhi NCR,Dwarka
DE002288,delivery_tracking,O00431,D003,2026-08-09 15:00:56,28.708601,77.176485,8.05,8.05,0,delivered,Delhi NCR,Dwarka
DE002289,delivery_tracking,O00432,D003,2026-08-07 19:41:23,28.743803,77.147416,3.78,0.0,13,picked_up,Delhi NCR,Dwarka
DE002290,delivery_tracking,O00432,D003,2026-08-07 19:44:38,28.753513,77.150075,3.78,0.94,9,out_for_delivery,Delhi NCR,Dwarka
DE002291,delivery_tracking,O00432,D003,2026-08-07 19:47:53,28.750834,77.143932,3.78,1.89,6,out_for_delivery,Delhi NCR,Dwarka
DE002292,delivery_tracking,O00432,D003,2026-08-07 19:51:08,28.758299,77.147916,3.78,2.83,3,out_for_delivery,Delhi NCR,Dwarka
DE002293,delivery_tracking,O00432,D003,2026-08-07 19:54:23,28.758991,77.164848,3.78,3.78,0,delivered,Delhi NCR,Dwarka
DE002294,delivery_tracking,O00433,D079,2026-08-12 18:21:16,28.956794,77.675407,5.83,0.0,9,picked_up,Meerut,Gurugram Cyber City
DE002295,delivery_tracking,O00433,D079,2026-08-12 18:24:16,28.967779,77.682081,5.83,1.94,6,out_for_delivery,Meerut,Gurugram Cyber City
DE002296,delivery_tracking,O00433,D079,2026-08-12 18:27:16,28.970164,77.67551,5.83,3.89,3,out_for_delivery,Meerut,Gurugram Cyber City
DE002297,delivery_tracking,O00433,D079,2026-08-12 18:30:16,28.969747,77.68321,5.83,5.83,0,delivered,Meerut,Gurugram Cyber City
DE002298,delivery_tracking,O00434,D003,2026-08-13 13:55:45,28.586282,77.23294,9.8,0.0,19,picked_up,Delhi NCR,Dwarka
DE002299,delivery_tracking,O00434,D003,2026-08-13 14:00:30,28.57773,77.235627,9.8,2.45,14,out_for_delivery,Delhi NCR,Dwarka
DE002300,delivery_tracking,O00434,D003,2026-08-13 14:05:15,28.59431,77.243948,9.8,4.9,9,out_for_delivery,Delhi NCR,Dwarka
DE002301,delivery_tracking,O00434,D003,2026-08-13 14:10:00,28.59969,77.245556,9.8,7.35,4,out_for_delivery,Delhi NCR,Dwarka
DE002302,delivery_tracking,O00434,D003,2026-08-13 14:14:45,28.588884,77.250811,9.8,9.8,0,delivered,Delhi NCR,Dwarka
DE002303,delivery_tracking,O00435,D031,2026-08-14 20:05:23,29.027844,77.616849,8.05,0.0,16,picked_up,Meerut,Ganga Nagar
DE002304,delivery_tracking,O00435,D031,2026-08-14 20:08:35,29.035179,77.611773,8.05,1.61,12,out_for_delivery,Meerut,Ganga Nagar
DE002305,delivery_tracking,O00435,D031,2026-08-14 20:11:47,29.035458,77.61495,8.05,3.22,9,out_for_delivery,Meerut,Ganga Nagar
DE002306,delivery_tracking,O00435,D031,2026-08-14 20:14:59,29.03813,77.629114,8.05,4.83,6,out_for_delivery,Meerut,Ganga Nagar
DE002307,delivery_tracking,O00435,D031,2026-08-14 20:18:11,29.049494,77.619951,8.05,6.44,3,out_for_delivery,Meerut,Ganga Nagar
DE002308,delivery_tracking,O00435,D031,2026-08-14 20:21:23,29.045739,77.630239,8.05,8.05,0,delivered,Meerut,Ganga Nagar
DE002309,delivery_tracking,O00436,D097,2026-08-05 19:18:26,28.976897,77.617935,2.51,0.0,13,picked_up,Meerut,Shastri Nagar
DE002310,delivery_tracking,O00436,D097,2026-08-05 19:22:46,28.975927,77.627672,2.51,0.84,8,out_for_delivery,Meerut,Shastri Nagar
DE002311,delivery_tracking,O00436,D097,2026-08-05 19:27:06,28.993375,77.626905,2.51,1.67,4,out_for_delivery,Meerut,Shastri Nagar
DE002312,delivery_tracking,O00436,D097,2026-08-05 19:31:26,29.00291,77.644772,2.51,2.51,0,delivered,Meerut,Shastri Nagar
DE002313,delivery_tracking,O00437,D084,2026-08-13 14:51:15,28.950016,77.66688,6.44,0.0,12,picked_up,Meerut,Rohini
DE002314,delivery_tracking,O00437,D084,2026-08-13 14:55:15,28.958409,77.678549,6.44,2.15,8,out_for_delivery,Meerut,Rohini
DE002315,delivery_tracking,O00437,D084,2026-08-13 14:59:15,28.967176,77.684486,6.44,4.29,4,out_for_delivery,Meerut,Rohini
DE002316,delivery_tracking,O00437,D084,2026-08-13 15:03:15,28.971072,77.687914,6.44,6.44,0,delivered,Meerut,Rohini
DE002317,delivery_tracking,O00439,D008,2026-08-01 18:40:40,28.658569,77.073328,4.42,0.0,18,picked_up,Delhi NCR,Noida Sector 18
DE002318,delivery_tracking,O00439,D008,2026-08-01 18:43:40,28.656179,77.080486,4.42,0.74,15,out_for_delivery,Delhi NCR,Noida Sector 18
DE002319,delivery_tracking,O00439,D008,2026-08-01 18:46:40,28.659359,77.084638,4.42,1.47,12,out_for_delivery,Delhi NCR,Noida Sector 18
DE002320,delivery_tracking,O00439,D008,2026-08-01 18:49:40,28.661018,77.092132,4.42,2.21,9,out_for_delivery,Delhi NCR,Noida Sector 18
DE002321,delivery_tracking,O00439,D008,2026-08-01 18:52:40,28.656466,77.091154,4.42,2.95,6,out_for_delivery,Delhi NCR,Noida Sector 18
DE002322,delivery_tracking,O00439,D008,2026-08-01 18:55:40,28.662503,77.091445,4.42,3.68,3,out_for_delivery,Delhi NCR,Noida Sector 18
DE002323,delivery_tracking,O00439,D008,2026-08-01 18:58:40,28.673029,77.092364,4.42,4.42,0,delivered,Delhi NCR,Noida Sector 18
DE002324,delivery_tracking,O00441,D054,2026-08-13 12:39:35,28.57472,77.183714,3.68,0.0,12,picked_up,Delhi NCR,Saket
DE002325,delivery_tracking,O00441,D054,2026-08-13 12:43:35,28.596109,77.191858,3.68,1.23,8,out_for_delivery,Delhi NCR,Saket
DE002326,delivery_tracking,O00441,D054,2026-08-13 12:47:35,28.60271,77.201534,3.68,2.45,4,out_for_delivery,Delhi NCR,Saket
DE002327,delivery_tracking,O00441,D054,2026-08-13 12:51:35,28.607234,77.194684,3.68,3.68,0,delivered,Delhi NCR,Saket
DE002328,delivery_tracking,O00442,D095,2026-08-06 20:54:20,28.60114,77.246386,4.28,0.0,17,picked_up,Delhi NCR,Noida Sector 18
DE002329,delivery_tracking,O00442,D095,2026-08-06 20:57:10,28.618647,77.242205,4.28,0.71,14,out_for_delivery,Delhi NCR,Noida Sector 18
DE002330,delivery_tracking,O00442,D095,2026-08-06 21:00:00,28.621595,77.250653,4.28,1.43,11,out_for_delivery,Delhi NCR,Noida Sector 18
DE002331,delivery_tracking,O00442,D095,2026-08-06 21:02:50,28.624504,77.246431,4.28,2.14,8,out_for_delivery,Delhi NCR,Noida Sector 18
DE002332,delivery_tracking,O00442,D095,2026-08-06 21:05:40,28.629237,77.253839,4.28,2.85,5,out_for_delivery,Delhi NCR,Noida Sector 18
DE002333,delivery_tracking,O00442,D095,2026-08-06 21:08:30,28.615679,77.249024,4.28,3.57,2,out_for_delivery,Delhi NCR,Noida Sector 18
DE002334,delivery_tracking,O00442,D095,2026-08-06 21:11:20,28.625958,77.256812,4.28,4.28,0,delivered,Delhi NCR,Noida Sector 18
DE002335,delivery_tracking,O00443,D054,2026-08-10 15:41:05,28.641596,77.238036,5.79,0.0,10,picked_up,Delhi NCR,Saket
DE002336,delivery_tracking,O00443,D054,2026-08-10 15:43:05,28.630558,77.256254,5.79,1.16,8,out_for_delivery,Delhi NCR,Saket
DE002337,delivery_tracking,O00443,D054,2026-08-10 15:45:05,28.638682,77.260837,5.79,2.32,6,out_for_delivery,Delhi NCR,Saket
DE002338,delivery_tracking,O00443,D054,2026-08-10 15:47:05,28.643613,77.252778,5.79,3.47,4,out_for_delivery,Delhi NCR,Saket
DE002339,delivery_tracking,O00443,D054,2026-08-10 15:49:05,28.651834,77.253401,5.79,4.63,2,out_for_delivery,Delhi NCR,Saket
DE002340,delivery_tracking,O00443,D054,2026-08-10 15:51:05,28.650056,77.25397,5.79,5.79,0,delivered,Delhi NCR,Saket
DE002341,delivery_tracking,O00444,D076,2026-08-07 11:30:05,28.964253,77.687058,1.22,0.0,6,picked_up,Meerut,Saket
DE002342,delivery_tracking,O00444,D076,2026-08-07 11:31:17,28.967678,77.685017,1.22,0.24,4,out_for_delivery,Meerut,Saket
DE002343,delivery_tracking,O00444,D076,2026-08-07 11:32:29,28.958429,77.678001,1.22,0.49,3,out_for_delivery,Meerut,Saket
DE002344,delivery_tracking,O00444,D076,2026-08-07 11:33:41,28.965874,77.679696,1.22,0.73,2,out_for_delivery,Meerut,Saket
DE002345,delivery_tracking,O00444,D076,2026-08-07 11:34:53,28.982605,77.682343,1.22,0.98,1,out_for_delivery,Meerut,Saket
DE002346,delivery_tracking,O00444,D076,2026-08-07 11:36:05,28.966469,77.6837,1.22,1.22,0,delivered,Meerut,Saket
DE002347,delivery_tracking,O00445,D022,2026-08-07 17:19:17,29.014216,77.644972,10.83,0.0,20,picked_up,Meerut,Rohini
DE002348,delivery_tracking,O00445,D022,2026-08-07 17:22:37,29.005227,77.650734,10.83,1.8,16,out_for_delivery,Meerut,Rohini
DE002349,delivery_tracking,O00445,D022,2026-08-07 17:25:57,29.020386,77.650089,10.83,3.61,13,out_for_delivery,Meerut,Rohini
DE002350,delivery_tracking,O00445,D022,2026-08-07 17:29:17,29.025791,77.645866,10.83,5.42,10,out_for_delivery,Meerut,Rohini
DE002351,delivery_tracking,O00445,D022,2026-08-07 17:32:37,29.022264,77.647064,10.83,7.22,6,out_for_delivery,Meerut,Rohini
DE002352,delivery_tracking,O00445,D022,2026-08-07 17:35:57,29.028699,77.651713,10.83,9.03,3,out_for_delivery,Meerut,Rohini
DE002353,delivery_tracking,O00445,D022,2026-08-07 17:39:17,29.033225,77.650894,10.83,10.83,0,delivered,Meerut,Rohini
DE002354,delivery_tracking,O00447,D020,2026-08-12 11:37:49,28.675446,77.240611,11.85,0.0,24,picked_up,Delhi NCR,Gurugram Cyber City
DE002355,delivery_tracking,O00447,D020,2026-08-12 11:43:49,28.668568,77.239053,11.85,2.96,18,out_for_delivery,Delhi NCR,Gurugram Cyber City
DE002356,delivery_tracking,O00447,D020,2026-08-12 11:49:49,28.671936,77.235965,11.85,5.92,12,out_for_delivery,Delhi NCR,Gurugram Cyber City
DE002357,delivery_tracking,O00447,D020,2026-08-12 11:55:49,28.685607,77.25481,11.85,8.89,6,out_for_delivery,Delhi NCR,Gurugram Cyber City
DE002358,delivery_tracking,O00447,D020,2026-08-12 12:01:49,28.680325,77.258738,11.85,11.85,0,delivered,Delhi NCR,Gurugram Cyber City
DE002359,delivery_tracking,O00448,D051,2026-08-13 22:12:20,28.742474,77.081712,5.9,0.0,10,picked_up,Delhi NCR,Gurugram Cyber City
DE002360,delivery_tracking,O00448,D051,2026-08-13 22:14:50,28.760565,77.09153,5.9,1.48,7,out_for_delivery,Delhi NCR,Gurugram Cyber City
DE002361,delivery_tracking,O00448,D051,2026-08-13 22:17:20,28.759589,77.085491,5.9,2.95,5,out_for_delivery,Delhi NCR,Gurugram Cyber City
DE002362,delivery_tracking,O00448,D051,2026-08-13 22:19:50,28.764341,77.093514,5.9,4.43,2,out_for_delivery,Delhi NCR,Gurugram Cyber City
DE002363,delivery_tracking,O00448,D051,2026-08-13 22:22:20,28.766901,77.100638,5.9,5.9,0,delivered,Delhi NCR,Gurugram Cyber City
DE002364,delivery_tracking,O00449,D001,2026-08-02 18:23:52,28.995938,77.683123,5.61,0.0,16,picked_up,Meerut,Noida Sector 18
DE002365,delivery_tracking,O00449,D001,2026-08-02 18:27:52,29.006995,77.676975,5.61,1.4,12,out_for_delivery,Meerut,Noida Sector 18
DE002366,delivery_tracking,O00449,D001,2026-08-02 18:31:52,29.009121,77.682569,5.61,2.81,8,out_for_delivery,Meerut,Noida Sector 18
DE002367,delivery_tracking,O00449,D001,2026-08-02 18:35:52,29.009265,77.690492,5.61,4.21,4,out_for_delivery,Meerut,Noida Sector 18
DE002368,delivery_tracking,O00449,D001,2026-08-02 18:39:52,29.003129,77.685778,5.61,5.61,0,delivered,Meerut,Noida Sector 18
DE002369,delivery_tracking,O00450,D081,2026-08-13 11:55:53,29.013235,77.64356,11.27,0.0,12,picked_up,Meerut,Gurugram Cyber City
DE002370,delivery_tracking,O00450,D081,2026-08-13 11:58:17,29.012923,77.650911,11.27,2.25,9,out_for_delivery,Meerut,Gurugram Cyber City
DE002371,delivery_tracking,O00450,D081,2026-08-13 12:00:41,29.027769,77.654254,11.27,4.51,7,out_for_delivery,Meerut,Gurugram Cyber City
DE002372,delivery_tracking,O00450,D081,2026-08-13 12:03:05,29.014384,77.65343,11.27,6.76,4,out_for_delivery,Meerut,Gurugram Cyber City
DE002373,delivery_tracking,O00450,D081,2026-08-13 12:05:29,29.018861,77.67154,11.27,9.02,2,out_for_delivery,Meerut,Gurugram Cyber City
DE002374,delivery_tracking,O00450,D081,2026-08-13 12:07:53,29.031044,77.676464,11.27,11.27,0,delivered,Meerut,Gurugram Cyber City
DE002375,delivery_tracking,O00451,D003,2026-08-09 22:16:49,28.590511,77.250977,4.45,0.0,22,picked_up,Delhi NCR,Dwarka
DE002376,delivery_tracking,O00451,D003,2026-08-09 22:21:13,28.590251,77.249445,4.45,0.89,17,out_for_delivery,Delhi NCR,Dwarka
DE002377,delivery_tracking,O00451,D003,2026-08-09 22:25:37,28.599542,77.248767,4.45,1.78,13,out_for_delivery,Delhi NCR,Dwarka
DE002378,delivery_tracking,O00451,D003,2026-08-09 22:30:01,28.605564,77.248845,4.45,2.67,8,out_for_delivery,Delhi NCR,Dwarka
DE002379,delivery_tracking,O00451,D003,2026-08-09 22:34:25,28.617588,77.264476,4.45,3.56,4,out_for_delivery,Delhi NCR,Dwarka
DE002380,delivery_tracking,O00451,D003,2026-08-09 22:38:49,28.605347,77.258702,4.45,4.45,0,delivered,Delhi NCR,Dwarka
DE002381,delivery_tracking,O00452,D021,2026-08-07 14:11:10,28.559969,77.090178,11.07,0.0,7,picked_up,Delhi NCR,Shastri Nagar
DE002382,delivery_tracking,O00452,D021,2026-08-07 14:12:34,28.552691,77.093339,11.07,2.21,5,out_for_delivery,Delhi NCR,Shastri Nagar
DE002383,delivery_tracking,O00452,D021,2026-08-07 14:13:58,28.561986,77.109501,11.07,4.43,4,out_for_delivery,Delhi NCR,Shastri Nagar
DE002384,delivery_tracking,O00452,D021,2026-08-07 14:15:22,28.558972,77.099352,11.07,6.64,2,out_for_delivery,Delhi NCR,Shastri Nagar
DE002385,delivery_tracking,O00452,D021,2026-08-07 14:16:46,28.566026,77.105476,11.07,8.86,1,out_for_delivery,Delhi NCR,Shastri Nagar
DE002386,delivery_tracking,O00452,D021,2026-08-07 14:18:10,28.557331,77.11869,11.07,11.07,0,delivered,Delhi NCR,Shastri Nagar
DE002387,delivery_tracking,O00453,D050,2026-08-13 13:49:16,28.978891,77.681047,10.41,0.0,14,picked_up,Meerut,Connaught Place
DE002388,delivery_tracking,O00453,D050,2026-08-13 13:52:04,28.997149,77.675625,10.41,2.08,11,out_for_delivery,Meerut,Connaught Place
DE002389,delivery_tracking,O00453,D050,2026-08-13 13:54:52,29.000441,77.685494,10.41,4.16,8,out_for_delivery,Meerut,Connaught Place
DE002390,delivery_tracking,O00453,D050,2026-08-13 13:57:40,28.995344,77.676328,10.41,6.25,5,out_for_delivery,Meerut,Connaught Place
DE002391,delivery_tracking,O00453,D050,2026-08-13 14:00:28,29.002717,77.685646,10.41,8.33,2,out_for_delivery,Meerut,Connaught Place
DE002392,delivery_tracking,O00453,D050,2026-08-13 14:03:16,29.005022,77.692924,10.41,10.41,0,delivered,Meerut,Connaught Place
DE002393,delivery_tracking,O00454,D030,2026-08-14 21:23:58,28.981408,77.677324,6.32,0.0,4,picked_up,Meerut,Ganga Nagar
DE002394,delivery_tracking,O00454,D030,2026-08-14 21:24:46,28.988184,77.691405,6.32,1.26,3,out_for_delivery,Meerut,Ganga Nagar
DE002395,delivery_tracking,O00454,D030,2026-08-14 21:25:34,28.991674,77.676717,6.32,2.53,2,out_for_delivery,Meerut,Ganga Nagar
DE002396,delivery_tracking,O00454,D030,2026-08-14 21:26:22,28.994294,77.689906,6.32,3.79,1,out_for_delivery,Meerut,Ganga Nagar
DE002397,delivery_tracking,O00454,D030,2026-08-14 21:27:10,28.991662,77.683343,6.32,5.06,0,out_for_delivery,Meerut,Ganga Nagar
DE002398,delivery_tracking,O00454,D030,2026-08-14 21:27:58,28.986149,77.6939,6.32,6.32,0,delivered,Meerut,Ganga Nagar
DE002399,delivery_tracking,O00455,D016,2026-08-10 11:06:53,29.039858,77.651286,11.81,0.0,5,picked_up,Meerut,Ganga Nagar
DE002400,delivery_tracking,O00455,D016,2026-08-10 11:07:43,29.039367,77.667799,11.81,1.97,4,out_for_delivery,Meerut,Ganga Nagar
DE002401,delivery_tracking,O00455,D016,2026-08-10 11:08:33,29.044375,77.657948,11.81,3.94,3,out_for_delivery,Meerut,Ganga Nagar
DE002402,delivery_tracking,O00455,D016,2026-08-10 11:09:23,29.037338,77.667945,11.81,5.91,2,out_for_delivery,Meerut,Ganga Nagar
DE002403,delivery_tracking,O00455,D016,2026-08-10 11:10:13,29.03801,77.656195,11.81,7.87,1,out_for_delivery,Meerut,Ganga Nagar
DE002404,delivery_tracking,O00455,D016,2026-08-10 11:11:03,29.038075,77.661868,11.81,9.84,0,out_for_delivery,Meerut,Ganga Nagar
DE002405,delivery_tracking,O00455,D016,2026-08-10 11:11:53,29.036734,77.663421,11.81,11.81,0,delivered,Meerut,Ganga Nagar
DE002406,delivery_tracking,O00456,D077,2026-08-14 11:41:07,28.611535,77.219272,10.24,0.0,16,picked_up,Delhi NCR,Ganga Nagar
DE002407,delivery_tracking,O00456,D077,2026-08-14 11:46:27,28.61185,77.227103,10.24,3.41,10,out_for_delivery,Delhi NCR,Ganga Nagar
DE002408,delivery_tracking,O00456,D077,2026-08-14 11:51:47,28.611247,77.229341,10.24,6.83,5,out_for_delivery,Delhi NCR,Ganga Nagar
DE002409,delivery_tracking,O00456,D077,2026-08-14 11:57:07,28.616254,77.2412,10.24,10.24,0,delivered,Delhi NCR,Ganga Nagar
DE002410,delivery_tracking,O00458,D047,2026-08-07 18:26:16,28.972231,77.663096,8.33,0.0,14,picked_up,Meerut,Gurugram Cyber City
DE002411,delivery_tracking,O00458,D047,2026-08-07 18:29:46,28.974872,77.655175,8.33,2.08,10,out_for_delivery,Meerut,Gurugram Cyber City
DE002412,delivery_tracking,O00458,D047,2026-08-07 18:33:16,28.973132,77.667781,8.33,4.17,7,out_for_delivery,Meerut,Gurugram Cyber City
DE002413,delivery_tracking,O00458,D047,2026-08-07 18:36:46,28.986225,77.669437,8.33,6.25,3,out_for_delivery,Meerut,Gurugram Cyber City
DE002414,delivery_tracking,O00458,D047,2026-08-07 18:40:16,28.98707,77.67849,8.33,8.33,0,delivered,Meerut,Gurugram Cyber City
DE002415,delivery_tracking,O00459,D031,2026-08-01 16:40:39,29.024132,77.656506,4.24,0.0,17,picked_up,Meerut,Ganga Nagar
DE002416,delivery_tracking,O00459,D031,2026-08-01 16:44:03,29.033722,77.657663,4.24,0.85,13,out_for_delivery,Meerut,Ganga Nagar
DE002417,delivery_tracking,O00459,D031,2026-08-01 16:47:27,29.020989,77.657611,4.24,1.7,10,out_for_delivery,Meerut,Ganga Nagar
DE002418,delivery_tracking,O00459,D031,2026-08-01 16:50:51,29.022729,77.65924,4.24,2.54,6,out_for_delivery,Meerut,Ganga Nagar
DE002419,delivery_tracking,O00459,D031,2026-08-01 16:54:15,29.035982,77.660952,4.24,3.39,3,out_for_delivery,Meerut,Ganga Nagar
DE002420,delivery_tracking,O00459,D031,2026-08-01 16:57:39,29.039586,77.664201,4.24,4.24,0,delivered,Meerut,Ganga Nagar
DE002421,delivery_tracking,O00460,D032,2026-08-12 11:02:04,28.950042,77.601496,9.3,0.0,17,picked_up,Meerut,Rohini
DE002422,delivery_tracking,O00460,D032,2026-08-12 11:06:19,28.95781,77.604771,9.3,2.33,12,out_for_delivery,Meerut,Rohini
DE002423,delivery_tracking,O00460,D032,2026-08-12 11:10:34,28.955976,77.625601,9.3,4.65,8,out_for_delivery,Meerut,Rohini
DE002424,delivery_tracking,O00460,D032,2026-08-12 11:14:49,28.959925,77.620184,9.3,6.98,4,out_for_delivery,Meerut,Rohini
DE002425,delivery_tracking,O00460,D032,2026-08-12 11:19:04,28.961602,77.626819,9.3,9.3,0,delivered,Meerut,Rohini
DE002426,delivery_tracking,O00461,D027,2026-08-07 15:28:55,29.012997,77.660772,6.1,0.0,8,picked_up,Meerut,Dwarka
DE002427,delivery_tracking,O00461,D027,2026-08-07 15:30:15,29.00722,77.664939,6.1,1.02,6,out_for_delivery,Meerut,Dwarka
DE002428,delivery_tracking,O00461,D027,2026-08-07 15:31:35,29.01318,77.665236,6.1,2.03,5,out_for_delivery,Meerut,Dwarka
DE002429,delivery_tracking,O00461,D027,2026-08-07 15:32:55,29.025393,77.67366,6.1,3.05,4,out_for_delivery,Meerut,Dwarka
DE002430,delivery_tracking,O00461,D027,2026-08-07 15:34:15,29.027764,77.668001,6.1,4.07,2,out_for_delivery,Meerut,Dwarka
DE002431,delivery_tracking,O00461,D027,2026-08-07 15:35:35,29.0241,77.675259,6.1,5.08,1,out_for_delivery,Meerut,Dwarka
DE002432,delivery_tracking,O00461,D027,2026-08-07 15:36:55,29.021998,77.675714,6.1,6.1,0,delivered,Meerut,Dwarka
DE002433,delivery_tracking,O00462,D062,2026-08-07 14:39:30,28.575763,77.189685,6.96,0.0,15,picked_up,Delhi NCR,Connaught Place
DE002434,delivery_tracking,O00462,D062,2026-08-07 14:42:30,28.578131,77.203238,6.96,1.39,12,out_for_delivery,Delhi NCR,Connaught Place
DE002435,delivery_tracking,O00462,D062,2026-08-07 14:45:30,28.582893,77.190655,6.96,2.78,9,out_for_delivery,Delhi NCR,Connaught Place
DE002436,delivery_tracking,O00462,D062,2026-08-07 14:48:30,28.582308,77.210945,6.96,4.18,6,out_for_delivery,Delhi NCR,Connaught Place
DE002437,delivery_tracking,O00462,D062,2026-08-07 14:51:30,28.578789,77.201905,6.96,5.57,3,out_for_delivery,Delhi NCR,Connaught Place
DE002438,delivery_tracking,O00462,D062,2026-08-07 14:54:30,28.593159,77.214403,6.96,6.96,0,delivered,Delhi NCR,Connaught Place
DE002439,delivery_tracking,O00463,D079,2026-08-10 19:17:11,28.960013,77.664701,5.06,0.0,19,picked_up,Meerut,Gurugram Cyber City
DE002440,delivery_tracking,O00463,D079,2026-08-10 19:20:21,28.969214,77.663686,5.06,0.84,15,out_for_delivery,Meerut,Gurugram Cyber City
DE002441,delivery_tracking,O00463,D079,2026-08-10 19:23:31,28.973386,77.672823,5.06,1.69,12,out_for_delivery,Meerut,Gurugram Cyber City
DE002442,delivery_tracking,O00463,D079,2026-08-10 19:26:41,28.973794,77.663247,5.06,2.53,9,out_for_delivery,Meerut,Gurugram Cyber City
DE002443,delivery_tracking,O00463,D079,2026-08-10 19:29:51,28.972588,77.671102,5.06,3.37,6,out_for_delivery,Meerut,Gurugram Cyber City
DE002444,delivery_tracking,O00463,D079,2026-08-10 19:33:01,28.985295,77.667604,5.06,4.22,3,out_for_delivery,Meerut,Gurugram Cyber City
DE002445,delivery_tracking,O00463,D079,2026-08-10 19:36:11,28.987146,77.670747,5.06,5.06,0,delivered,Meerut,Gurugram Cyber City
DE002446,delivery_tracking,O00464,D069,2026-08-06 17:31:27,29.013458,77.602624,6.48,0.0,7,picked_up,Meerut,Saket
DE002447,delivery_tracking,O00464,D069,2026-08-06 17:32:37,29.00588,77.608127,6.48,1.08,5,out_for_delivery,Meerut,Saket
DE002448,delivery_tracking,O00464,D069,2026-08-06 17:33:47,29.004822,77.603443,6.48,2.16,4,out_for_delivery,Meerut,Saket
DE002449,delivery_tracking,O00464,D069,2026-08-06 17:34:57,29.018339,77.608115,6.48,3.24,3,out_for_delivery,Meerut,Saket
DE002450,delivery_tracking,O00464,D069,2026-08-06 17:36:07,29.014697,77.619982,6.48,4.32,2,out_for_delivery,Meerut,Saket
DE002451,delivery_tracking,O00464,D069,2026-08-06 17:37:17,29.020586,77.614891,6.48,5.4,1,out_for_delivery,Meerut,Saket
DE002452,delivery_tracking,O00464,D069,2026-08-06 17:38:27,29.020906,77.617943,6.48,6.48,0,delivered,Meerut,Saket
DE002453,delivery_tracking,O00465,D033,2026-08-13 19:54:47,29.021382,77.663732,11.67,0.0,14,picked_up,Meerut,Connaught Place
DE002454,delivery_tracking,O00465,D033,2026-08-13 19:57:35,29.026967,77.668171,11.67,2.33,11,out_for_delivery,Meerut,Connaught Place
DE002455,delivery_tracking,O00465,D033,2026-08-13 20:00:23,29.025382,77.673585,11.67,4.67,8,out_for_delivery,Meerut,Connaught Place
DE002456,delivery_tracking,O00465,D033,2026-08-13 20:03:11,29.047074,77.677724,11.67,7.0,5,out_for_delivery,Meerut,Connaught Place
DE002457,delivery_tracking,O00465,D033,2026-08-13 20:05:59,29.042506,77.668944,11.67,9.34,2,out_for_delivery,Meerut,Connaught Place
DE002458,delivery_tracking,O00465,D033,2026-08-13 20:08:47,29.049159,77.688272,11.67,11.67,0,delivered,Meerut,Connaught Place
DE002459,delivery_tracking,O00466,D086,2026-08-05 13:25:52,28.671062,77.06143,1.89,0.0,15,picked_up,Delhi NCR,Dwarka
DE002460,delivery_tracking,O00466,D086,2026-08-05 13:29:37,28.682701,77.066743,1.89,0.47,11,out_for_delivery,Delhi NCR,Dwarka
DE002461,delivery_tracking,O00466,D086,2026-08-05 13:33:22,28.679866,77.067557,1.89,0.94,7,out_for_delivery,Delhi NCR,Dwarka
DE002462,delivery_tracking,O00466,D086,2026-08-05 13:37:07,28.691652,77.06073,1.89,1.42,3,out_for_delivery,Delhi NCR,Dwarka
DE002463,delivery_tracking,O00466,D086,2026-08-05 13:40:52,28.686291,77.064726,1.89,1.89,0,delivered,Delhi NCR,Dwarka
DE002464,delivery_tracking,O00467,D088,2026-08-14 16:22:05,29.028434,77.635617,9.26,0.0,10,picked_up,Meerut,Rohini
DE002465,delivery_tracking,O00467,D088,2026-08-14 16:24:05,29.033651,77.646126,9.26,1.85,8,out_for_delivery,Meerut,Rohini
DE002466,delivery_tracking,O00467,D088,2026-08-14 16:26:05,29.028052,77.657542,9.26,3.7,6,out_for_delivery,Meerut,Rohini
DE002467,delivery_tracking,O00467,D088,2026-08-14 16:28:05,29.028204,77.653688,9.26,5.56,4,out_for_delivery,Meerut,Rohini
DE002468,delivery_tracking,O00467,D088,2026-08-14 16:30:05,29.038601,77.650053,9.26,7.41,2,out_for_delivery,Meerut,Rohini
DE002469,delivery_tracking,O00467,D088,2026-08-14 16:32:05,29.030911,77.651752,9.26,9.26,0,delivered,Meerut,Rohini
DE002470,delivery_tracking,O00468,D099,2026-08-14 10:30:25,29.026761,77.646418,9.53,0.0,7,picked_up,Meerut,Dwarka
DE002471,delivery_tracking,O00468,D099,2026-08-14 10:31:35,29.025826,77.64001,9.53,1.59,5,out_for_delivery,Meerut,Dwarka
DE002472,delivery_tracking,O00468,D099,2026-08-14 10:32:45,29.023933,77.650586,9.53,3.18,4,out_for_delivery,Meerut,Dwarka
DE002473,delivery_tracking,O00468,D099,2026-08-14 10:33:55,29.02071,77.644834,9.53,4.76,3,out_for_delivery,Meerut,Dwarka
DE002474,delivery_tracking,O00468,D099,2026-08-14 10:35:05,29.036734,77.654974,9.53,6.35,2,out_for_delivery,Meerut,Dwarka
DE002475,delivery_tracking,O00468,D099,2026-08-14 10:36:15,29.033212,77.664994,9.53,7.94,1,out_for_delivery,Meerut,Dwarka
DE002476,delivery_tracking,O00468,D099,2026-08-14 10:37:25,29.028404,77.660851,9.53,9.53,0,delivered,Meerut,Dwarka
DE002477,delivery_tracking,O00469,D069,2026-08-02 14:30:21,28.96047,77.65411,7.05,0.0,15,picked_up,Meerut,Saket
DE002478,delivery_tracking,O00469,D069,2026-08-02 14:35:21,28.954008,77.6582,7.05,2.35,10,out_for_delivery,Meerut,Saket
DE002479,delivery_tracking,O00469,D069,2026-08-02 14:40:21,28.972659,77.658273,7.05,4.7,5,out_for_delivery,Meerut,Saket
DE002480,delivery_tracking,O00469,D069,2026-08-02 14:45:21,28.976024,77.678275,7.05,7.05,0,delivered,Meerut,Saket
DE002481,delivery_tracking,O00470,D093,2026-08-01 11:37:10,28.680554,77.253497,8.52,0.0,19,picked_up,Delhi NCR,Connaught Place
DE002482,delivery_tracking,O00470,D093,2026-08-01 11:43:30,28.677426,77.252172,8.52,2.84,12,out_for_delivery,Delhi NCR,Connaught Place
DE002483,delivery_tracking,O00470,D093,2026-08-01 11:49:50,28.692063,77.253809,8.52,5.68,6,out_for_delivery,Delhi NCR,Connaught Place
DE002484,delivery_tracking,O00470,D093,2026-08-01 11:56:10,28.686966,77.254571,8.52,8.52,0,delivered,Delhi NCR,Connaught Place
DE002485,delivery_tracking,O00471,D070,2026-08-14 12:49:42,28.979702,77.594114,8.22,0.0,16,picked_up,Meerut,Shastri Nagar
DE002486,delivery_tracking,O00471,D070,2026-08-14 12:52:22,28.973833,77.608971,8.22,1.37,13,out_for_delivery,Meerut,Shastri Nagar
DE002487,delivery_tracking,O00471,D070,2026-08-14 12:55:02,28.993071,77.605789,8.22,2.74,10,out_for_delivery,Meerut,Shastri Nagar
DE002488,delivery_tracking,O00471,D070,2026-08-14 12:57:42,28.990589,77.602504,8.22,4.11,8,out_for_delivery,Meerut,Shastri Nagar
DE002489,delivery_tracking,O00471,D070,2026-08-14 13:00:22,28.994834,77.608732,8.22,5.48,5,out_for_delivery,Meerut,Shastri Nagar
DE002490,delivery_tracking,O00471,D070,2026-08-14 13:03:02,28.985855,77.613285,8.22,6.85,2,out_for_delivery,Meerut,Shastri Nagar
DE002491,delivery_tracking,O00471,D070,2026-08-14 13:05:42,28.987814,77.61649,8.22,8.22,0,delivered,Meerut,Shastri Nagar
DE002492,delivery_tracking,O00472,D066,2026-08-04 15:43:42,28.971593,77.653899,6.51,0.0,14,picked_up,Meerut,Noida Sector 18
DE002493,delivery_tracking,O00472,D066,2026-08-04 15:46:02,28.962071,77.653156,6.51,1.08,11,out_for_delivery,Meerut,Noida Sector 18
DE002494,delivery_tracking,O00472,D066,2026-08-04 15:48:22,28.976956,77.66194,6.51,2.17,9,out_for_delivery,Meerut,Noida Sector 18
DE002495,delivery_tracking,O00472,D066,2026-08-04 15:50:42,28.985224,77.649364,6.51,3.25,7,out_for_delivery,Meerut,Noida Sector 18
DE002496,delivery_tracking,O00472,D066,2026-08-04 15:53:02,28.970521,77.653524,6.51,4.34,4,out_for_delivery,Meerut,Noida Sector 18
DE002497,delivery_tracking,O00472,D066,2026-08-04 15:55:22,28.972671,77.653116,6.51,5.42,2,out_for_delivery,Meerut,Noida Sector 18
DE002498,delivery_tracking,O00472,D066,2026-08-04 15:57:42,28.982065,77.669866,6.51,6.51,0,delivered,Meerut,Noida Sector 18
DE002499,delivery_tracking,O00473,D068,2026-08-12 10:36:40,28.964254,77.610391,7.17,0.0,13,picked_up,Meerut,Dwarka
DE002500,delivery_tracking,O00473,D068,2026-08-12 10:41:00,28.979982,77.621909,7.17,2.39,8,out_for_delivery,Meerut,Dwarka
DE002501,delivery_tracking,O00473,D068,2026-08-12 10:45:20,28.981858,77.625293,7.17,4.78,4,out_for_delivery,Meerut,Dwarka
DE002502,delivery_tracking,O00473,D068,2026-08-12 10:49:40,28.989764,77.623539,7.17,7.17,0,delivered,Meerut,Dwarka
DE002503,delivery_tracking,O00474,D003,2026-08-04 17:03:45,28.755365,77.125449,10.49,0.0,11,picked_up,Delhi NCR,Dwarka
DE002504,delivery_tracking,O00474,D003,2026-08-04 17:05:57,28.745254,77.138446,10.49,2.1,8,out_for_delivery,Delhi NCR,Dwarka
DE002505,delivery_tracking,O00474,D003,2026-08-04 17:08:09,28.746173,77.139749,10.49,4.2,6,out_for_delivery,Delhi NCR,Dwarka
DE002506,delivery_tracking,O00474,D003,2026-08-04 17:10:21,28.759864,77.134357,10.49,6.29,4,out_for_delivery,Delhi NCR,Dwarka
DE002507,delivery_tracking,O00474,D003,2026-08-04 17:12:33,28.759311,77.133715,10.49,8.39,2,out_for_delivery,Delhi NCR,Dwarka
DE002508,delivery_tracking,O00474,D003,2026-08-04 17:14:45,28.755275,77.150286,10.49,10.49,0,delivered,Delhi NCR,Dwarka
DE002509,delivery_tracking,O00475,D086,2026-08-02 17:46:19,28.646825,77.09514,5.36,0.0,8,picked_up,Delhi NCR,Dwarka
DE002510,delivery_tracking,O00475,D086,2026-08-02 17:47:55,28.652508,77.095326,5.36,1.07,6,out_for_delivery,Delhi NCR,Dwarka
DE002511,delivery_tracking,O00475,D086,2026-08-02 17:49:31,28.647425,77.095456,5.36,2.14,4,out_for_delivery,Delhi NCR,Dwarka
DE002512,delivery_tracking,O00475,D086,2026-08-02 17:51:07,28.649945,77.098427,5.36,3.22,3,out_for_delivery,Delhi NCR,Dwarka
DE002513,delivery_tracking,O00475,D086,2026-08-02 17:52:43,28.653344,77.10475,5.36,4.29,1,out_for_delivery,Delhi NCR,Dwarka
DE002514,delivery_tracking,O00475,D086,2026-08-02 17:54:19,28.65997,77.109021,5.36,5.36,0,delivered,Delhi NCR,Dwarka
DE002515,delivery_tracking,O00476,D046,2026-08-04 18:26:37,29.022417,77.603875,6.34,0.0,14,picked_up,Meerut,Saket
DE002516,delivery_tracking,O00476,D046,2026-08-04 18:31:17,29.027154,77.61752,6.34,2.11,9,out_for_delivery,Meerut,Saket
DE002517,delivery_tracking,O00476,D046,2026-08-04 18:35:57,29.024248,77.614238,6.34,4.23,4,out_for_delivery,Meerut,Saket
DE002518,delivery_tracking,O00476,D046,2026-08-04 18:40:37,29.033388,77.621363,6.34,6.34,0,delivered,Meerut,Saket
DE002519,delivery_tracking,O00477,D053,2026-08-14 11:04:04,28.997836,77.635655,10.9,0.0,19,picked_up,Meerut,Noida Sector 18
DE002520,delivery_tracking,O00477,D053,2026-08-14 11:10:24,29.01903,77.656903,10.9,3.63,12,out_for_delivery,Meerut,Noida Sector 18
DE002521,delivery_tracking,O00477,D053,2026-08-14 11:16:44,29.008211,77.644093,10.9,7.27,6,out_for_delivery,Meerut,Noida Sector 18
DE002522,delivery_tracking,O00477,D053,2026-08-14 11:23:04,29.028196,77.649198,10.9,10.9,0,delivered,Meerut,Noida Sector 18
DE002523,delivery_tracking,O00478,D032,2026-08-12 16:43:30,28.990304,77.629737,8.89,0.0,13,picked_up,Meerut,Rohini
DE002524,delivery_tracking,O00478,D032,2026-08-12 16:47:50,29.00995,77.64008,8.89,2.96,8,out_for_delivery,Meerut,Rohini
DE002525,delivery_tracking,O00478,D032,2026-08-12 16:52:10,29.011565,77.639164,8.89,5.93,4,out_for_delivery,Meerut,Rohini
DE002526,delivery_tracking,O00478,D032,2026-08-12 16:56:30,29.005957,77.638508,8.89,8.89,0,delivered,Meerut,Rohini
DE002527,delivery_tracking,O00479,D068,2026-08-08 16:13:01,28.963846,77.635691,2.87,0.0,21,picked_up,Meerut,Dwarka
DE002528,delivery_tracking,O00479,D068,2026-08-08 16:20:01,28.98091,77.639161,2.87,0.96,14,out_for_delivery,Meerut,Dwarka
DE002529,delivery_tracking,O00479,D068,2026-08-08 16:27:01,28.977881,77.637409,2.87,1.91,7,out_for_delivery,Meerut,Dwarka
DE002530,delivery_tracking,O00479,D068,2026-08-08 16:34:01,28.985147,77.646958,2.87,2.87,0,delivered,Meerut,Dwarka
DE002531,delivery_tracking,O00480,D081,2026-08-01 15:30:31,29.025513,77.669571,6.02,0.0,7,picked_up,Meerut,Gurugram Cyber City
DE002532,delivery_tracking,O00480,D081,2026-08-01 15:32:51,29.027919,77.688199,6.02,2.01,4,out_for_delivery,Meerut,Gurugram Cyber City
DE002533,delivery_tracking,O00480,D081,2026-08-01 15:35:11,29.026875,77.692933,6.02,4.01,2,out_for_delivery,Meerut,Gurugram Cyber City
DE002534,delivery_tracking,O00480,D081,2026-08-01 15:37:31,29.030653,77.683588,6.02,6.02,0,delivered,Meerut,Gurugram Cyber City
DE002535,delivery_tracking,O00481,D042,2026-08-12 13:34:11,29.020218,77.643636,7.66,0.0,12,picked_up,Meerut,Gurugram Cyber City
DE002536,delivery_tracking,O00481,D042,2026-08-12 13:37:11,29.028172,77.633516,7.66,1.92,9,out_for_delivery,Meerut,Gurugram Cyber City
DE002537,delivery_tracking,O00481,D042,2026-08-12 13:40:11,29.034557,77.633774,7.66,3.83,6,out_for_delivery,Meerut,Gurugram Cyber City
DE002538,delivery_tracking,O00481,D042,2026-08-12 13:43:11,29.025125,77.646298,7.66,5.75,3,out_for_delivery,Meerut,Gurugram Cyber City
DE002539,delivery_tracking,O00481,D042,2026-08-12 13:46:11,29.038671,77.658661,7.66,7.66,0,delivered,Meerut,Gurugram Cyber City
DE002540,delivery_tracking,O00482,D044,2026-08-05 13:52:55,29.005476,77.627073,9.38,0.0,18,picked_up,Meerut,Ganga Nagar
DE002541,delivery_tracking,O00482,D044,2026-08-05 13:58:55,29.005727,77.642412,9.38,3.13,12,out_for_delivery,Meerut,Ganga Nagar
DE002542,delivery_tracking,O00482,D044,2026-08-05 14:04:55,29.017513,77.652188,9.38,6.25,6,out_for_delivery,Meerut,Ganga Nagar
DE002543,delivery_tracking,O00482,D044,2026-08-05 14:10:55,29.014077,77.644758,9.38,9.38,0,delivered,Meerut,Ganga Nagar
DE002544,delivery_tracking,O00483,D058,2026-08-05 20:22:10,28.690997,77.185626,8.45,0.0,16,picked_up,Delhi NCR,Shastri Nagar
DE002545,delivery_tracking,O00483,D058,2026-08-05 20:24:50,28.694607,77.193352,8.45,1.41,13,out_for_delivery,Delhi NCR,Shastri Nagar
DE002546,delivery_tracking,O00483,D058,2026-08-05 20:27:30,28.705789,77.192917,8.45,2.82,10,out_for_delivery,Delhi NCR,Shastri Nagar
DE002547,delivery_tracking,O00483,D058,2026-08-05 20:30:10,28.708079,77.18562,8.45,4.22,8,out_for_delivery,Delhi NCR,Shastri Nagar
DE002548,delivery_tracking,O00483,D058,2026-08-05 20:32:50,28.710511,77.19107,8.45,5.63,5,out_for_delivery,Delhi NCR,Shastri Nagar
DE002549,delivery_tracking,O00483,D058,2026-08-05 20:35:30,28.71715,77.205428,8.45,7.04,2,out_for_delivery,Delhi NCR,Shastri Nagar
DE002550,delivery_tracking,O00483,D058,2026-08-05 20:38:10,28.715593,77.206028,8.45,8.45,0,delivered,Delhi NCR,Shastri Nagar
DE002551,delivery_tracking,O00484,D023,2026-08-04 11:38:53,29.032007,77.636982,5.81,0.0,12,picked_up,Meerut,Gurugram Cyber City
DE002552,delivery_tracking,O00484,D023,2026-08-04 11:40:53,29.030056,77.64817,5.81,0.97,10,out_for_delivery,Meerut,Gurugram Cyber City
DE002553,delivery_tracking,O00484,D023,2026-08-04 11:42:53,29.037041,77.636316,5.81,1.94,8,out_for_delivery,Meerut,Gurugram Cyber City
DE002554,delivery_tracking,O00484,D023,2026-08-04 11:44:53,29.03102,77.646571,5.81,2.9,6,out_for_delivery,Meerut,Gurugram Cyber City
DE002555,delivery_tracking,O00484,D023,2026-08-04 11:46:53,29.049096,77.6424,5.81,3.87,4,out_for_delivery,Meerut,Gurugram Cyber City
DE002556,delivery_tracking,O00484,D023,2026-08-04 11:48:53,29.043836,77.646854,5.81,4.84,2,out_for_delivery,Meerut,Gurugram Cyber City
DE002557,delivery_tracking,O00484,D023,2026-08-04 11:50:53,29.047453,77.660995,5.81,5.81,0,delivered,Meerut,Gurugram Cyber City
DE002558,delivery_tracking,O00485,D067,2026-08-03 21:20:35,28.992065,77.67318,8.09,0.0,15,picked_up,Meerut,Dwarka
DE002559,delivery_tracking,O00485,D067,2026-08-03 21:24:20,28.99858,77.6646,8.09,2.02,11,out_for_delivery,Meerut,Dwarka
DE002560,delivery_tracking,O00485,D067,2026-08-03 21:28:05,29.004659,77.667288,8.09,4.04,7,out_for_delivery,Meerut,Dwarka
DE002561,delivery_tracking,O00485,D067,2026-08-03 21:31:50,29.006202,77.680626,8.09,6.07,3,out_for_delivery,Meerut,Dwarka
DE002562,delivery_tracking,O00485,D067,2026-08-03 21:35:35,29.005835,77.685525,8.09,8.09,0,delivered,Meerut,Dwarka
DE002563,delivery_tracking,O00486,D028,2026-08-01 18:55:51,28.636729,77.075228,10.73,0.0,9,picked_up,Delhi NCR,Gurugram Cyber City
DE002564,delivery_tracking,O00486,D028,2026-08-01 18:57:39,28.640714,77.089883,10.73,2.15,7,out_for_delivery,Delhi NCR,Gurugram Cyber City
DE002565,delivery_tracking,O00486,D028,2026-08-01 18:59:27,28.642385,77.079075,10.73,4.29,5,out_for_delivery,Delhi NCR,Gurugram Cyber City
DE002566,delivery_tracking,O00486,D028,2026-08-01 19:01:15,28.643781,77.07881,10.73,6.44,3,out_for_delivery,Delhi NCR,Gurugram Cyber City
DE002567,delivery_tracking,O00486,D028,2026-08-01 19:03:03,28.645088,77.092068,10.73,8.58,1,out_for_delivery,Delhi NCR,Gurugram Cyber City
DE002568,delivery_tracking,O00486,D028,2026-08-01 19:04:51,28.646742,77.102937,10.73,10.73,0,delivered,Delhi NCR,Gurugram Cyber City
DE002569,delivery_tracking,O00487,D008,2026-08-02 16:39:12,28.573178,77.1724,1.83,0.0,18,picked_up,Delhi NCR,Noida Sector 18
DE002570,delivery_tracking,O00487,D008,2026-08-02 16:45:12,28.570084,77.186445,1.83,0.61,12,out_for_delivery,Delhi NCR,Noida Sector 18
DE002571,delivery_tracking,O00487,D008,2026-08-02 16:51:12,28.583279,77.186409,1.83,1.22,6,out_for_delivery,Delhi NCR,Noida Sector 18
DE002572,delivery_tracking,O00487,D008,2026-08-02 16:57:12,28.588458,77.199961,1.83,1.83,0,delivered,Delhi NCR,Noida Sector 18
DE002573,delivery_tracking,O00489,D058,2026-08-03 21:47:48,28.751779,77.158355,11.63,0.0,21,picked_up,Delhi NCR,Shastri Nagar
DE002574,delivery_tracking,O00489,D058,2026-08-03 21:54:48,28.749342,77.168564,11.63,3.88,14,out_for_delivery,Delhi NCR,Shastri Nagar
DE002575,delivery_tracking,O00489,D058,2026-08-03 22:01:48,28.757067,77.164427,11.63,7.75,7,out_for_delivery,Delhi NCR,Shastri Nagar
DE002576,delivery_tracking,O00489,D058,2026-08-03 22:08:48,28.755302,77.172138,11.63,11.63,0,delivered,Delhi NCR,Shastri Nagar
DE002577,delivery_tracking,O00490,D017,2026-08-06 16:07:59,28.572864,77.062584,10.8,0.0,7,picked_up,Delhi NCR,Rohini
DE002578,delivery_tracking,O00490,D017,2026-08-06 16:09:44,28.591611,77.068841,10.8,2.7,5,out_for_delivery,Delhi NCR,Rohini
DE002579,delivery_tracking,O00490,D017,2026-08-06 16:11:29,28.59062,77.081224,10.8,5.4,3,out_for_delivery,Delhi NCR,Rohini
DE002580,delivery_tracking,O00490,D017,2026-08-06 16:13:14,28.586752,77.081496,10.8,8.1,1,out_for_delivery,Delhi NCR,Rohini
DE002581,delivery_tracking,O00490,D017,2026-08-06 16:14:59,28.599323,77.082231,10.8,10.8,0,delivered,Delhi NCR,Rohini
DE002582,delivery_tracking,O00491,D028,2026-08-08 12:19:42,28.554108,77.223391,10.96,0.0,6,picked_up,Delhi NCR,Gurugram Cyber City
DE002583,delivery_tracking,O00491,D028,2026-08-08 12:20:42,28.55583,77.21009,10.96,1.83,5,out_for_delivery,Delhi NCR,Gurugram Cyber City
DE002584,delivery_tracking,O00491,D028,2026-08-08 12:21:42,28.558603,77.210525,10.96,3.65,4,out_for_delivery,Delhi NCR,Gurugram Cyber City
DE002585,delivery_tracking,O00491,D028,2026-08-08 12:22:42,28.565508,77.213158,10.96,5.48,3,out_for_delivery,Delhi NCR,Gurugram Cyber City
DE002586,delivery_tracking,O00491,D028,2026-08-08 12:23:42,28.561436,77.222756,10.96,7.31,2,out_for_delivery,Delhi NCR,Gurugram Cyber City
DE002587,delivery_tracking,O00491,D028,2026-08-08 12:24:42,28.576919,77.229338,10.96,9.13,1,out_for_delivery,Delhi NCR,Gurugram Cyber City
DE002588,delivery_tracking,O00491,D028,2026-08-08 12:25:42,28.567007,77.222225,10.96,10.96,0,delivered,Delhi NCR,Gurugram Cyber City
DE002589,delivery_tracking,O00492,D082,2026-08-02 18:21:52,28.983982,77.657019,7.37,0.0,15,picked_up,Meerut,Saket
DE002590,delivery_tracking,O00492,D082,2026-08-02 18:24:22,28.998331,77.668493,7.37,1.23,12,out_for_delivery,Meerut,Saket
DE002591,delivery_tracking,O00492,D082,2026-08-02 18:26:52,28.995092,77.671031,7.37,2.46,10,out_for_delivery,Meerut,Saket
DE002592,delivery_tracking,O00492,D082,2026-08-02 18:29:22,29.003766,77.659543,7.37,3.69,7,out_for_delivery,Meerut,Saket
DE002593,delivery_tracking,O00492,D082,2026-08-02 18:31:52,29.002935,77.664867,7.37,4.91,5,out_for_delivery,Meerut,Saket
DE002594,delivery_tracking,O00492,D082,2026-08-02 18:34:22,28.992388,77.665576,7.37,6.14,2,out_for_delivery,Meerut,Saket
DE002595,delivery_tracking,O00492,D082,2026-08-02 18:36:52,29.00931,77.682694,7.37,7.37,0,delivered,Meerut,Saket
DE002596,delivery_tracking,O00493,D090,2026-08-10 19:05:40,29.01633,77.59411,7.06,0.0,13,picked_up,Meerut,Ganga Nagar
DE002597,delivery_tracking,O00493,D090,2026-08-10 19:10:00,29.026986,77.599656,7.06,2.35,8,out_for_delivery,Meerut,Ganga Nagar
DE002598,delivery_tracking,O00493,D090,2026-08-10 19:14:20,29.023286,77.608223,7.06,4.71,4,out_for_delivery,Meerut,Ganga Nagar
DE002599,delivery_tracking,O00493,D090,2026-08-10 19:18:40,29.037286,77.607961,7.06,7.06,0,delivered,Meerut,Ganga Nagar
DE002600,delivery_tracking,O00494,D085,2026-08-06 11:12:21,28.565908,77.173502,8.56,0.0,13,picked_up,Delhi NCR,Saket
DE002601,delivery_tracking,O00494,D085,2026-08-06 11:14:57,28.57265,77.176221,8.56,1.71,10,out_for_delivery,Delhi NCR,Saket
DE002602,delivery_tracking,O00494,D085,2026-08-06 11:17:33,28.571701,77.170809,8.56,3.42,7,out_for_delivery,Delhi NCR,Saket
DE002603,delivery_tracking,O00494,D085,2026-08-06 11:20:09,28.577188,77.167828,8.56,5.14,5,out_for_delivery,Delhi NCR,Saket
DE002604,delivery_tracking,O00494,D085,2026-08-06 11:22:45,28.579019,77.176961,8.56,6.85,2,out_for_delivery,Delhi NCR,Saket
DE002605,delivery_tracking,O00494,D085,2026-08-06 11:25:21,28.585218,77.186485,8.56,8.56,0,delivered,Delhi NCR,Saket
DE002606,delivery_tracking,O00495,D017,2026-08-01 16:18:02,28.62049,77.192756,2.67,0.0,18,picked_up,Delhi NCR,Rohini
DE002607,delivery_tracking,O00495,D017,2026-08-01 16:24:02,28.621581,77.202999,2.67,0.89,12,out_for_delivery,Delhi NCR,Rohini
DE002608,delivery_tracking,O00495,D017,2026-08-01 16:30:02,28.626702,77.21329,2.67,1.78,6,out_for_delivery,Delhi NCR,Rohini
DE002609,delivery_tracking,O00495,D017,2026-08-01 16:36:02,28.640803,77.215991,2.67,2.67,0,delivered,Delhi NCR,Rohini
DE002610,delivery_tracking,O00496,D046,2026-08-03 14:15:34,29.02698,77.605722,4.31,0.0,20,picked_up,Meerut,Saket
DE002611,delivery_tracking,O00496,D046,2026-08-03 14:18:54,29.027271,77.600577,4.31,0.72,16,out_for_delivery,Meerut,Saket
DE002612,delivery_tracking,O00496,D046,2026-08-03 14:22:14,29.034555,77.618385,4.31,1.44,13,out_for_delivery,Meerut,Saket
DE002613,delivery_tracking,O00496,D046,2026-08-03 14:25:34,29.034698,77.616949,4.31,2.15,10,out_for_delivery,Meerut,Saket
DE002614,delivery_tracking,O00496,D046,2026-08-03 14:28:54,29.03016,77.62176,4.31,2.87,6,out_for_delivery,Meerut,Saket
DE002615,delivery_tracking,O00496,D046,2026-08-03 14:32:14,29.035984,77.619115,4.31,3.59,3,out_for_delivery,Meerut,Saket
DE002616,delivery_tracking,O00496,D046,2026-08-03 14:35:34,29.04196,77.625074,4.31,4.31,0,delivered,Meerut,Saket
DE002617,delivery_tracking,O00497,D069,2026-08-06 20:53:00,29.008309,77.638894,5.5,0.0,15,picked_up,Meerut,Saket
DE002618,delivery_tracking,O00497,D069,2026-08-06 20:58:00,29.017844,77.644054,5.5,1.83,10,out_for_delivery,Meerut,Saket
DE002619,delivery_tracking,O00497,D069,2026-08-06 21:03:00,29.019778,77.662585,5.5,3.67,5,out_for_delivery,Meerut,Saket
DE002620,delivery_tracking,O00497,D069,2026-08-06 21:08:00,29.015215,77.654187,5.5,5.5,0,delivered,Meerut,Saket
DE002621,delivery_tracking,O00498,D059,2026-08-10 16:33:08,29.020489,77.660316,9.55,0.0,22,picked_up,Meerut,Saket
DE002622,delivery_tracking,O00498,D059,2026-08-10 16:38:38,29.026122,77.67865,9.55,2.39,16,out_for_delivery,Meerut,Saket
DE002623,delivery_tracking,O00498,D059,2026-08-10 16:44:08,29.029354,77.670728,9.55,4.78,11,out_for_delivery,Meerut,Saket
DE002624,delivery_tracking,O00498,D059,2026-08-10 16:49:38,29.017701,77.669267,9.55,7.16,5,out_for_delivery,Meerut,Saket
DE002625,delivery_tracking,O00498,D059,2026-08-10 16:55:08,29.031773,77.677982,9.55,9.55,0,delivered,Meerut,Saket
DE002626,delivery_tracking,O00499,D044,2026-08-12 17:34:58,29.006114,77.606002,5.08,0.0,10,picked_up,Meerut,Ganga Nagar
DE002627,delivery_tracking,O00499,D044,2026-08-12 17:38:18,29.007231,77.62221,5.08,1.69,6,out_for_delivery,Meerut,Ganga Nagar
DE002628,delivery_tracking,O00499,D044,2026-08-12 17:41:38,29.014708,77.613435,5.08,3.39,3,out_for_delivery,Meerut,Ganga Nagar
DE002629,delivery_tracking,O00499,D044,2026-08-12 17:44:58,29.017641,77.63018,5.08,5.08,0,delivered,Meerut,Ganga Nagar
