event_id,event_type,order_id,customer_id,restaurant_id,restaurant_name,city,zone,cuisine,item_count,order_value,payment_mode,order_status,status_timestamp,restaurant_preparation_time_min
OE000001,order_lifecycle,O00001,C0345,R054,Cafe Kitchen 54,Meerut,Noida Sector 18,Cafe,4,567.46,Cash,placed,2026-08-07 18:24:52,34
OE000002,order_lifecycle,O00001,C0345,R054,Cafe Kitchen 54,Meerut,Noida Sector 18,Cafe,4,567.46,Cash,accepted,2026-08-07 18:29:52,34
OE000003,order_lifecycle,O00001,C0345,R054,Cafe Kitchen 54,Meerut,Noida Sector 18,Cafe,4,567.46,Cash,preparing,2026-08-07 18:32:52,34
OE000004,order_lifecycle,O00001,C0345,R054,Cafe Kitchen 54,Meerut,Noida Sector 18,Cafe,4,567.46,Cash,picked_up,2026-08-07 18:34:52,34
OE000005,order_lifecycle,O00001,C0345,R054,Cafe Kitchen 54,Meerut,Noida Sector 18,Cafe,4,567.46,Cash,out_for_delivery,2026-08-07 18:46:52,34
OE000006,order_lifecycle,O00001,C0345,R054,Cafe Kitchen 54,Meerut,Noida Sector 18,Cafe,4,567.46,Cash,delivered,2026-08-07 18:54:52,34
OE000007,order_lifecycle,O00002,C0112,R056,Pizza Kitchen 56,Meerut,Gurugram Cyber City,Pizza,5,574.66,Cash,placed,2026-08-01 12:32:18,14
OE000008,order_lifecycle,O00002,C0112,R056,Pizza Kitchen 56,Meerut,Gurugram Cyber City,Pizza,5,574.66,Cash,accepted,2026-08-01 12:44:18,14
OE000009,order_lifecycle,O00002,C0112,R056,Pizza Kitchen 56,Meerut,Gurugram Cyber City,Pizza,5,574.66,Cash,preparing,2026-08-01 12:51:18,14
OE000010,order_lifecycle,O00002,C0112,R056,Pizza Kitchen 56,Meerut,Gurugram Cyber City,Pizza,5,574.66,Cash,picked_up,2026-08-01 12:56:18,14
OE000011,order_lifecycle,O00002,C0112,R056,Pizza Kitchen 56,Meerut,Gurugram Cyber City,Pizza,5,574.66,Cash,out_for_delivery,2026-08-01 13:02:18,14
OE000012,order_lifecycle,O00002,C0112,R056,Pizza Kitchen 56,Meerut,Gurugram Cyber City,Pizza,5,574.66,Cash,delivered,2026-08-01 13:06:18,14
OE000013,order_lifecycle,O00003,C0193,R021,Momos Kitchen 21,Delhi NCR,Shastri Nagar,Momos,2,560.55,Wallet,placed,2026-08-09 17:15:54,26
OE000014,order_lifecycle,O00003,C0193,R021,Momos Kitchen 21,Delhi NCR,Shastri Nagar,Momos,2,560.55,Wallet,accepted,2026-08-09 17:25:54,26
OE000015,order_lifecycle,O00003,C0193,R021,Momos Kitchen 21,Delhi NCR,Shastri Nagar,Momos,2,560.55,Wallet,preparing,2026-08-09 17:33:54,26
OE000016,order_lifecycle,O00003,C0193,R021,Momos Kitchen 21,Delhi NCR,Shastri Nagar,Momos,2,560.55,Wallet,picked_up,2026-08-09 17:41:54,26
OE000017,order_lifecycle,O00003,C0193,R021,Momos Kitchen 21,Delhi NCR,Shastri Nagar,Momos,2,560.55,Wallet,out_for_delivery,2026-08-09 17:51:54,26
OE000018,order_lifecycle,O00003,C0193,R021,Momos Kitchen 21,Delhi NCR,Shastri Nagar,Momos,2,560.55,Wallet,delivered,2026-08-09 18:01:54,26
OE000019,order_lifecycle,O00004,C0171,R037,South Indian Kitchen 37,Delhi NCR,Noida Sector 18,South Indian,4,1395.01,Card,placed,2026-08-04 13:47:07,18
OE000020,order_lifecycle,O00004,C0171,R037,South Indian Kitchen 37,Delhi NCR,Noida Sector 18,South Indian,4,1395.01,Card,accepted,2026-08-04 13:52:07,18
OE000021,order_lifecycle,O00004,C0171,R037,South Indian Kitchen 37,Delhi NCR,Noida Sector 18,South Indian,4,1395.01,Card,preparing,2026-08-04 14:00:07,18
OE000022,order_lifecycle,O00004,C0171,R037,South Indian Kitchen 37,Delhi NCR,Noida Sector 18,South Indian,4,1395.01,Card,picked_up,2026-08-04 14:05:07,18
OE000023,order_lifecycle,O00004,C0171,R037,South Indian Kitchen 37,Delhi NCR,Noida Sector 18,South Indian,4,1395.01,Card,out_for_delivery,2026-08-04 14:15:07,18
OE000024,order_lifecycle,O00004,C0171,R037,South Indian Kitchen 37,Delhi NCR,Noida Sector 18,South Indian,4,1395.01,Card,delivered,2026-08-04 14:22:07,18
OE000025,order_lifecycle,O00005,C0009,R018,Healthy Kitchen 18,Meerut,Shastri Nagar,Healthy,2,672.31,Cash,placed,2026-08-10 19:46:26,24
OE000026,order_lifecycle,O00005,C0009,R018,Healthy Kitchen 18,Meerut,Shastri Nagar,Healthy,2,672.31,Cash,accepted,2026-08-10 19:57:26,24
OE000027,order_lifecycle,O00005,C0009,R018,Healthy Kitchen 18,Meerut,Shastri Nagar,Healthy,2,672.31,Cash,preparing,2026-08-10 20:02:26,24
OE000028,order_lifecycle,O00005,C0009,R018,Healthy Kitchen 18,Meerut,Shastri Nagar,Healthy,2,672.31,Cash,picked_up,2026-08-10 20:11:26,24
OE000029,order_lifecycle,O00005,C0009,R018,Healthy Kitchen 18,Meerut,Shastri Nagar,Healthy,2,672.31,Cash,out_for_delivery,2026-08-10 20:21:26,24
OE000030,order_lifecycle,O00005,C0009,R018,Healthy Kitchen 18,Meerut,Shastri Nagar,Healthy,2,672.31,Cash,delivered,2026-08-10 20:33:26,24
OE000031,order_lifecycle,O00006,C0004,R031,Pizza Kitchen 31,Meerut,Saket,Pizza,1,1331.47,Card,placed,2026-08-14 20:14:04,35
OE000032,order_lifecycle,O00006,C0004,R031,Pizza Kitchen 31,Meerut,Saket,Pizza,1,1331.47,Card,accepted,2026-08-14 20:21:04,35
OE000033,order_lifecycle,O00006,C0004,R031,Pizza Kitchen 31,Meerut,Saket,Pizza,1,1331.47,Card,preparing,2026-08-14 20:23:04,35
OE000034,order_lifecycle,O00006,C0004,R031,Pizza Kitchen 31,Meerut,Saket,Pizza,1,1331.47,Card,picked_up,2026-08-14 20:34:04,35
OE000035,order_lifecycle,O00006,C0004,R031,Pizza Kitchen 31,Meerut,Saket,Pizza,1,1331.47,Card,out_for_delivery,2026-08-14 20:46:04,35
OE000036,order_lifecycle,O00006,C0004,R031,Pizza Kitchen 31,Meerut,Saket,Pizza,1,1331.47,Card,delivered,2026-08-14 20:58:04,35
OE000037,order_lifecycle,O00007,C0418,R041,North Indian Kitchen 41,Delhi NCR,Connaught Place,North Indian,4,1734.88,Card,placed,2026-08-13 16:05:23,22
OE000038,order_lifecycle,O00007,C0418,R041,North Indian Kitchen 41,Delhi NCR,Connaught Place,North Indian,4,1734.88,Card,accepted,2026-08-13 16:10:23,22
OE000039,order_lifecycle,O00007,C0418,R041,North Indian Kitchen 41,Delhi NCR,Connaught Place,North Indian,4,1734.88,Card,preparing,2026-08-13 16:16:23,22
OE000040,order_lifecycle,O00007,C0418,R041,North Indian Kitchen 41,Delhi NCR,Connaught Place,North Indian,4,1734.88,Card,picked_up,2026-08-13 16:28:23,22
OE000041,order_lifecycle,O00007,C0418,R041,North Indian Kitchen 41,Delhi NCR,Connaught Place,North Indian,4,1734.88,Card,out_for_delivery,2026-08-13 16:31:23,22
OE000042,order_lifecycle,O00007,C0418,R041,North Indian Kitchen 41,Delhi NCR,Connaught Place,North Indian,4,1734.88,Card,delivered,2026-08-13 16:43:23,22
OE000043,order_lifecycle,O00008,C0455,R043,Chinese Kitchen 43,Meerut,Dwarka,Chinese,3,1295.09,UPI,placed,2026-08-05 10:59:04,19
OE000044,order_lifecycle,O00008,C0455,R043,Chinese Kitchen 43,Meerut,Dwarka,Chinese,3,1295.09,UPI,accepted,2026-08-05 11:06:04,19
OE000045,order_lifecycle,O00008,C0455,R043,Chinese Kitchen 43,Meerut,Dwarka,Chinese,3,1295.09,UPI,preparing,2026-08-05 11:08:04,19
OE000046,order_lifecycle,O00008,C0455,R043,Chinese Kitchen 43,Meerut,Dwarka,Chinese,3,1295.09,UPI,picked_up,2026-08-05 11:13:04,19
OE000047,order_lifecycle,O00008,C0455,R043,Chinese Kitchen 43,Meerut,Dwarka,Chinese,3,1295.09,UPI,out_for_delivery,2026-08-05 11:24:04,19
OE000048,order_lifecycle,O00008,C0455,R043,Chinese Kitchen 43,Meerut,Dwarka,Chinese,3,1295.09,UPI,delivered,2026-08-05 11:28:04,19
OE000049,order_lifecycle,O00009,C0382,R041,North Indian Kitchen 41,Delhi NCR,Connaught Place,North Indian,5,321.63,Wallet,placed,2026-08-02 16:14:53,22
OE000050,order_lifecycle,O00009,C0382,R041,North Indian Kitchen 41,Delhi NCR,Connaught Place,North Indian,5,321.63,Wallet,accepted,2026-08-02 16:21:53,22
OE000051,order_lifecycle,O00009,C0382,R041,North Indian Kitchen 41,Delhi NCR,Connaught Place,North Indian,5,321.63,Wallet,preparing,2026-08-02 16:23:53,22
OE000052,order_lifecycle,O00009,C0382,R041,North Indian Kitchen 41,Delhi NCR,Connaught Place,North Indian,5,321.63,Wallet,picked_up,2026-08-02 16:35:53,22
OE000053,order_lifecycle,O00009,C0382,R041,North Indian Kitchen 41,Delhi NCR,Connaught Place,North Indian,5,321.63,Wallet,out_for_delivery,2026-08-02 16:41:53,22
OE000054,order_lifecycle,O00009,C0382,R041,North Indian Kitchen 41,Delhi NCR,Connaught Place,North Indian,5,321.63,Wallet,delivered,2026-08-02 16:50:53,22
OE000055,order_lifecycle,O00010,C0139,R014,Pizza Kitchen 14,Delhi NCR,Gurugram Cyber City,Pizza,5,1091.18,Wallet,placed,2026-08-02 12:27:28,13
OE000056,order_lifecycle,O00010,C0139,R014,Pizza Kitchen 14,Delhi NCR,Gurugram Cyber City,Pizza,5,1091.18,Wallet,accepted,2026-08-02 12:30:28,13
OE000057,order_lifecycle,O00010,C0139,R014,Pizza Kitchen 14,Delhi NCR,Gurugram Cyber City,Pizza,5,1091.18,Wallet,preparing,2026-08-02 12:37:28,13
OE000058,order_lifecycle,O00010,C0139,R014,Pizza Kitchen 14,Delhi NCR,Gurugram Cyber City,Pizza,5,1091.18,Wallet,picked_up,2026-08-02 12:47:28,13
OE000059,order_lifecycle,O00010,C0139,R014,Pizza Kitchen 14,Delhi NCR,Gurugram Cyber City,Pizza,5,1091.18,Wallet,out_for_delivery,2026-08-02 12:50:28,13
OE000060,order_lifecycle,O00010,C0139,R014,Pizza Kitchen 14,Delhi NCR,Gurugram Cyber City,Pizza,5,1091.18,Wallet,delivered,2026-08-02 13:01:28,13
OE000061,order_lifecycle,O00011,C0401,R008,Desserts Kitchen 08,Delhi NCR,Shastri Nagar,Desserts,5,993.28,Card,placed,2026-08-05 13:46:40,21
OE000062,order_lifecycle,O00011,C0401,R008,Desserts Kitchen 08,Delhi NCR,Shastri Nagar,Desserts,5,993.28,Card,accepted,2026-08-05 13:50:40,21
OE000063,order_lifecycle,O00011,C0401,R008,Desserts Kitchen 08,Delhi NCR,Shastri Nagar,Desserts,5,993.28,Card,preparing,2026-08-05 13:56:40,21
OE000064,order_lifecycle,O00011,C0401,R008,Desserts Kitchen 08,Delhi NCR,Shastri Nagar,Desserts,5,993.28,Card,picked_up,2026-08-05 13:58:40,21
OE000065,order_lifecycle,O00011,C0401,R008,Desserts Kitchen 08,Delhi NCR,Shastri Nagar,Desserts,5,993.28,Card,out_for_delivery,2026-08-05 14:06:40,21
OE000066,order_lifecycle,O00011,C0401,R008,Desserts Kitchen 08,Delhi NCR,Shastri Nagar,Desserts,5,993.28,Card,delivered,2026-08-05 14:13:40,21
OE000067,order_lifecycle,O00012,C0125,R038,Healthy Kitchen 38,Delhi NCR,Ganga Nagar,Healthy,2,1691.31,Card,placed,2026-08-05 16:23:07,27
OE000068,order_lifecycle,O00012,C0125,R038,Healthy Kitchen 38,Delhi NCR,Ganga Nagar,Healthy,2,1691.31,Card,accepted,2026-08-05 16:33:07,27
OE000069,order_lifecycle,O00012,C0125,R038,Healthy Kitchen 38,Delhi NCR,Ganga Nagar,Healthy,2,1691.31,Card,preparing,2026-08-05 16:35:07,27
OE000070,order_lifecycle,O00012,C0125,R038,Healthy Kitchen 38,Delhi NCR,Ganga Nagar,Healthy,2,1691.31,Card,picked_up,2026-08-05 16:44:07,27
OE000071,order_lifecycle,O00012,C0125,R038,Healthy Kitchen 38,Delhi NCR,Ganga Nagar,Healthy,2,1691.31,Card,out_for_delivery,2026-08-05 16:49:07,27
OE000072,order_lifecycle,O00012,C0125,R038,Healthy Kitchen 38,Delhi NCR,Ganga Nagar,Healthy,2,1691.31,Card,delivered,2026-08-05 16:58:07,27
OE000073,order_lifecycle,O00013,C0019,R042,South Indian Kitchen 42,Delhi NCR,Saket,South Indian,1,1663.04,Card,placed,2026-08-13 18:38:40,26
OE000074,order_lifecycle,O00013,C0019,R042,South Indian Kitchen 42,Delhi NCR,Saket,South Indian,1,1663.04,Card,accepted,2026-08-13 18:45:40,26
OE000075,order_lifecycle,O00013,C0019,R042,South Indian Kitchen 42,Delhi NCR,Saket,South Indian,1,1663.04,Card,preparing,2026-08-13 18:49:40,26
OE000076,order_lifecycle,O00013,C0019,R042,South Indian Kitchen 42,Delhi NCR,Saket,South Indian,1,1663.04,Card,picked_up,2026-08-13 19:01:40,26
OE000077,order_lifecycle,O00013,C0019,R042,South Indian Kitchen 42,Delhi NCR,Saket,South Indian,1,1663.04,Card,out_for_delivery,2026-08-13 19:12:40,26
OE000078,order_lifecycle,O00013,C0019,R042,South Indian Kitchen 42,Delhi NCR,Saket,South Indian,1,1663.04,Card,delivered,2026-08-13 19:14:40,26
OE000079,order_lifecycle,O00014,C0257,R019,Burgers Kitchen 19,Delhi NCR,Dwarka,Burgers,1,865.56,UPI,placed,2026-08-01 17:06:18,14
OE000080,order_lifecycle,O00014,C0257,R019,Burgers Kitchen 19,Delhi NCR,Dwarka,Burgers,1,865.56,UPI,accepted,2026-08-01 17:10:18,14
OE000081,order_lifecycle,O00014,C0257,R019,Burgers Kitchen 19,Delhi NCR,Dwarka,Burgers,1,865.56,UPI,preparing,2026-08-01 17:17:18,14
OE000082,order_lifecycle,O00014,C0257,R019,Burgers Kitchen 19,Delhi NCR,Dwarka,Burgers,1,865.56,UPI,picked_up,2026-08-01 17:23:18,14
OE000083,order_lifecycle,O00014,C0257,R019,Burgers Kitchen 19,Delhi NCR,Dwarka,Burgers,1,865.56,UPI,out_for_delivery,2026-08-01 17:30:18,14
OE000084,order_lifecycle,O00014,C0257,R019,Burgers Kitchen 19,Delhi NCR,Dwarka,Burgers,1,865.56,UPI,delivered,2026-08-01 17:39:18,14
OE000085,order_lifecycle,O00015,C0119,R057,North Indian Kitchen 57,Meerut,Rohini,North Indian,4,1251.69,UPI,placed,2026-08-11 12:11:40,18
OE000086,order_lifecycle,O00015,C0119,R057,North Indian Kitchen 57,Meerut,Rohini,North Indian,4,1251.69,UPI,accepted,2026-08-11 12:16:40,18
OE000087,order_lifecycle,O00015,C0119,R057,North Indian Kitchen 57,Meerut,Rohini,North Indian,4,1251.69,UPI,preparing,2026-08-11 12:25:40,18
OE000088,order_lifecycle,O00015,C0119,R057,North Indian Kitchen 57,Meerut,Rohini,North Indian,4,1251.69,UPI,picked_up,2026-08-11 12:36:40,18
OE000089,order_lifecycle,O00015,C0119,R057,North Indian Kitchen 57,Meerut,Rohini,North Indian,4,1251.69,UPI,out_for_delivery,2026-08-11 12:44:40,18
OE000090,order_lifecycle,O00015,C0119,R057,North Indian Kitchen 57,Meerut,Rohini,North Indian,4,1251.69,UPI,delivered,2026-08-11 12:52:40,18
OE000091,order_lifecycle,O00016,C0495,R048,Pizza Kitchen 48,Meerut,Ganga Nagar,Pizza,3,1139.21,Cash,placed,2026-08-10 16:39:25,21
OE000092,order_lifecycle,O00016,C0495,R048,Pizza Kitchen 48,Meerut,Ganga Nagar,Pizza,3,1139.21,Cash,accepted,2026-08-10 16:50:25,21
OE000093,order_lifecycle,O00016,C0495,R048,Pizza Kitchen 48,Meerut,Ganga Nagar,Pizza,3,1139.21,Cash,preparing,2026-08-10 16:54:25,21
OE000094,order_lifecycle,O00016,C0495,R048,Pizza Kitchen 48,Meerut,Ganga Nagar,Pizza,3,1139.21,Cash,picked_up,2026-08-10 17:06:25,21
OE000095,order_lifecycle,O00016,C0495,R048,Pizza Kitchen 48,Meerut,Ganga Nagar,Pizza,3,1139.21,Cash,out_for_delivery,2026-08-10 17:12:25,21
OE000096,order_lifecycle,O00016,C0495,R048,Pizza Kitchen 48,Meerut,Ganga Nagar,Pizza,3,1139.21,Cash,delivered,2026-08-10 17:23:25,21
OE000097,order_lifecycle,O00017,C0356,R021,Momos Kitchen 21,Delhi NCR,Shastri Nagar,Momos,4,499.36,UPI,placed,2026-08-03 17:18:08,26
OE000098,order_lifecycle,O00017,C0356,R021,Momos Kitchen 21,Delhi NCR,Shastri Nagar,Momos,4,499.36,UPI,accepted,2026-08-03 17:20:08,26
OE000099,order_lifecycle,O00017,C0356,R021,Momos Kitchen 21,Delhi NCR,Shastri Nagar,Momos,4,499.36,UPI,preparing,2026-08-03 17:29:08,26
OE000100,order_lifecycle,O00017,C0356,R021,Momos Kitchen 21,Delhi NCR,Shastri Nagar,Momos,4,499.36,UPI,picked_up,2026-08-03 17:33:08,26
OE000101,order_lifecycle,O00017,C0356,R021,Momos Kitchen 21,Delhi NCR,Shastri Nagar,Momos,4,499.36,UPI,out_for_delivery,2026-08-03 17:38:08,26
OE000102,order_lifecycle,O00017,C0356,R021,Momos Kitchen 21,Delhi NCR,Shastri Nagar,Momos,4,499.36,UPI,delivered,2026-08-03 17:46:08,26
OE000103,order_lifecycle,O00018,C0294,R009,Cafe Kitchen 09,Meerut,Saket,Cafe,1,1067.27,Wallet,placed,2026-08-13 18:52:23,13
OE000104,order_lifecycle,O00018,C0294,R009,Cafe Kitchen 09,Meerut,Saket,Cafe,1,1067.27,Wallet,accepted,2026-08-13 19:00:23,13
OE000105,order_lifecycle,O00018,C0294,R009,Cafe Kitchen 09,Meerut,Saket,Cafe,1,1067.27,Wallet,preparing,2026-08-13 19:03:23,13
OE000106,order_lifecycle,O00018,C0294,R009,Cafe Kitchen 09,Meerut,Saket,Cafe,1,1067.27,Wallet,picked_up,2026-08-13 19:15:23,13
OE000107,order_lifecycle,O00018,C0294,R009,Cafe Kitchen 09,Meerut,Saket,Cafe,1,1067.27,Wallet,out_for_delivery,2026-08-13 19:20:23,13
OE000108,order_lifecycle,O00018,C0294,R009,Cafe Kitchen 09,Meerut,Saket,Cafe,1,1067.27,Wallet,delivered,2026-08-13 19:26:23,13
OE000109,order_lifecycle,O00019,C0324,R031,Pizza Kitchen 31,Meerut,Saket,Pizza,1,1501.65,Cash,placed,2026-08-10 12:50:13,35
OE000110,order_lifecycle,O00019,C0324,R031,Pizza Kitchen 31,Meerut,Saket,Pizza,1,1501.65,Cash,accepted,2026-08-10 13:01:13,35
OE000111,order_lifecycle,O00019,C0324,R031,Pizza Kitchen 31,Meerut,Saket,Pizza,1,1501.65,Cash,preparing,2026-08-10 13:11:13,35
OE000112,order_lifecycle,O00019,C0324,R031,Pizza Kitchen 31,Meerut,Saket,Pizza,1,1501.65,Cash,picked_up,2026-08-10 13:15:13,35
OE000113,order_lifecycle,O00019,C0324,R031,Pizza Kitchen 31,Meerut,Saket,Pizza,1,1501.65,Cash,out_for_delivery,2026-08-10 13:22:13,35
OE000114,order_lifecycle,O00019,C0324,R031,Pizza Kitchen 31,Meerut,Saket,Pizza,1,1501.65,Cash,delivered,2026-08-10 13:28:13,35
OE000115,order_lifecycle,O00020,C0075,R052,Biryani Kitchen 52,Meerut,Rohini,Biryani,4,1281.98,Card,placed,2026-08-14 13:48:53,30
OE000116,order_lifecycle,O00020,C0075,R052,Biryani Kitchen 52,Meerut,Rohini,Biryani,4,1281.98,Card,accepted,2026-08-14 13:54:53,30
OE000117,order_lifecycle,O00020,C0075,R052,Biryani Kitchen 52,Meerut,Rohini,Biryani,4,1281.98,Card,preparing,2026-08-14 14:06:53,30
OE000118,order_lifecycle,O00020,C0075,R052,Biryani Kitchen 52,Meerut,Rohini,Biryani,4,1281.98,Card,picked_up,2026-08-14 14:14:53,30
OE000119,order_lifecycle,O00020,C0075,R052,Biryani Kitchen 52,Meerut,Rohini,Biryani,4,1281.98,Card,out_for_delivery,2026-08-14 14:22:53,30
OE000120,order_lifecycle,O00020,C0075,R052,Biryani Kitchen 52,Meerut,Rohini,Biryani,4,1281.98,Card,delivered,2026-08-14 14:31:53,30
OE000121,order_lifecycle,O00021,C0408,R046,Desserts Kitchen 46,Delhi NCR,Shastri Nagar,Desserts,3,716.58,Cash,placed,2026-08-07 13:31:17,17
OE000122,order_lifecycle,O00021,C0408,R046,Desserts Kitchen 46,Delhi NCR,Shastri Nagar,Desserts,3,716.58,Cash,accepted,2026-08-07 13:35:17,17
OE000123,order_lifecycle,O00021,C0408,R046,Desserts Kitchen 46,Delhi NCR,Shastri Nagar,Desserts,3,716.58,Cash,preparing,2026-08-07 13:46:17,17
OE000124,order_lifecycle,O00021,C0408,R046,Desserts Kitchen 46,Delhi NCR,Shastri Nagar,Desserts,3,716.58,Cash,picked_up,2026-08-07 13:55:17,17
OE000125,order_lifecycle,O00021,C0408,R046,Desserts Kitchen 46,Delhi NCR,Shastri Nagar,Desserts,3,716.58,Cash,out_for_delivery,2026-08-07 14:02:17,17
OE000126,order_lifecycle,O00021,C0408,R046,Desserts Kitchen 46,Delhi NCR,Shastri Nagar,Desserts,3,716.58,Cash,delivered,2026-08-07 14:14:17,17
OE000127,order_lifecycle,O00022,C0333,R022,Healthy Kitchen 22,Meerut,Connaught Place,Healthy,1,776.7,Cash,placed,2026-08-14 14:05:41,15
OE000128,order_lifecycle,O00022,C0333,R022,Healthy Kitchen 22,Meerut,Connaught Place,Healthy,1,776.7,Cash,accepted,2026-08-14 14:17:41,15
OE000129,order_lifecycle,O00022,C0333,R022,Healthy Kitchen 22,Meerut,Connaught Place,Healthy,1,776.7,Cash,preparing,2026-08-14 14:21:41,15
OE000130,order_lifecycle,O00022,C0333,R022,Healthy Kitchen 22,Meerut,Connaught Place,Healthy,1,776.7,Cash,picked_up,2026-08-14 14:23:41,15
OE000131,order_lifecycle,O00022,C0333,R022,Healthy Kitchen 22,Meerut,Connaught Place,Healthy,1,776.7,Cash,out_for_delivery,2026-08-14 14:31:41,15
OE000132,order_lifecycle,O00022,C0333,R022,Healthy Kitchen 22,Meerut,Connaught Place,Healthy,1,776.7,Cash,delivered,2026-08-14 14:43:41,15
OE000133,order_lifecycle,O00023,C0441,R031,Pizza Kitchen 31,Meerut,Saket,Pizza,1,812.91,UPI,placed,2026-08-03 17:04:14,35
OE000134,order_lifecycle,O00023,C0441,R031,Pizza Kitchen 31,Meerut,Saket,Pizza,1,812.91,UPI,accepted,2026-08-03 17:10:14,35
OE000135,order_lifecycle,O00023,C0441,R031,Pizza Kitchen 31,Meerut,Saket,Pizza,1,812.91,UPI,preparing,2026-08-03 17:14:14,35
OE000136,order_lifecycle,O00023,C0441,R031,Pizza Kitchen 31,Meerut,Saket,Pizza,1,812.91,UPI,picked_up,2026-08-03 17:22:14,35
OE000137,order_lifecycle,O00023,C0441,R031,Pizza Kitchen 31,Meerut,Saket,Pizza,1,812.91,UPI,out_for_delivery,2026-08-03 17:26:14,35
OE000138,order_lifecycle,O00023,C0441,R031,Pizza Kitchen 31,Meerut,Saket,Pizza,1,812.91,UPI,delivered,2026-08-03 17:38:14,35
OE000139,order_lifecycle,O00024,C0302,R054,Cafe Kitchen 54,Meerut,Noida Sector 18,Cafe,3,423.73,UPI,placed,2026-08-06 16:20:50,34
OE000140,order_lifecycle,O00024,C0302,R054,Cafe Kitchen 54,Meerut,Noida Sector 18,Cafe,3,423.73,UPI,accepted,2026-08-06 16:31:50,34
OE000141,order_lifecycle,O00024,C0302,R054,Cafe Kitchen 54,Meerut,Noida Sector 18,Cafe,3,423.73,UPI,preparing,2026-08-06 16:42:50,34
OE000142,order_lifecycle,O00024,C0302,R054,Cafe Kitchen 54,Meerut,Noida Sector 18,Cafe,3,423.73,UPI,picked_up,2026-08-06 16:53:50,34
OE000143,order_lifecycle,O00024,C0302,R054,Cafe Kitchen 54,Meerut,Noida Sector 18,Cafe,3,423.73,UPI,out_for_delivery,2026-08-06 16:59:50,34
OE000144,order_lifecycle,O00024,C0302,R054,Cafe Kitchen 54,Meerut,Noida Sector 18,Cafe,3,423.73,UPI,delivered,2026-08-06 17:01:50,34
OE000145,order_lifecycle,O00025,C0007,R024,Chinese Kitchen 24,Meerut,Connaught Place,Chinese,3,1109.41,Card,placed,2026-08-03 16:55:53,35
OE000146,order_lifecycle,O00025,C0007,R024,Chinese Kitchen 24,Meerut,Connaught Place,Chinese,3,1109.41,Card,accepted,2026-08-03 16:58:53,35
OE000147,order_lifecycle,O00025,C0007,R024,Chinese Kitchen 24,Meerut,Connaught Place,Chinese,3,1109.41,Card,preparing,2026-08-03 17:00:53,35
OE000148,order_lifecycle,O00025,C0007,R024,Chinese Kitchen 24,Meerut,Connaught Place,Chinese,3,1109.41,Card,picked_up,2026-08-03 17:11:53,35
OE000149,order_lifecycle,O00025,C0007,R024,Chinese Kitchen 24,Meerut,Connaught Place,Chinese,3,1109.41,Card,out_for_delivery,2026-08-03 17:14:53,35
OE000150,order_lifecycle,O00025,C0007,R024,Chinese Kitchen 24,Meerut,Connaught Place,Chinese,3,1109.41,Card,delivered,2026-08-03 17:16:53,35
OE000151,order_lifecycle,O00026,C0275,R038,Healthy Kitchen 38,Delhi NCR,Ganga Nagar,Healthy,1,1239.74,Cash,placed,2026-08-10 20:48:53,27
OE000152,order_lifecycle,O00026,C0275,R038,Healthy Kitchen 38,Delhi NCR,Ganga Nagar,Healthy,1,1239.74,Cash,accepted,2026-08-10 20:53:53,27
OE000153,order_lifecycle,O00026,C0275,R038,Healthy Kitchen 38,Delhi NCR,Ganga Nagar,Healthy,1,1239.74,Cash,preparing,2026-08-10 20:55:53,27
OE000154,order_lifecycle,O00026,C0275,R038,Healthy Kitchen 38,Delhi NCR,Ganga Nagar,Healthy,1,1239.74,Cash,picked_up,2026-08-10 21:00:53,27
OE000155,order_lifecycle,O00026,C0275,R038,Healthy Kitchen 38,Delhi NCR,Ganga Nagar,Healthy,1,1239.74,Cash,out_for_delivery,2026-08-10 21:03:53,27
OE000156,order_lifecycle,O00026,C0275,R038,Healthy Kitchen 38,Delhi NCR,Ganga Nagar,Healthy,1,1239.74,Cash,delivered,2026-08-10 21:11:53,27
OE000157,order_lifecycle,O00027,C0400,R059,Biryani Kitchen 59,Meerut,Noida Sector 18,Biryani,4,246.97,Cash,placed,2026-08-12 11:49:57,29
OE000158,order_lifecycle,O00027,C0400,R059,Biryani Kitchen 59,Meerut,Noida Sector 18,Biryani,4,246.97,Cash,accepted,2026-08-12 11:55:57,29
OE000159,order_lifecycle,O00027,C0400,R059,Biryani Kitchen 59,Meerut,Noida Sector 18,Biryani,4,246.97,Cash,preparing,2026-08-12 12:06:57,29
OE000160,order_lifecycle,O00027,C0400,R059,Biryani Kitchen 59,Meerut,Noida Sector 18,Biryani,4,246.97,Cash,picked_up,2026-08-12 12:18:57,29
OE000161,order_lifecycle,O00027,C0400,R059,Biryani Kitchen 59,Meerut,Noida Sector 18,Biryani,4,246.97,Cash,out_for_delivery,2026-08-12 12:21:57,29
OE000162,order_lifecycle,O00027,C0400,R059,Biryani Kitchen 59,Meerut,Noida Sector 18,Biryani,4,246.97,Cash,delivered,2026-08-12 12:30:57,29
OE000163,order_lifecycle,O00028,C0092,R003,Biryani Kitchen 03,Delhi NCR,Connaught Place,Biryani,3,870.99,Card,placed,2026-08-13 21:47:41,34
OE000164,order_lifecycle,O00028,C0092,R003,Biryani Kitchen 03,Delhi NCR,Connaught Place,Biryani,3,870.99,Card,accepted,2026-08-13 21:54:41,34
OE000165,order_lifecycle,O00028,C0092,R003,Biryani Kitchen 03,Delhi NCR,Connaught Place,Biryani,3,870.99,Card,preparing,2026-08-13 22:00:41,34
OE000166,order_lifecycle,O00028,C0092,R003,Biryani Kitchen 03,Delhi NCR,Connaught Place,Biryani,3,870.99,Card,picked_up,2026-08-13 22:03:41,34
OE000167,order_lifecycle,O00028,C0092,R003,Biryani Kitchen 03,Delhi NCR,Connaught Place,Biryani,3,870.99,Card,out_for_delivery,2026-08-13 22:14:41,34
OE000168,order_lifecycle,O00028,C0092,R003,Biryani Kitchen 03,Delhi NCR,Connaught Place,Biryani,3,870.99,Card,delivered,2026-08-13 22:21:41,34
OE000169,order_lifecycle,O00029,C0103,R036,North Indian Kitchen 36,Delhi NCR,Rohini,North Indian,3,588.13,Wallet,placed,2026-08-13 14:47:39,22
OE000170,order_lifecycle,O00029,C0103,R036,North Indian Kitchen 36,Delhi NCR,Rohini,North Indian,3,588.13,Wallet,accepted,2026-08-13 14:52:39,22
OE000171,order_lifecycle,O00029,C0103,R036,North Indian Kitchen 36,Delhi NCR,Rohini,North Indian,3,588.13,Wallet,preparing,2026-08-13 15:02:39,22
OE000172,order_lifecycle,O00029,C0103,R036,North Indian Kitchen 36,Delhi NCR,Rohini,North Indian,3,588.13,Wallet,picked_up,2026-08-13 15:07:39,22
OE000173,order_lifecycle,O00029,C0103,R036,North Indian Kitchen 36,Delhi NCR,Rohini,North Indian,3,588.13,Wallet,out_for_delivery,2026-08-13 15:11:39,22
OE000174,order_lifecycle,O00029,C0103,R036,North Indian Kitchen 36,Delhi NCR,Rohini,North Indian,3,588.13,Wallet,delivered,2026-08-13 15:13:39,22
OE000175,order_lifecycle,O00030,C0252,R006,Biryani Kitchen 06,Meerut,Rohini,Biryani,5,1674.04,Wallet,placed,2026-08-12 14:05:02,15
OE000176,order_lifecycle,O00030,C0252,R006,Biryani Kitchen 06,Meerut,Rohini,Biryani,5,1674.04,Wallet,accepted,2026-08-12 14:12:02,15
OE000177,order_lifecycle,O00030,C0252,R006,Biryani Kitchen 06,Meerut,Rohini,Biryani,5,1674.04,Wallet,preparing,2026-08-12 14:21:02,15
OE000178,order_lifecycle,O00030,C0252,R006,Biryani Kitchen 06,Meerut,Rohini,Biryani,5,1674.04,Wallet,picked_up,2026-08-12 14:24:02,15
OE000179,order_lifecycle,O00030,C0252,R006,Biryani Kitchen 06,Meerut,Rohini,Biryani,5,1674.04,Wallet,out_for_delivery,2026-08-12 14:35:02,15
OE000180,order_lifecycle,O00030,C0252,R006,Biryani Kitchen 06,Meerut,Rohini,Biryani,5,1674.04,Wallet,delivered,2026-08-12 14:38:02,15
OE000181,order_lifecycle,O00031,C0163,R051,South Indian Kitchen 51,Delhi NCR,Rohini,South Indian,5,1447.9,UPI,placed,2026-08-04 11:12:08,33
OE000182,order_lifecycle,O00031,C0163,R051,South Indian Kitchen 51,Delhi NCR,Rohini,South Indian,5,1447.9,UPI,accepted,2026-08-04 11:16:08,33
OE000183,order_lifecycle,O00031,C0163,R051,South Indian Kitchen 51,Delhi NCR,Rohini,South Indian,5,1447.9,UPI,preparing,2026-08-04 11:25:08,33
OE000184,order_lifecycle,O00031,C0163,R051,South Indian Kitchen 51,Delhi NCR,Rohini,South Indian,5,1447.9,UPI,picked_up,2026-08-04 11:34:08,33
OE000185,order_lifecycle,O00031,C0163,R051,South Indian Kitchen 51,Delhi NCR,Rohini,South Indian,5,1447.9,UPI,out_for_delivery,2026-08-04 11:41:08,33
OE000186,order_lifecycle,O00031,C0163,R051,South Indian Kitchen 51,Delhi NCR,Rohini,South Indian,5,1447.9,UPI,delivered,2026-08-04 11:49:08,33
OE000187,order_lifecycle,O00032,C0134,R058,Healthy Kitchen 58,Meerut,Dwarka,Healthy,5,1089.53,Card,placed,2026-08-01 16:54:28,14
OE000188,order_lifecycle,O00032,C0134,R058,Healthy Kitchen 58,Meerut,Dwarka,Healthy,5,1089.53,Card,accepted,2026-08-01 16:57:28,14
OE000189,order_lifecycle,O00032,C0134,R058,Healthy Kitchen 58,Meerut,Dwarka,Healthy,5,1089.53,Card,preparing,2026-08-01 17:01:28,14
OE000190,order_lifecycle,O00032,C0134,R058,Healthy Kitchen 58,Meerut,Dwarka,Healthy,5,1089.53,Card,picked_up,2026-08-01 17:04:28,14
OE000191,order_lifecycle,O00032,C0134,R058,Healthy Kitchen 58,Meerut,Dwarka,Healthy,5,1089.53,Card,out_for_delivery,2026-08-01 17:06:28,14
OE000192,order_lifecycle,O00032,C0134,R058,Healthy Kitchen 58,Meerut,Dwarka,Healthy,5,1089.53,Card,delivered,2026-08-01 17:08:28,14
OE000193,order_lifecycle,O00033,C0415,R039,Momos Kitchen 39,Delhi NCR,Rohini,Momos,4,1678.61,Wallet,placed,2026-08-01 17:03:10,25
OE000194,order_lifecycle,O00033,C0415,R039,Momos Kitchen 39,Delhi NCR,Rohini,Momos,4,1678.61,Wallet,accepted,2026-08-01 17:11:10,25
OE000195,order_lifecycle,O00033,C0415,R039,Momos Kitchen 39,Delhi NCR,Rohini,Momos,4,1678.61,Wallet,preparing,2026-08-01 17:23:10,25
OE000196,order_lifecycle,O00033,C0415,R039,Momos Kitchen 39,Delhi NCR,Rohini,Momos,4,1678.61,Wallet,picked_up,2026-08-01 17:31:10,25
OE000197,order_lifecycle,O00033,C0415,R039,Momos Kitchen 39,Delhi NCR,Rohini,Momos,4,1678.61,Wallet,out_for_delivery,2026-08-01 17:35:10,25
OE000198,order_lifecycle,O00033,C0415,R039,Momos Kitchen 39,Delhi NCR,Rohini,Momos,4,1678.61,Wallet,delivered,2026-08-01 17:42:10,25
OE000199,order_lifecycle,O00034,C0215,R012,Chinese Kitchen 12,Meerut,Gurugram Cyber City,Chinese,5,1790.54,UPI,placed,2026-08-13 18:15:40,20
OE000200,order_lifecycle,O00034,C0215,R012,Chinese Kitchen 12,Meerut,Gurugram Cyber City,Chinese,5,1790.54,UPI,accepted,2026-08-13 18:22:40,20
OE000201,order_lifecycle,O00034,C0215,R012,Chinese Kitchen 12,Meerut,Gurugram Cyber City,Chinese,5,1790.54,UPI,preparing,2026-08-13 18:31:40,20
OE000202,order_lifecycle,O00034,C0215,R012,Chinese Kitchen 12,Meerut,Gurugram Cyber City,Chinese,5,1790.54,UPI,picked_up,2026-08-13 18:41:40,20
OE000203,order_lifecycle,O00034,C0215,R012,Chinese Kitchen 12,Meerut,Gurugram Cyber City,Chinese,5,1790.54,UPI,out_for_delivery,2026-08-13 18:50:40,20
OE000204,order_lifecycle,O00034,C0215,R012,Chinese Kitchen 12,Meerut,Gurugram Cyber City,Chinese,5,1790.54,UPI,delivered,2026-08-13 18:57:40,20
OE000205,order_lifecycle,O00035,C0274,R058,Healthy Kitchen 58,Meerut,Dwarka,Healthy,4,1772.26,Cash,placed,2026-08-01 13:36:54,14
OE000206,order_lifecycle,O00035,C0274,R058,Healthy Kitchen 58,Meerut,Dwarka,Healthy,4,1772.26,Cash,accepted,2026-08-01 13:40:54,14
OE000207,order_lifecycle,O00035,C0274,R058,Healthy Kitchen 58,Meerut,Dwarka,Healthy,4,1772.26,Cash,preparing,2026-08-01 13:44:54,14
OE000208,order_lifecycle,O00035,C0274,R058,Healthy Kitchen 58,Meerut,Dwarka,Healthy,4,1772.26,Cash,picked_up,2026-08-01 13:49:54,14
OE000209,order_lifecycle,O00035,C0274,R058,Healthy Kitchen 58,Meerut,Dwarka,Healthy,4,1772.26,Cash,out_for_delivery,2026-08-01 14:00:54,14
OE000210,order_lifecycle,O00035,C0274,R058,Healthy Kitchen 58,Meerut,Dwarka,Healthy,4,1772.26,Cash,delivered,2026-08-01 14:07:54,14
OE000211,order_lifecycle,O00036,C0270,R033,Burgers Kitchen 33,Meerut,Ganga Nagar,Burgers,2,408.78,Cash,placed,2026-08-06 19:12:51,19
OE000212,order_lifecycle,O00036,C0270,R033,Burgers Kitchen 33,Meerut,Ganga Nagar,Burgers,2,408.78,Cash,accepted,2026-08-06 19:23:51,19
OE000213,order_lifecycle,O00036,C0270,R033,Burgers Kitchen 33,Meerut,Ganga Nagar,Burgers,2,408.78,Cash,cancelled,2026-08-06 19:27:51,19
OE000214,order_lifecycle,O00037,C0434,R034,South Indian Kitchen 34,Meerut,Connaught Place,South Indian,1,832.95,Cash,placed,2026-08-02 15:45:42,19
OE000215,order_lifecycle,O00037,C0434,R034,South Indian Kitchen 34,Meerut,Connaught Place,South Indian,1,832.95,Cash,accepted,2026-08-02 15:49:42,19
OE000216,order_lifecycle,O00037,C0434,R034,South Indian Kitchen 34,Meerut,Connaught Place,South Indian,1,832.95,Cash,preparing,2026-08-02 15:53:42,19
OE000217,order_lifecycle,O00037,C0434,R034,South Indian Kitchen 34,Meerut,Connaught Place,South Indian,1,832.95,Cash,picked_up,2026-08-02 16:01:42,19
OE000218,order_lifecycle,O00037,C0434,R034,South Indian Kitchen 34,Meerut,Connaught Place,South Indian,1,832.95,Cash,out_for_delivery,2026-08-02 16:13:42,19
OE000219,order_lifecycle,O00037,C0434,R034,South Indian Kitchen 34,Meerut,Connaught Place,South Indian,1,832.95,Cash,delivered,2026-08-02 16:22:42,19
OE000220,order_lifecycle,O00038,C0017,R011,Momos Kitchen 11,Meerut,Ganga Nagar,Momos,4,1104.88,Card,placed,2026-08-06 19:14:40,23
OE000221,order_lifecycle,O00038,C0017,R011,Momos Kitchen 11,Meerut,Ganga Nagar,Momos,4,1104.88,Card,accepted,2026-08-06 19:17:40,23
OE000222,order_lifecycle,O00038,C0017,R011,Momos Kitchen 11,Meerut,Ganga Nagar,Momos,4,1104.88,Card,preparing,2026-08-06 19:22:40,23
OE000223,order_lifecycle,O00038,C0017,R011,Momos Kitchen 11,Meerut,Ganga Nagar,Momos,4,1104.88,Card,picked_up,2026-08-06 19:29:40,23
OE000224,order_lifecycle,O00038,C0017,R011,Momos Kitchen 11,Meerut,Ganga Nagar,Momos,4,1104.88,Card,out_for_delivery,2026-08-06 19:36:40,23
OE000225,order_lifecycle,O00038,C0017,R011,Momos Kitchen 11,Meerut,Ganga Nagar,Momos,4,1104.88,Card,delivered,2026-08-06 19:40:40,23
OE000226,order_lifecycle,O00039,C0194,R024,Chinese Kitchen 24,Meerut,Connaught Place,Chinese,5,1461.97,Card,placed,2026-08-07 11:53:30,35
OE000227,order_lifecycle,O00039,C0194,R024,Chinese Kitchen 24,Meerut,Connaught Place,Chinese,5,1461.97,Card,accepted,2026-08-07 11:56:30,35
OE000228,order_lifecycle,O00039,C0194,R024,Chinese Kitchen 24,Meerut,Connaught Place,Chinese,5,1461.97,Card,preparing,2026-08-07 11:58:30,35
OE000229,order_lifecycle,O00039,C0194,R024,Chinese Kitchen 24,Meerut,Connaught Place,Chinese,5,1461.97,Card,picked_up,2026-08-07 12:04:30,35
OE000230,order_lifecycle,O00039,C0194,R024,Chinese Kitchen 24,Meerut,Connaught Place,Chinese,5,1461.97,Card,out_for_delivery,2026-08-07 12:06:30,35
OE000231,order_lifecycle,O00039,C0194,R024,Chinese Kitchen 24,Meerut,Connaught Place,Chinese,5,1461.97,Card,delivered,2026-08-07 12:13:30,35
OE000232,order_lifecycle,O00040,C0456,R049,Biryani Kitchen 49,Delhi NCR,Connaught Place,Biryani,4,1759.04,Cash,placed,2026-08-01 11:21:13,13
OE000233,order_lifecycle,O00040,C0456,R049,Biryani Kitchen 49,Delhi NCR,Connaught Place,Biryani,4,1759.04,Cash,accepted,2026-08-01 11:27:13,13
OE000234,order_lifecycle,O00040,C0456,R049,Biryani Kitchen 49,Delhi NCR,Connaught Place,Biryani,4,1759.04,Cash,preparing,2026-08-01 11:32:13,13
OE000235,order_lifecycle,O00040,C0456,R049,Biryani Kitchen 49,Delhi NCR,Connaught Place,Biryani,4,1759.04,Cash,picked_up,2026-08-01 11:35:13,13
OE000236,order_lifecycle,O00040,C0456,R049,Biryani Kitchen 49,Delhi NCR,Connaught Place,Biryani,4,1759.04,Cash,out_for_delivery,2026-08-01 11:37:13,13
OE000237,order_lifecycle,O00040,C0456,R049,Biryani Kitchen 49,Delhi NCR,Connaught Place,Biryani,4,1759.04,Cash,delivered,2026-08-01 11:45:13,13
OE000238,order_lifecycle,O00041,C0329,R040,Burgers Kitchen 40,Meerut,Shastri Nagar,Burgers,4,791.04,UPI,placed,2026-08-03 15:56:24,35
OE000239,order_lifecycle,O00041,C0329,R040,Burgers Kitchen 40,Meerut,Shastri Nagar,Burgers,4,791.04,UPI,accepted,2026-08-03 16:05:24,35
OE000240,order_lifecycle,O00041,C0329,R040,Burgers Kitchen 40,Meerut,Shastri Nagar,Burgers,4,791.04,UPI,preparing,2026-08-03 16:11:24,35
OE000241,order_lifecycle,O00041,C0329,R040,Burgers Kitchen 40,Meerut,Shastri Nagar,Burgers,4,791.04,UPI,picked_up,2026-08-03 16:16:24,35
OE000242,order_lifecycle,O00041,C0329,R040,Burgers Kitchen 40,Meerut,Shastri Nagar,Burgers,4,791.04,UPI,out_for_delivery,2026-08-03 16:22:24,35
OE000243,order_lifecycle,O00041,C0329,R040,Burgers Kitchen 40,Meerut,Shastri Nagar,Burgers,4,791.04,UPI,delivered,2026-08-03 16:33:24,35
OE000244,order_lifecycle,O00042,C0154,R013,South Indian Kitchen 13,Delhi NCR,Saket,South Indian,5,1113.95,Card,placed,2026-08-14 21:02:32,24
OE000245,order_lifecycle,O00042,C0154,R013,South Indian Kitchen 13,Delhi NCR,Saket,South Indian,5,1113.95,Card,accepted,2026-08-14 21:11:32,24
OE000246,order_lifecycle,O00042,C0154,R013,South Indian Kitchen 13,Delhi NCR,Saket,South Indian,5,1113.95,Card,preparing,2026-08-14 21:15:32,24
OE000247,order_lifecycle,O00042,C0154,R013,South Indian Kitchen 13,Delhi NCR,Saket,South Indian,5,1113.95,Card,picked_up,2026-08-14 21:19:32,24
OE000248,order_lifecycle,O00042,C0154,R013,South Indian Kitchen 13,Delhi NCR,Saket,South Indian,5,1113.95,Card,out_for_delivery,2026-08-14 21:24:32,24
OE000249,order_lifecycle,O00042,C0154,R013,South Indian Kitchen 13,Delhi NCR,Saket,South Indian,5,1113.95,Card,delivered,2026-08-14 21:29:32,24
OE000250,order_lifecycle,O00043,C0448,R004,Healthy Kitchen 04,Meerut,Saket,Healthy,4,871.35,Card,placed,2026-08-10 19:33:50,20
OE000251,order_lifecycle,O00043,C0448,R004,Healthy Kitchen 04,Meerut,Saket,Healthy,4,871.35,Card,accepted,2026-08-10 19:44:50,20
OE000252,order_lifecycle,O00043,C0448,R004,Healthy Kitchen 04,Meerut,Saket,Healthy,4,871.35,Card,preparing,2026-08-10 19:55:50,20
OE000253,order_lifecycle,O00043,C0448,R004,Healthy Kitchen 04,Meerut,Saket,Healthy,4,871.35,Card,picked_up,2026-08-10 19:58:50,20
OE000254,order_lifecycle,O00043,C0448,R004,Healthy Kitchen 04,Meerut,Saket,Healthy,4,871.35,Card,out_for_delivery,2026-08-10 20:01:50,20
OE000255,order_lifecycle,O00043,C0448,R004,Healthy Kitchen 04,Meerut,Saket,Healthy,4,871.35,Card,delivered,2026-08-10 20:12:50,20
OE000256,order_lifecycle,O00044,C0138,R042,South Indian Kitchen 42,Delhi NCR,Saket,South Indian,1,1548.55,Card,placed,2026-08-06 14:19:17,26
OE000257,order_lifecycle,O00044,C0138,R042,South Indian Kitchen 42,Delhi NCR,Saket,South Indian,1,1548.55,Card,accepted,2026-08-06 14:28:17,26
OE000258,order_lifecycle,O00044,C0138,R042,South Indian Kitchen 42,Delhi NCR,Saket,South Indian,1,1548.55,Card,preparing,2026-08-06 14:35:17,26
OE000259,order_lifecycle,O00044,C0138,R042,South Indian Kitchen 42,Delhi NCR,Saket,South Indian,1,1548.55,Card,picked_up,2026-08-06 14:41:17,26
OE000260,order_lifecycle,O00044,C0138,R042,South Indian Kitchen 42,Delhi NCR,Saket,South Indian,1,1548.55,Card,out_for_delivery,2026-08-06 14:49:17,26
OE000261,order_lifecycle,O00044,C0138,R042,South Indian Kitchen 42,Delhi NCR,Saket,South Indian,1,1548.55,Card,delivered,2026-08-06 15:00:17,26
OE000262,order_lifecycle,O00045,C0128,R006,Biryani Kitchen 06,Meerut,Rohini,Biryani,4,638.36,Wallet,placed,2026-08-01 15:45:12,15
OE000263,order_lifecycle,O00045,C0128,R006,Biryani Kitchen 06,Meerut,Rohini,Biryani,4,638.36,Wallet,accepted,2026-08-01 15:48:12,15
OE000264,order_lifecycle,O00045,C0128,R006,Biryani Kitchen 06,Meerut,Rohini,Biryani,4,638.36,Wallet,preparing,2026-08-01 16:00:12,15
OE000265,order_lifecycle,O00045,C0128,R006,Biryani Kitchen 06,Meerut,Rohini,Biryani,4,638.36,Wallet,picked_up,2026-08-01 16:02:12,15
OE000266,order_lifecycle,O00045,C0128,R006,Biryani Kitchen 06,Meerut,Rohini,Biryani,4,638.36,Wallet,out_for_delivery,2026-08-01 16:07:12,15
OE000267,order_lifecycle,O00045,C0128,R006,Biryani Kitchen 06,Meerut,Rohini,Biryani,4,638.36,Wallet,delivered,2026-08-01 16:14:12,15
OE000268,order_lifecycle,O00046,C0106,R035,Cafe Kitchen 35,Delhi NCR,Connaught Place,Cafe,1,1448.49,Wallet,placed,2026-08-07 18:01:55,32
OE000269,order_lifecycle,O00046,C0106,R035,Cafe Kitchen 35,Delhi NCR,Connaught Place,Cafe,1,1448.49,Wallet,accepted,2026-08-07 18:13:55,32
OE000270,order_lifecycle,O00046,C0106,R035,Cafe Kitchen 35,Delhi NCR,Connaught Place,Cafe,1,1448.49,Wallet,preparing,2026-08-07 18:17:55,32
OE000271,order_lifecycle,O00046,C0106,R035,Cafe Kitchen 35,Delhi NCR,Connaught Place,Cafe,1,1448.49,Wallet,picked_up,2026-08-07 18:28:55,32
OE000272,order_lifecycle,O00046,C0106,R035,Cafe Kitchen 35,Delhi NCR,Connaught Place,Cafe,1,1448.49,Wallet,out_for_delivery,2026-08-07 18:30:55,32
OE000273,order_lifecycle,O00046,C0106,R035,Cafe Kitchen 35,Delhi NCR,Connaught Place,Cafe,1,1448.49,Wallet,delivered,2026-08-07 18:35:55,32
OE000274,order_lifecycle,O00047,C0192,R036,North Indian Kitchen 36,Delhi NCR,Rohini,North Indian,3,738.05,Cash,placed,2026-08-11 11:30:04,22
OE000275,order_lifecycle,O00047,C0192,R036,North Indian Kitchen 36,Delhi NCR,Rohini,North Indian,3,738.05,Cash,accepted,2026-08-11 11:36:04,22
OE000276,order_lifecycle,O00047,C0192,R036,North Indian Kitchen 36,Delhi NCR,Rohini,North Indian,3,738.05,Cash,preparing,2026-08-11 11:48:04,22
OE000277,order_lifecycle,O00047,C0192,R036,North Indian Kitchen 36,Delhi NCR,Rohini,North Indian,3,738.05,Cash,picked_up,2026-08-11 12:00:04,22
OE000278,order_lifecycle,O00047,C0192,R036,North Indian Kitchen 36,Delhi NCR,Rohini,North Indian,3,738.05,Cash,out_for_delivery,2026-08-11 12:06:04,22
OE000279,order_lifecycle,O00047,C0192,R036,North Indian Kitchen 36,Delhi NCR,Rohini,North Indian,3,738.05,Cash,delivered,2026-08-11 12:11:04,22
OE000280,order_lifecycle,O00048,C0274,R048,Pizza Kitchen 48,Meerut,Ganga Nagar,Pizza,5,1552.67,Card,placed,2026-08-11 15:32:19,21
OE000281,order_lifecycle,O00048,C0274,R048,Pizza Kitchen 48,Meerut,Ganga Nagar,Pizza,5,1552.67,Card,accepted,2026-08-11 15:41:19,21
OE000282,order_lifecycle,O00048,C0274,R048,Pizza Kitchen 48,Meerut,Ganga Nagar,Pizza,5,1552.67,Card,preparing,2026-08-11 15:45:19,21
OE000283,order_lifecycle,O00048,C0274,R048,Pizza Kitchen 48,Meerut,Ganga Nagar,Pizza,5,1552.67,Card,picked_up,2026-08-11 15:51:19,21
OE000284,order_lifecycle,O00048,C0274,R048,Pizza Kitchen 48,Meerut,Ganga Nagar,Pizza,5,1552.67,Card,out_for_delivery,2026-08-11 16:01:19,21
OE000285,order_lifecycle,O00048,C0274,R048,Pizza Kitchen 48,Meerut,Ganga Nagar,Pizza,5,1552.67,Card,delivered,2026-08-11 16:05:19,21
OE000286,order_lifecycle,O00049,C0484,R044,South Indian Kitchen 44,Meerut,Rohini,South Indian,4,1588.0,Cash,placed,2026-08-08 13:32:07,29
OE000287,order_lifecycle,O00049,C0484,R044,South Indian Kitchen 44,Meerut,Rohini,South Indian,4,1588.0,Cash,accepted,2026-08-08 13:36:07,29
OE000288,order_lifecycle,O00049,C0484,R044,South Indian Kitchen 44,Meerut,Rohini,South Indian,4,1588.0,Cash,preparing,2026-08-08 13:40:07,29
OE000289,order_lifecycle,O00049,C0484,R044,South Indian Kitchen 44,Meerut,Rohini,South Indian,4,1588.0,Cash,picked_up,2026-08-08 13:45:07,29
OE000290,order_lifecycle,O00049,C0484,R044,South Indian Kitchen 44,Meerut,Rohini,South Indian,4,1588.0,Cash,out_for_delivery,2026-08-08 13:52:07,29
OE000291,order_lifecycle,O00049,C0484,R044,South Indian Kitchen 44,Meerut,Rohini,South Indian,4,1588.0,Cash,delivered,2026-08-08 14:00:07,29
OE000292,order_lifecycle,O00050,C0251,R013,South Indian Kitchen 13,Delhi NCR,Saket,South Indian,4,845.43,Wallet,placed,2026-08-10 16:40:27,24
OE000293,order_lifecycle,O00050,C0251,R013,South Indian Kitchen 13,Delhi NCR,Saket,South Indian,4,845.43,Wallet,accepted,2026-08-10 16:47:27,24
OE000294,order_lifecycle,O00050,C0251,R013,South Indian Kitchen 13,Delhi NCR,Saket,South Indian,4,845.43,Wallet,cancelled,2026-08-10 16:49:27,24
OE000295,order_lifecycle,O00051,C0388,R025,Pizza Kitchen 25,Delhi NCR,Rohini,Pizza,3,598.12,Cash,placed,2026-08-11 10:40:46,21
OE000296,order_lifecycle,O00051,C0388,R025,Pizza Kitchen 25,Delhi NCR,Rohini,Pizza,3,598.12,Cash,accepted,2026-08-11 10:48:46,21
OE000297,order_lifecycle,O00051,C0388,R025,Pizza Kitchen 25,Delhi NCR,Rohini,Pizza,3,598.12,Cash,preparing,2026-08-11 10:58:46,21
OE000298,order_lifecycle,O00051,C0388,R025,Pizza Kitchen 25,Delhi NCR,Rohini,Pizza,3,598.12,Cash,picked_up,2026-08-11 11:09:46,21
OE000299,order_lifecycle,O00051,C0388,R025,Pizza Kitchen 25,Delhi NCR,Rohini,Pizza,3,598.12,Cash,out_for_delivery,2026-08-11 11:15:46,21
OE000300,order_lifecycle,O00051,C0388,R025,Pizza Kitchen 25,Delhi NCR,Rohini,Pizza,3,598.12,Cash,delivered,2026-08-11 11:19:46,21
OE000301,order_lifecycle,O00052,C0109,R054,Cafe Kitchen 54,Meerut,Noida Sector 18,Cafe,1,786.55,Wallet,placed,2026-08-10 18:10:07,34
OE000302,order_lifecycle,O00052,C0109,R054,Cafe Kitchen 54,Meerut,Noida Sector 18,Cafe,1,786.55,Wallet,accepted,2026-08-10 18:16:07,34
OE000303,order_lifecycle,O00052,C0109,R054,Cafe Kitchen 54,Meerut,Noida Sector 18,Cafe,1,786.55,Wallet,preparing,2026-08-10 18:26:07,34
OE000304,order_lifecycle,O00052,C0109,R054,Cafe Kitchen 54,Meerut,Noida Sector 18,Cafe,1,786.55,Wallet,picked_up,2026-08-10 18:37:07,34
OE000305,order_lifecycle,O00052,C0109,R054,Cafe Kitchen 54,Meerut,Noida Sector 18,Cafe,1,786.55,Wallet,out_for_delivery,2026-08-10 18:39:07,34
OE000306,order_lifecycle,O00052,C0109,R054,Cafe Kitchen 54,Meerut,Noida Sector 18,Cafe,1,786.55,Wallet,delivered,2026-08-10 18:50:07,34
OE000307,order_lifecycle,O00053,C0339,R009,Cafe Kitchen 09,Meerut,Saket,Cafe,4,1321.16,UPI,placed,2026-08-09 14:39:38,13
OE000308,order_lifecycle,O00053,C0339,R009,Cafe Kitchen 09,Meerut,Saket,Cafe,4,1321.16,UPI,accepted,2026-08-09 14:50:38,13
OE000309,order_lifecycle,O00053,C0339,R009,Cafe Kitchen 09,Meerut,Saket,Cafe,4,1321.16,UPI,preparing,2026-08-09 14:53:38,13
OE000310,order_lifecycle,O00053,C0339,R009,Cafe Kitchen 09,Meerut,Saket,Cafe,4,1321.16,UPI,picked_up,2026-08-09 14:59:38,13
OE000311,order_lifecycle,O00053,C0339,R009,Cafe Kitchen 09,Meerut,Saket,Cafe,4,1321.16,UPI,out_for_delivery,2026-08-09 15:02:38,13
OE000312,order_lifecycle,O00053,C0339,R009,Cafe Kitchen 09,Meerut,Saket,Cafe,4,1321.16,UPI,delivered,2026-08-09 15:05:38,13
OE000313,order_lifecycle,O00054,C0057,R058,Healthy Kitchen 58,Meerut,Dwarka,Healthy,1,1447.24,UPI,placed,2026-08-11 17:09:05,14
OE000314,order_lifecycle,O00054,C0057,R058,Healthy Kitchen 58,Meerut,Dwarka,Healthy,1,1447.24,UPI,accepted,2026-08-11 17:21:05,14
OE000315,order_lifecycle,O00054,C0057,R058,Healthy Kitchen 58,Meerut,Dwarka,Healthy,1,1447.24,UPI,preparing,2026-08-11 17:26:05,14
OE000316,order_lifecycle,O00054,C0057,R058,Healthy Kitchen 58,Meerut,Dwarka,Healthy,1,1447.24,UPI,picked_up,2026-08-11 17:35:05,14
OE000317,order_lifecycle,O00054,C0057,R058,Healthy Kitchen 58,Meerut,Dwarka,Healthy,1,1447.24,UPI,out_for_delivery,2026-08-11 17:41:05,14
OE000318,order_lifecycle,O00054,C0057,R058,Healthy Kitchen 58,Meerut,Dwarka,Healthy,1,1447.24,UPI,delivered,2026-08-11 17:47:05,14
OE000319,order_lifecycle,O00055,C0138,R013,South Indian Kitchen 13,Delhi NCR,Saket,South Indian,4,841.24,Cash,placed,2026-08-14 15:11:07,24
OE000320,order_lifecycle,O00055,C0138,R013,South Indian Kitchen 13,Delhi NCR,Saket,South Indian,4,841.24,Cash,accepted,2026-08-14 15:20:07,24
OE000321,order_lifecycle,O00055,C0138,R013,South Indian Kitchen 13,Delhi NCR,Saket,South Indian,4,841.24,Cash,preparing,2026-08-14 15:28:07,24
OE000322,order_lifecycle,O00055,C0138,R013,South Indian Kitchen 13,Delhi NCR,Saket,South Indian,4,841.24,Cash,picked_up,2026-08-14 15:40:07,24
OE000323,order_lifecycle,O00055,C0138,R013,South Indian Kitchen 13,Delhi NCR,Saket,South Indian,4,841.24,Cash,out_for_delivery,2026-08-14 15:44:07,24
OE000324,order_lifecycle,O00055,C0138,R013,South Indian Kitchen 13,Delhi NCR,Saket,South Indian,4,841.24,Cash,delivered,2026-08-14 15:47:07,24
OE000325,order_lifecycle,O00056,C0351,R058,Healthy Kitchen 58,Meerut,Dwarka,Healthy,4,380.7,Wallet,placed,2026-08-03 17:58:31,14
OE000326,order_lifecycle,O00056,C0351,R058,Healthy Kitchen 58,Meerut,Dwarka,Healthy,4,380.7,Wallet,accepted,2026-08-03 18:10:31,14
OE000327,order_lifecycle,O00056,C0351,R058,Healthy Kitchen 58,Meerut,Dwarka,Healthy,4,380.7,Wallet,preparing,2026-08-03 18:17:31,14
OE000328,order_lifecycle,O00056,C0351,R058,Healthy Kitchen 58,Meerut,Dwarka,Healthy,4,380.7,Wallet,cancelled,2026-08-03 18:19:31,14
OE000329,order_lifecycle,O00057,C0348,R034,South Indian Kitchen 34,Meerut,Connaught Place,South Indian,3,558.38,UPI,placed,2026-08-12 19:46:36,19
OE000330,order_lifecycle,O00057,C0348,R034,South Indian Kitchen 34,Meerut,Connaught Place,South Indian,3,558.38,UPI,accepted,2026-08-12 19:51:36,19
OE000331,order_lifecycle,O00057,C0348,R034,South Indian Kitchen 34,Meerut,Connaught Place,South Indian,3,558.38,UPI,preparing,2026-08-12 20:00:36,19
OE000332,order_lifecycle,O00057,C0348,R034,South Indian Kitchen 34,Meerut,Connaught Place,South Indian,3,558.38,UPI,picked_up,2026-08-12 20:07:36,19
OE000333,order_lifecycle,O00057,C0348,R034,South Indian Kitchen 34,Meerut,Connaught Place,South Indian,3,558.38,UPI,out_for_delivery,2026-08-12 20:19:36,19
OE000334,order_lifecycle,O00057,C0348,R034,South Indian Kitchen 34,Meerut,Connaught Place,South Indian,3,558.38,UPI,delivered,2026-08-12 20:31:36,19
OE000335,order_lifecycle,O00058,C0170,R018,Healthy Kitchen 18,Meerut,Shastri Nagar,Healthy,2,805.82,UPI,placed,2026-08-09 13:35:41,24
OE000336,order_lifecycle,O00058,C0170,R018,Healthy Kitchen 18,Meerut,Shastri Nagar,Healthy,2,805.82,UPI,accepted,2026-08-09 13:46:41,24
OE000337,order_lifecycle,O00058,C0170,R018,Healthy Kitchen 18,Meerut,Shastri Nagar,Healthy,2,805.82,UPI,preparing,2026-08-09 13:55:41,24
OE000338,order_lifecycle,O00058,C0170,R018,Healthy Kitchen 18,Meerut,Shastri Nagar,Healthy,2,805.82,UPI,picked_up,2026-08-09 13:58:41,24
OE000339,order_lifecycle,O00058,C0170,R018,Healthy Kitchen 18,Meerut,Shastri Nagar,Healthy,2,805.82,UPI,out_for_delivery,2026-08-09 14:07:41,24
OE000340,order_lifecycle,O00058,C0170,R018,Healthy Kitchen 18,Meerut,Shastri Nagar,Healthy,2,805.82,UPI,delivered,2026-08-09 14:16:41,24
OE000341,order_lifecycle,O00059,C0233,R023,Healthy Kitchen 23,Meerut,Gurugram Cyber City,Healthy,3,1346.65,Wallet,placed,2026-08-13 19:38:30,25
OE000342,order_lifecycle,O00059,C0233,R023,Healthy Kitchen 23,Meerut,Gurugram Cyber City,Healthy,3,1346.65,Wallet,accepted,2026-08-13 19:50:30,25
OE000343,order_lifecycle,O00059,C0233,R023,Healthy Kitchen 23,Meerut,Gurugram Cyber City,Healthy,3,1346.65,Wallet,preparing,2026-08-13 19:55:30,25
OE000344,order_lifecycle,O00059,C0233,R023,Healthy Kitchen 23,Meerut,Gurugram Cyber City,Healthy,3,1346.65,Wallet,picked_up,2026-08-13 19:57:30,25
OE000345,order_lifecycle,O00059,C0233,R023,Healthy Kitchen 23,Meerut,Gurugram Cyber City,Healthy,3,1346.65,Wallet,out_for_delivery,2026-08-13 20:04:30,25
OE000346,order_lifecycle,O00059,C0233,R023,Healthy Kitchen 23,Meerut,Gurugram Cyber City,Healthy,3,1346.65,Wallet,delivered,2026-08-13 20:11:30,25
OE000347,order_lifecycle,O00060,C0477,R046,Desserts Kitchen 46,Delhi NCR,Shastri Nagar,Desserts,4,372.43,UPI,placed,2026-08-08 13:45:21,17
OE000348,order_lifecycle,O00060,C0477,R046,Desserts Kitchen 46,Delhi NCR,Shastri Nagar,Desserts,4,372.43,UPI,accepted,2026-08-08 13:57:21,17
OE000349,order_lifecycle,O00060,C0477,R046,Desserts Kitchen 46,Delhi NCR,Shastri Nagar,Desserts,4,372.43,UPI,preparing,2026-08-08 14:08:21,17
OE000350,order_lifecycle,O00060,C0477,R046,Desserts Kitchen 46,Delhi NCR,Shastri Nagar,Desserts,4,372.43,UPI,picked_up,2026-08-08 14:11:21,17
OE000351,order_lifecycle,O00060,C0477,R046,Desserts Kitchen 46,Delhi NCR,Shastri Nagar,Desserts,4,372.43,UPI,out_for_delivery,2026-08-08 14:20:21,17
OE000352,order_lifecycle,O00060,C0477,R046,Desserts Kitchen 46,Delhi NCR,Shastri Nagar,Desserts,4,372.43,UPI,delivered,2026-08-08 14:29:21,17
OE000353,order_lifecycle,O00061,C0418,R017,Desserts Kitchen 17,Delhi NCR,Noida Sector 18,Desserts,5,1612.31,Wallet,placed,2026-08-07 20:38:38,35
OE000354,order_lifecycle,O00061,C0418,R017,Desserts Kitchen 17,Delhi NCR,Noida Sector 18,Desserts,5,1612.31,Wallet,accepted,2026-08-07 20:49:38,35
OE000355,order_lifecycle,O00061,C0418,R017,Desserts Kitchen 17,Delhi NCR,Noida Sector 18,Desserts,5,1612.31,Wallet,preparing,2026-08-07 20:54:38,35
OE000356,order_lifecycle,O00061,C0418,R017,Desserts Kitchen 17,Delhi NCR,Noida Sector 18,Desserts,5,1612.31,Wallet,picked_up,2026-08-07 21:00:38,35
OE000357,order_lifecycle,O00061,C0418,R017,Desserts Kitchen 17,Delhi NCR,Noida Sector 18,Desserts,5,1612.31,Wallet,out_for_delivery,2026-08-07 21:08:38,35
OE000358,order_lifecycle,O00061,C0418,R017,Desserts Kitchen 17,Delhi NCR,Noida Sector 18,Desserts,5,1612.31,Wallet,delivered,2026-08-07 21:15:38,35
OE000359,order_lifecycle,O00062,C0500,R011,Momos Kitchen 11,Meerut,Ganga Nagar,Momos,3,1336.56,Wallet,placed,2026-08-09 21:40:20,23
OE000360,order_lifecycle,O00062,C0500,R011,Momos Kitchen 11,Meerut,Ganga Nagar,Momos,3,1336.56,Wallet,accepted,2026-08-09 21:52:20,23
OE000361,order_lifecycle,O00062,C0500,R011,Momos Kitchen 11,Meerut,Ganga Nagar,Momos,3,1336.56,Wallet,preparing,2026-08-09 22:00:20,23
OE000362,order_lifecycle,O00062,C0500,R011,Momos Kitchen 11,Meerut,Ganga Nagar,Momos,3,1336.56,Wallet,picked_up,2026-08-09 22:12:20,23
OE000363,order_lifecycle,O00062,C0500,R011,Momos Kitchen 11,Meerut,Ganga Nagar,Momos,3,1336.56,Wallet,out_for_delivery,2026-08-09 22:22:20,23
OE000364,order_lifecycle,O00062,C0500,R011,Momos Kitchen 11,Meerut,Ganga Nagar,Momos,3,1336.56,Wallet,delivered,2026-08-09 22:28:20,23
OE000365,order_lifecycle,O00063,C0445,R027,Healthy Kitchen 27,Delhi NCR,Gurugram Cyber City,Healthy,3,1017.48,UPI,placed,2026-08-11 18:24:15,15
OE000366,order_lifecycle,O00063,C0445,R027,Healthy Kitchen 27,Delhi NCR,Gurugram Cyber City,Healthy,3,1017.48,UPI,accepted,2026-08-11 18:32:15,15
OE000367,order_lifecycle,O00063,C0445,R027,Healthy Kitchen 27,Delhi NCR,Gurugram Cyber City,Healthy,3,1017.48,UPI,preparing,2026-08-11 18:40:15,15
OE000368,order_lifecycle,O00063,C0445,R027,Healthy Kitchen 27,Delhi NCR,Gurugram Cyber City,Healthy,3,1017.48,UPI,picked_up,2026-08-11 18:52:15,15
OE000369,order_lifecycle,O00063,C0445,R027,Healthy Kitchen 27,Delhi NCR,Gurugram Cyber City,Healthy,3,1017.48,UPI,out_for_delivery,2026-08-11 18:59:15,15
OE000370,order_lifecycle,O00063,C0445,R027,Healthy Kitchen 27,Delhi NCR,Gurugram Cyber City,Healthy,3,1017.48,UPI,delivered,2026-08-11 19:09:15,15
OE000371,order_lifecycle,O00064,C0264,R015,Biryani Kitchen 15,Delhi NCR,Gurugram Cyber City,Biryani,2,622.78,Cash,placed,2026-08-01 16:17:35,14
OE000372,order_lifecycle,O00064,C0264,R015,Biryani Kitchen 15,Delhi NCR,Gurugram Cyber City,Biryani,2,622.78,Cash,accepted,2026-08-01 16:21:35,14
OE000373,order_lifecycle,O00064,C0264,R015,Biryani Kitchen 15,Delhi NCR,Gurugram Cyber City,Biryani,2,622.78,Cash,preparing,2026-08-01 16:23:35,14
OE000374,order_lifecycle,O00064,C0264,R015,Biryani Kitchen 15,Delhi NCR,Gurugram Cyber City,Biryani,2,622.78,Cash,picked_up,2026-08-01 16:27:35,14
OE000375,order_lifecycle,O00064,C0264,R015,Biryani Kitchen 15,Delhi NCR,Gurugram Cyber City,Biryani,2,622.78,Cash,cancelled,2026-08-01 16:34:35,14
OE000376,order_lifecycle,O00065,C0397,R037,South Indian Kitchen 37,Delhi NCR,Noida Sector 18,South Indian,3,316.61,Card,placed,2026-08-13 19:35:22,18
OE000377,order_lifecycle,O00065,C0397,R037,South Indian Kitchen 37,Delhi NCR,Noida Sector 18,South Indian,3,316.61,Card,accepted,2026-08-13 19:45:22,18
OE000378,order_lifecycle,O00065,C0397,R037,South Indian Kitchen 37,Delhi NCR,Noida Sector 18,South Indian,3,316.61,Card,preparing,2026-08-13 19:48:22,18
OE000379,order_lifecycle,O00065,C0397,R037,South Indian Kitchen 37,Delhi NCR,Noida Sector 18,South Indian,3,316.61,Card,picked_up,2026-08-13 19:58:22,18
OE000380,order_lifecycle,O00065,C0397,R037,South Indian Kitchen 37,Delhi NCR,Noida Sector 18,South Indian,3,316.61,Card,out_for_delivery,2026-08-13 20:02:22,18
OE000381,order_lifecycle,O00065,C0397,R037,South Indian Kitchen 37,Delhi NCR,Noida Sector 18,South Indian,3,316.61,Card,delivered,2026-08-13 20:10:22,18
OE000382,order_lifecycle,O00066,C0471,R044,South Indian Kitchen 44,Meerut,Rohini,South Indian,1,810.2,Wallet,placed,2026-08-01 20:56:20,29
OE000383,order_lifecycle,O00066,C0471,R044,South Indian Kitchen 44,Meerut,Rohini,South Indian,1,810.2,Wallet,accepted,2026-08-01 21:02:20,29
OE000384,order_lifecycle,O00066,C0471,R044,South Indian Kitchen 44,Meerut,Rohini,South Indian,1,810.2,Wallet,preparing,2026-08-01 21:04:20,29
OE000385,order_lifecycle,O00066,C0471,R044,South Indian Kitchen 44,Meerut,Rohini,South Indian,1,810.2,Wallet,picked_up,2026-08-01 21:14:20,29
OE000386,order_lifecycle,O00066,C0471,R044,South Indian Kitchen 44,Meerut,Rohini,South Indian,1,810.2,Wallet,out_for_delivery,2026-08-01 21:21:20,29
OE000387,order_lifecycle,O00066,C0471,R044,South Indian Kitchen 44,Meerut,Rohini,South Indian,1,810.2,Wallet,delivered,2026-08-01 21:31:20,29
OE000388,order_lifecycle,O00067,C0351,R031,Pizza Kitchen 31,Meerut,Saket,Pizza,4,1605.82,UPI,placed,2026-08-04 18:53:44,35
OE000389,order_lifecycle,O00067,C0351,R031,Pizza Kitchen 31,Meerut,Saket,Pizza,4,1605.82,UPI,accepted,2026-08-04 18:57:44,35
OE000390,order_lifecycle,O00067,C0351,R031,Pizza Kitchen 31,Meerut,Saket,Pizza,4,1605.82,UPI,preparing,2026-08-04 18:59:44,35
OE000391,order_lifecycle,O00067,C0351,R031,Pizza Kitchen 31,Meerut,Saket,Pizza,4,1605.82,UPI,picked_up,2026-08-04 19:08:44,35
OE000392,order_lifecycle,O00067,C0351,R031,Pizza Kitchen 31,Meerut,Saket,Pizza,4,1605.82,UPI,out_for_delivery,2026-08-04 19:15:44,35
OE000393,order_lifecycle,O00067,C0351,R031,Pizza Kitchen 31,Meerut,Saket,Pizza,4,1605.82,UPI,delivered,2026-08-04 19:17:44,35
OE000394,order_lifecycle,O00068,C0382,R003,Biryani Kitchen 03,Delhi NCR,Connaught Place,Biryani,3,1004.54,Cash,placed,2026-08-14 11:22:59,34
OE000395,order_lifecycle,O00068,C0382,R003,Biryani Kitchen 03,Delhi NCR,Connaught Place,Biryani,3,1004.54,Cash,accepted,2026-08-14 11:28:59,34
OE000396,order_lifecycle,O00068,C0382,R003,Biryani Kitchen 03,Delhi NCR,Connaught Place,Biryani,3,1004.54,Cash,preparing,2026-08-14 11:37:59,34
OE000397,order_lifecycle,O00068,C0382,R003,Biryani Kitchen 03,Delhi NCR,Connaught Place,Biryani,3,1004.54,Cash,picked_up,2026-08-14 11:45:59,34
OE000398,order_lifecycle,O00068,C0382,R003,Biryani Kitchen 03,Delhi NCR,Connaught Place,Biryani,3,1004.54,Cash,out_for_delivery,2026-08-14 11:53:59,34
OE000399,order_lifecycle,O00068,C0382,R003,Biryani Kitchen 03,Delhi NCR,Connaught Place,Biryani,3,1004.54,Cash,delivered,2026-08-14 12:05:59,34
OE000400,order_lifecycle,O00069,C0306,R028,Burgers Kitchen 28,Meerut,Saket,Burgers,3,1397.27,Card,placed,2026-08-09 11:19:13,30
OE000401,order_lifecycle,O00069,C0306,R028,Burgers Kitchen 28,Meerut,Saket,Burgers,3,1397.27,Card,accepted,2026-08-09 11:31:13,30
OE000402,order_lifecycle,O00069,C0306,R028,Burgers Kitchen 28,Meerut,Saket,Burgers,3,1397.27,Card,preparing,2026-08-09 11:41:13,30
OE000403,order_lifecycle,O00069,C0306,R028,Burgers Kitchen 28,Meerut,Saket,Burgers,3,1397.27,Card,picked_up,2026-08-09 11:45:13,30
OE000404,order_lifecycle,O00069,C0306,R028,Burgers Kitchen 28,Meerut,Saket,Burgers,3,1397.27,Card,out_for_delivery,2026-08-09 11:49:13,30
OE000405,order_lifecycle,O00069,C0306,R028,Burgers Kitchen 28,Meerut,Saket,Burgers,3,1397.27,Card,delivered,2026-08-09 11:53:13,30
OE000406,order_lifecycle,O00070,C0372,R060,Pizza Kitchen 60,Delhi NCR,Noida Sector 18,Pizza,3,575.25,UPI,placed,2026-08-06 12:42:41,15
OE000407,order_lifecycle,O00070,C0372,R060,Pizza Kitchen 60,Delhi NCR,Noida Sector 18,Pizza,3,575.25,UPI,accepted,2026-08-06 12:49:41,15
OE000408,order_lifecycle,O00070,C0372,R060,Pizza Kitchen 60,Delhi NCR,Noida Sector 18,Pizza,3,575.25,UPI,preparing,2026-08-06 12:58:41,15
OE000409,order_lifecycle,O00070,C0372,R060,Pizza Kitchen 60,Delhi NCR,Noida Sector 18,Pizza,3,575.25,UPI,picked_up,2026-08-06 13:07:41,15
OE000410,order_lifecycle,O00070,C0372,R060,Pizza Kitchen 60,Delhi NCR,Noida Sector 18,Pizza,3,575.25,UPI,out_for_delivery,2026-08-06 13:14:41,15
OE000411,order_lifecycle,O00070,C0372,R060,Pizza Kitchen 60,Delhi NCR,Noida Sector 18,Pizza,3,575.25,UPI,delivered,2026-08-06 13:25:41,15
OE000412,order_lifecycle,O00071,C0397,R037,South Indian Kitchen 37,Delhi NCR,Noida Sector 18,South Indian,3,1170.6,Card,placed,2026-08-09 11:11:41,18
OE000413,order_lifecycle,O00071,C0397,R037,South Indian Kitchen 37,Delhi NCR,Noida Sector 18,South Indian,3,1170.6,Card,accepted,2026-08-09 11:16:41,18
OE000414,order_lifecycle,O00071,C0397,R037,South Indian Kitchen 37,Delhi NCR,Noida Sector 18,South Indian,3,1170.6,Card,preparing,2026-08-09 11:22:41,18
OE000415,order_lifecycle,O00071,C0397,R037,South Indian Kitchen 37,Delhi NCR,Noida Sector 18,South Indian,3,1170.6,Card,picked_up,2026-08-09 11:34:41,18
OE000416,order_lifecycle,O00071,C0397,R037,South Indian Kitchen 37,Delhi NCR,Noida Sector 18,South Indian,3,1170.6,Card,out_for_delivery,2026-08-09 11:37:41,18
OE000417,order_lifecycle,O00071,C0397,R037,South Indian Kitchen 37,Delhi NCR,Noida Sector 18,South Indian,3,1170.6,Card,delivered,2026-08-09 11:40:41,18
OE000418,order_lifecycle,O00072,C0047,R028,Burgers Kitchen 28,Meerut,Saket,Burgers,5,1556.77,Card,placed,2026-08-09 10:42:15,30
OE000419,order_lifecycle,O00072,C0047,R028,Burgers Kitchen 28,Meerut,Saket,Burgers,5,1556.77,Card,accepted,2026-08-09 10:46:15,30
OE000420,order_lifecycle,O00072,C0047,R028,Burgers Kitchen 28,Meerut,Saket,Burgers,5,1556.77,Card,preparing,2026-08-09 10:55:15,30
OE000421,order_lifecycle,O00072,C0047,R028,Burgers Kitchen 28,Meerut,Saket,Burgers,5,1556.77,Card,picked_up,2026-08-09 10:59:15,30
OE000422,order_lifecycle,O00072,C0047,R028,Burgers Kitchen 28,Meerut,Saket,Burgers,5,1556.77,Card,out_for_delivery,2026-08-09 11:03:15,30
OE000423,order_lifecycle,O00072,C0047,R028,Burgers Kitchen 28,Meerut,Saket,Burgers,5,1556.77,Card,delivered,2026-08-09 11:14:15,30
OE000424,order_lifecycle,O00073,C0053,R035,Cafe Kitchen 35,Delhi NCR,Connaught Place,Cafe,4,478.16,Cash,placed,2026-08-05 19:34:36,32
OE000425,order_lifecycle,O00073,C0053,R035,Cafe Kitchen 35,Delhi NCR,Connaught Place,Cafe,4,478.16,Cash,accepted,2026-08-05 19:37:36,32
OE000426,order_lifecycle,O00073,C0053,R035,Cafe Kitchen 35,Delhi NCR,Connaught Place,Cafe,4,478.16,Cash,preparing,2026-08-05 19:47:36,32
OE000427,order_lifecycle,O00073,C0053,R035,Cafe Kitchen 35,Delhi NCR,Connaught Place,Cafe,4,478.16,Cash,picked_up,2026-08-05 19:53:36,32
OE000428,order_lifecycle,O00073,C0053,R035,Cafe Kitchen 35,Delhi NCR,Connaught Place,Cafe,4,478.16,Cash,out_for_delivery,2026-08-05 20:01:36,32
OE000429,order_lifecycle,O00073,C0053,R035,Cafe Kitchen 35,Delhi NCR,Connaught Place,Cafe,4,478.16,Cash,delivered,2026-08-05 20:06:36,32
OE000430,order_lifecycle,O00074,C0059,R055,Burgers Kitchen 55,Delhi NCR,Noida Sector 18,Burgers,4,457.99,UPI,placed,2026-08-08 17:13:37,33
OE000431,order_lifecycle,O00074,C0059,R055,Burgers Kitchen 55,Delhi NCR,Noida Sector 18,Burgers,4,457.99,UPI,accepted,2026-08-08 17:17:37,33
OE000432,order_lifecycle,O00074,C0059,R055,Burgers Kitchen 55,Delhi NCR,Noida Sector 18,Burgers,4,457.99,UPI,preparing,2026-08-08 17:28:37,33
OE000433,order_lifecycle,O00074,C0059,R055,Burgers Kitchen 55,Delhi NCR,Noida Sector 18,Burgers,4,457.99,UPI,picked_up,2026-08-08 17:39:37,33
OE000434,order_lifecycle,O00074,C0059,R055,Burgers Kitchen 55,Delhi NCR,Noida Sector 18,Burgers,4,457.99,UPI,out_for_delivery,2026-08-08 17:43:37,33
OE000435,order_lifecycle,O00074,C0059,R055,Burgers Kitchen 55,Delhi NCR,Noida Sector 18,Burgers,4,457.99,UPI,delivered,2026-08-08 17:47:37,33
OE000436,order_lifecycle,O00075,C0247,R020,North Indian Kitchen 20,Delhi NCR,Dwarka,North Indian,2,1471.39,Cash,placed,2026-08-14 16:38:09,33
OE000437,order_lifecycle,O00075,C0247,R020,North Indian Kitchen 20,Delhi NCR,Dwarka,North Indian,2,1471.39,Cash,accepted,2026-08-14 16:50:09,33
OE000438,order_lifecycle,O00075,C0247,R020,North Indian Kitchen 20,Delhi NCR,Dwarka,North Indian,2,1471.39,Cash,preparing,2026-08-14 16:57:09,33
OE000439,order_lifecycle,O00075,C0247,R020,North Indian Kitchen 20,Delhi NCR,Dwarka,North Indian,2,1471.39,Cash,picked_up,2026-08-14 17:06:09,33
OE000440,order_lifecycle,O00075,C0247,R020,North Indian Kitchen 20,Delhi NCR,Dwarka,North Indian,2,1471.39,Cash,out_for_delivery,2026-08-14 17:17:09,33
OE000441,order_lifecycle,O00075,C0247,R020,North Indian Kitchen 20,Delhi NCR,Dwarka,North Indian,2,1471.39,Cash,delivered,2026-08-14 17:28:09,33
OE000442,order_lifecycle,O00076,C0348,R048,Pizza Kitchen 48,Meerut,Ganga Nagar,Pizza,5,269.5,Wallet,placed,2026-08-09 16:23:55,21
OE000443,order_lifecycle,O00076,C0348,R048,Pizza Kitchen 48,Meerut,Ganga Nagar,Pizza,5,269.5,Wallet,accepted,2026-08-09 16:32:55,21
OE000444,order_lifecycle,O00076,C0348,R048,Pizza Kitchen 48,Meerut,Ganga Nagar,Pizza,5,269.5,Wallet,preparing,2026-08-09 16:40:55,21
OE000445,order_lifecycle,O00076,C0348,R048,Pizza Kitchen 48,Meerut,Ganga Nagar,Pizza,5,269.5,Wallet,picked_up,2026-08-09 16:47:55,21
OE000446,order_lifecycle,O00076,C0348,R048,Pizza Kitchen 48,Meerut,Ganga Nagar,Pizza,5,269.5,Wallet,out_for_delivery,2026-08-09 16:58:55,21
OE000447,order_lifecycle,O00076,C0348,R048,Pizza Kitchen 48,Meerut,Ganga Nagar,Pizza,5,269.5,Wallet,delivered,2026-08-09 17:09:55,21
OE000448,order_lifecycle,O00077,C0004,R028,Burgers Kitchen 28,Meerut,Saket,Burgers,1,854.15,Card,placed,2026-08-04 21:51:20,30
OE000449,order_lifecycle,O00077,C0004,R028,Burgers Kitchen 28,Meerut,Saket,Burgers,1,854.15,Card,accepted,2026-08-04 22:02:20,30
OE000450,order_lifecycle,O00077,C0004,R028,Burgers Kitchen 28,Meerut,Saket,Burgers,1,854.15,Card,preparing,2026-08-04 22:08:20,30
OE000451,order_lifecycle,O00077,C0004,R028,Burgers Kitchen 28,Meerut,Saket,Burgers,1,854.15,Card,picked_up,2026-08-04 22:14:20,30
OE000452,order_lifecycle,O00077,C0004,R028,Burgers Kitchen 28,Meerut,Saket,Burgers,1,854.15,Card,out_for_delivery,2026-08-04 22:24:20,30
OE000453,order_lifecycle,O00077,C0004,R028,Burgers Kitchen 28,Meerut,Saket,Burgers,1,854.15,Card,delivered,2026-08-04 22:32:20,30
OE000454,order_lifecycle,O00078,C0438,R015,Biryani Kitchen 15,Delhi NCR,Gurugram Cyber City,Biryani,1,1718.79,Card,placed,2026-08-04 17:50:44,14
OE000455,order_lifecycle,O00078,C0438,R015,Biryani Kitchen 15,Delhi NCR,Gurugram Cyber City,Biryani,1,1718.79,Card,accepted,2026-08-04 17:57:44,14
OE000456,order_lifecycle,O00078,C0438,R015,Biryani Kitchen 15,Delhi NCR,Gurugram Cyber City,Biryani,1,1718.79,Card,preparing,2026-08-04 18:07:44,14
OE000457,order_lifecycle,O00078,C0438,R015,Biryani Kitchen 15,Delhi NCR,Gurugram Cyber City,Biryani,1,1718.79,Card,picked_up,2026-08-04 18:18:44,14
OE000458,order_lifecycle,O00078,C0438,R015,Biryani Kitchen 15,Delhi NCR,Gurugram Cyber City,Biryani,1,1718.79,Card,out_for_delivery,2026-08-04 18:30:44,14
OE000459,order_lifecycle,O00078,C0438,R015,Biryani Kitchen 15,Delhi NCR,Gurugram Cyber City,Biryani,1,1718.79,Card,delivered,2026-08-04 18:32:44,14
OE000460,order_lifecycle,O00079,C0147,R052,Biryani Kitchen 52,Meerut,Rohini,Biryani,2,902.36,Cash,placed,2026-08-01 12:40:31,30
OE000461,order_lifecycle,O00079,C0147,R052,Biryani Kitchen 52,Meerut,Rohini,Biryani,2,902.36,Cash,accepted,2026-08-01 12:51:31,30
OE000462,order_lifecycle,O00079,C0147,R052,Biryani Kitchen 52,Meerut,Rohini,Biryani,2,902.36,Cash,preparing,2026-08-01 13:01:31,30
OE000463,order_lifecycle,O00079,C0147,R052,Biryani Kitchen 52,Meerut,Rohini,Biryani,2,902.36,Cash,picked_up,2026-08-01 13:11:31,30
OE000464,order_lifecycle,O00079,C0147,R052,Biryani Kitchen 52,Meerut,Rohini,Biryani,2,902.36,Cash,out_for_delivery,2026-08-01 13:16:31,30
OE000465,order_lifecycle,O00079,C0147,R052,Biryani Kitchen 52,Meerut,Rohini,Biryani,2,902.36,Cash,delivered,2026-08-01 13:27:31,30
OE000466,order_lifecycle,O00080,C0372,R041,North Indian Kitchen 41,Delhi NCR,Connaught Place,North Indian,4,1740.89,Wallet,placed,2026-08-14 14:14:38,22
OE000467,order_lifecycle,O00080,C0372,R041,North Indian Kitchen 41,Delhi NCR,Connaught Place,North Indian,4,1740.89,Wallet,accepted,2026-08-14 14:20:38,22
OE000468,order_lifecycle,O00080,C0372,R041,North Indian Kitchen 41,Delhi NCR,Connaught Place,North Indian,4,1740.89,Wallet,preparing,2026-08-14 14:24:38,22
OE000469,order_lifecycle,O00080,C0372,R041,North Indian Kitchen 41,Delhi NCR,Connaught Place,North Indian,4,1740.89,Wallet,picked_up,2026-08-14 14:32:38,22
OE000470,order_lifecycle,O00080,C0372,R041,North Indian Kitchen 41,Delhi NCR,Connaught Place,North Indian,4,1740.89,Wallet,out_for_delivery,2026-08-14 14:42:38,22
OE000471,order_lifecycle,O00080,C0372,R041,North Indian Kitchen 41,Delhi NCR,Connaught Place,North Indian,4,1740.89,Wallet,delivered,2026-08-14 14:45:38,22
OE000472,order_lifecycle,O00081,C0015,R055,Burgers Kitchen 55,Delhi NCR,Noida Sector 18,Burgers,2,1461.85,Card,placed,2026-08-05 11:24:40,33
OE000473,order_lifecycle,O00081,C0015,R055,Burgers Kitchen 55,Delhi NCR,Noida Sector 18,Burgers,2,1461.85,Card,accepted,2026-08-05 11:32:40,33
OE000474,order_lifecycle,O00081,C0015,R055,Burgers Kitchen 55,Delhi NCR,Noida Sector 18,Burgers,2,1461.85,Card,preparing,2026-08-05 11:39:40,33
OE000475,order_lifecycle,O00081,C0015,R055,Burgers Kitchen 55,Delhi NCR,Noida Sector 18,Burgers,2,1461.85,Card,picked_up,2026-08-05 11:49:40,33
OE000476,order_lifecycle,O00081,C0015,R055,Burgers Kitchen 55,Delhi NCR,Noida Sector 18,Burgers,2,1461.85,Card,out_for_delivery,2026-08-05 11:59:40,33
OE000477,order_lifecycle,O00081,C0015,R055,Burgers Kitchen 55,Delhi NCR,Noida Sector 18,Burgers,2,1461.85,Card,delivered,2026-08-05 12:01:40,33
OE000478,order_lifecycle,O00082,C0447,R018,Healthy Kitchen 18,Meerut,Shastri Nagar,Healthy,3,1538.14,Card,placed,2026-08-04 13:53:15,24
OE000479,order_lifecycle,O00082,C0447,R018,Healthy Kitchen 18,Meerut,Shastri Nagar,Healthy,3,1538.14,Card,accepted,2026-08-04 13:56:15,24
OE000480,order_lifecycle,O00082,C0447,R018,Healthy Kitchen 18,Meerut,Shastri Nagar,Healthy,3,1538.14,Card,preparing,2026-08-04 13:59:15,24
OE000481,order_lifecycle,O00082,C0447,R018,Healthy Kitchen 18,Meerut,Shastri Nagar,Healthy,3,1538.14,Card,picked_up,2026-08-04 14:11:15,24
OE000482,order_lifecycle,O00082,C0447,R018,Healthy Kitchen 18,Meerut,Shastri Nagar,Healthy,3,1538.14,Card,out_for_delivery,2026-08-04 14:23:15,24
OE000483,order_lifecycle,O00082,C0447,R018,Healthy Kitchen 18,Meerut,Shastri Nagar,Healthy,3,1538.14,Card,delivered,2026-08-04 14:32:15,24
OE000484,order_lifecycle,O00083,C0482,R003,Biryani Kitchen 03,Delhi NCR,Connaught Place,Biryani,4,1441.45,UPI,placed,2026-08-06 16:55:43,34
OE000485,order_lifecycle,O00083,C0482,R003,Biryani Kitchen 03,Delhi NCR,Connaught Place,Biryani,4,1441.45,UPI,accepted,2026-08-06 17:04:43,34
OE000486,order_lifecycle,O00083,C0482,R003,Biryani Kitchen 03,Delhi NCR,Connaught Place,Biryani,4,1441.45,UPI,preparing,2026-08-06 17:11:43,34
OE000487,order_lifecycle,O00083,C0482,R003,Biryani Kitchen 03,Delhi NCR,Connaught Place,Biryani,4,1441.45,UPI,picked_up,2026-08-06 17:13:43,34
OE000488,order_lifecycle,O00083,C0482,R003,Biryani Kitchen 03,Delhi NCR,Connaught Place,Biryani,4,1441.45,UPI,out_for_delivery,2026-08-06 17:15:43,34
OE000489,order_lifecycle,O00083,C0482,R003,Biryani Kitchen 03,Delhi NCR,Connaught Place,Biryani,4,1441.45,UPI,delivered,2026-08-06 17:27:43,34
OE000490,order_lifecycle,O00084,C0293,R017,Desserts Kitchen 17,Delhi NCR,Noida Sector 18,Desserts,2,1353.3,Wallet,placed,2026-08-11 13:52:06,35
OE000491,order_lifecycle,O00084,C0293,R017,Desserts Kitchen 17,Delhi NCR,Noida Sector 18,Desserts,2,1353.3,Wallet,accepted,2026-08-11 13:57:06,35
OE000492,order_lifecycle,O00084,C0293,R017,Desserts Kitchen 17,Delhi NCR,Noida Sector 18,Desserts,2,1353.3,Wallet,preparing,2026-08-11 14:01:06,35
OE000493,order_lifecycle,O00084,C0293,R017,Desserts Kitchen 17,Delhi NCR,Noida Sector 18,Desserts,2,1353.3,Wallet,picked_up,2026-08-11 14:05:06,35
OE000494,order_lifecycle,O00084,C0293,R017,Desserts Kitchen 17,Delhi NCR,Noida Sector 18,Desserts,2,1353.3,Wallet,out_for_delivery,2026-08-11 14:14:06,35
OE000495,order_lifecycle,O00084,C0293,R017,Desserts Kitchen 17,Delhi NCR,Noida Sector 18,Desserts,2,1353.3,Wallet,delivered,2026-08-11 14:16:06,35
OE000496,order_lifecycle,O00085,C0185,R024,Chinese Kitchen 24,Meerut,Connaught Place,Chinese,3,858.82,Card,placed,2026-08-09 14:22:01,35
OE000497,order_lifecycle,O00085,C0185,R024,Chinese Kitchen 24,Meerut,Connaught Place,Chinese,3,858.82,Card,accepted,2026-08-09 14:34:01,35
OE000498,order_lifecycle,O00085,C0185,R024,Chinese Kitchen 24,Meerut,Connaught Place,Chinese,3,858.82,Card,preparing,2026-08-09 14:46:01,35
OE000499,order_lifecycle,O00085,C0185,R024,Chinese Kitchen 24,Meerut,Connaught Place,Chinese,3,858.82,Card,picked_up,2026-08-09 14:56:01,35
OE000500,order_lifecycle,O00085,C0185,R024,Chinese Kitchen 24,Meerut,Connaught Place,Chinese,3,858.82,Card,out_for_delivery,2026-08-09 15:00:01,35
OE000501,order_lifecycle,O00085,C0185,R024,Chinese Kitchen 24,Meerut,Connaught Place,Chinese,3,858.82,Card,delivered,2026-08-09 15:06:01,35
OE000502,order_lifecycle,O00086,C0293,R046,Desserts Kitchen 46,Delhi NCR,Shastri Nagar,Desserts,3,701.57,Cash,placed,2026-08-02 12:21:14,17
OE000503,order_lifecycle,O00086,C0293,R046,Desserts Kitchen 46,Delhi NCR,Shastri Nagar,Desserts,3,701.57,Cash,accepted,2026-08-02 12:29:14,17
OE000504,order_lifecycle,O00086,C0293,R046,Desserts Kitchen 46,Delhi NCR,Shastri Nagar,Desserts,3,701.57,Cash,preparing,2026-08-02 12:35:14,17
OE000505,order_lifecycle,O00086,C0293,R046,Desserts Kitchen 46,Delhi NCR,Shastri Nagar,Desserts,3,701.57,Cash,picked_up,2026-08-02 12:44:14,17
OE000506,order_lifecycle,O00086,C0293,R046,Desserts Kitchen 46,Delhi NCR,Shastri Nagar,Desserts,3,701.57,Cash,out_for_delivery,2026-08-02 12:51:14,17
OE000507,order_lifecycle,O00086,C0293,R046,Desserts Kitchen 46,Delhi NCR,Shastri Nagar,Desserts,3,701.57,Cash,delivered,2026-08-02 13:02:14,17
OE000508,order_lifecycle,O00087,C0014,R046,Desserts Kitchen 46,Delhi NCR,Shastri Nagar,Desserts,1,1188.96,Wallet,placed,2026-08-13 11:06:16,17
OE000509,order_lifecycle,O00087,C0014,R046,Desserts Kitchen 46,Delhi NCR,Shastri Nagar,Desserts,1,1188.96,Wallet,accepted,2026-08-13 11:11:16,17
OE000510,order_lifecycle,O00087,C0014,R046,Desserts Kitchen 46,Delhi NCR,Shastri Nagar,Desserts,1,1188.96,Wallet,preparing,2026-08-13 11:17:16,17
OE000511,order_lifecycle,O00087,C0014,R046,Desserts Kitchen 46,Delhi NCR,Shastri Nagar,Desserts,1,1188.96,Wallet,picked_up,2026-08-13 11:26:16,17
OE000512,order_lifecycle,O00087,C0014,R046,Desserts Kitchen 46,Delhi NCR,Shastri Nagar,Desserts,1,1188.96,Wallet,out_for_delivery,2026-08-13 11:38:16,17
OE000513,order_lifecycle,O00087,C0014,R046,Desserts Kitchen 46,Delhi NCR,Shastri Nagar,Desserts,1,1188.96,Wallet,delivered,2026-08-13 11:42:16,17
OE000514,order_lifecycle,O00088,C0223,R034,South Indian Kitchen 34,Meerut,Connaught Place,South Indian,5,755.47,Card,placed,2026-08-11 18:19:58,19
OE000515,order_lifecycle,O00088,C0223,R034,South Indian Kitchen 34,Meerut,Connaught Place,South Indian,5,755.47,Card,accepted,2026-08-11 18:28:58,19
OE000516,order_lifecycle,O00088,C0223,R034,South Indian Kitchen 34,Meerut,Connaught Place,South Indian,5,755.47,Card,preparing,2026-08-11 18:34:58,19
OE000517,order_lifecycle,O00088,C0223,R034,South Indian Kitchen 34,Meerut,Connaught Place,South Indian,5,755.47,Card,picked_up,2026-08-11 18:41:58,19
OE000518,order_lifecycle,O00088,C0223,R034,South Indian Kitchen 34,Meerut,Connaught Place,South Indian,5,755.47,Card,out_for_delivery,2026-08-11 18:49:58,19
OE000519,order_lifecycle,O00088,C0223,R034,South Indian Kitchen 34,Meerut,Connaught Place,South Indian,5,755.47,Card,delivered,2026-08-11 18:55:58,19
OE000520,order_lifecycle,O00089,C0004,R040,Burgers Kitchen 40,Meerut,Shastri Nagar,Burgers,2,899.37,Card,placed,2026-08-04 16:56:35,35
OE000521,order_lifecycle,O00089,C0004,R040,Burgers Kitchen 40,Meerut,Shastri Nagar,Burgers,2,899.37,Card,accepted,2026-08-04 17:08:35,35
OE000522,order_lifecycle,O00089,C0004,R040,Burgers Kitchen 40,Meerut,Shastri Nagar,Burgers,2,899.37,Card,preparing,2026-08-04 17:16:35,35
OE000523,order_lifecycle,O00089,C0004,R040,Burgers Kitchen 40,Meerut,Shastri Nagar,Burgers,2,899.37,Card,picked_up,2026-08-04 17:24:35,35
OE000524,order_lifecycle,O00089,C0004,R040,Burgers Kitchen 40,Meerut,Shastri Nagar,Burgers,2,899.37,Card,out_for_delivery,2026-08-04 17:29:35,35
OE000525,order_lifecycle,O00089,C0004,R040,Burgers Kitchen 40,Meerut,Shastri Nagar,Burgers,2,899.37,Card,delivered,2026-08-04 17:35:35,35
OE000526,order_lifecycle,O00090,C0010,R010,Biryani Kitchen 10,Meerut,Rohini,Biryani,2,651.38,Wallet,placed,2026-08-09 10:11:06,15
OE000527,order_lifecycle,O00090,C0010,R010,Biryani Kitchen 10,Meerut,Rohini,Biryani,2,651.38,Wallet,accepted,2026-08-09 10:16:06,15
OE000528,order_lifecycle,O00090,C0010,R010,Biryani Kitchen 10,Meerut,Rohini,Biryani,2,651.38,Wallet,preparing,2026-08-09 10:19:06,15
OE000529,order_lifecycle,O00090,C0010,R010,Biryani Kitchen 10,Meerut,Rohini,Biryani,2,651.38,Wallet,picked_up,2026-08-09 10:23:06,15
OE000530,order_lifecycle,O00090,C0010,R010,Biryani Kitchen 10,Meerut,Rohini,Biryani,2,651.38,Wallet,out_for_delivery,2026-08-09 10:25:06,15
OE000531,order_lifecycle,O00090,C0010,R010,Biryani Kitchen 10,Meerut,Rohini,Biryani,2,651.38,Wallet,delivered,2026-08-09 10:34:06,15
OE000532,order_lifecycle,O00091,C0425,R004,Healthy Kitchen 04,Meerut,Saket,Healthy,4,1433.96,Card,placed,2026-08-13 21:15:24,20
OE000533,order_lifecycle,O00091,C0425,R004,Healthy Kitchen 04,Meerut,Saket,Healthy,4,1433.96,Card,accepted,2026-08-13 21:17:24,20
OE000534,order_lifecycle,O00091,C0425,R004,Healthy Kitchen 04,Meerut,Saket,Healthy,4,1433.96,Card,preparing,2026-08-13 21:22:24,20
OE000535,order_lifecycle,O00091,C0425,R004,Healthy Kitchen 04,Meerut,Saket,Healthy,4,1433.96,Card,picked_up,2026-08-13 21:31:24,20
OE000536,order_lifecycle,O00091,C0425,R004,Healthy Kitchen 04,Meerut,Saket,Healthy,4,1433.96,Card,out_for_delivery,2026-08-13 21:34:24,20
OE000537,order_lifecycle,O00091,C0425,R004,Healthy Kitchen 04,Meerut,Saket,Healthy,4,1433.96,Card,delivered,2026-08-13 21:44:24,20
OE000538,order_lifecycle,O00092,C0223,R023,Healthy Kitchen 23,Meerut,Gurugram Cyber City,Healthy,2,833.29,UPI,placed,2026-08-03 14:37:07,25
OE000539,order_lifecycle,O00092,C0223,R023,Healthy Kitchen 23,Meerut,Gurugram Cyber City,Healthy,2,833.29,UPI,accepted,2026-08-03 14:48:07,25
OE000540,order_lifecycle,O00092,C0223,R023,Healthy Kitchen 23,Meerut,Gurugram Cyber City,Healthy,2,833.29,UPI,preparing,2026-08-03 14:57:07,25
OE000541,order_lifecycle,O00092,C0223,R023,Healthy Kitchen 23,Meerut,Gurugram Cyber City,Healthy,2,833.29,UPI,picked_up,2026-08-03 15:08:07,25
OE000542,order_lifecycle,O00092,C0223,R023,Healthy Kitchen 23,Meerut,Gurugram Cyber City,Healthy,2,833.29,UPI,out_for_delivery,2026-08-03 15:12:07,25
OE000543,order_lifecycle,O00092,C0223,R023,Healthy Kitchen 23,Meerut,Gurugram Cyber City,Healthy,2,833.29,UPI,delivered,2026-08-03 15:19:07,25
OE000544,order_lifecycle,O00093,C0413,R051,South Indian Kitchen 51,Delhi NCR,Rohini,South Indian,2,773.07,Cash,placed,2026-08-04 10:44:24,33
OE000545,order_lifecycle,O00093,C0413,R051,South Indian Kitchen 51,Delhi NCR,Rohini,South Indian,2,773.07,Cash,accepted,2026-08-04 10:53:24,33
OE000546,order_lifecycle,O00093,C0413,R051,South Indian Kitchen 51,Delhi NCR,Rohini,South Indian,2,773.07,Cash,preparing,2026-08-04 11:02:24,33
OE000547,order_lifecycle,O00093,C0413,R051,South Indian Kitchen 51,Delhi NCR,Rohini,South Indian,2,773.07,Cash,picked_up,2026-08-04 11:12:24,33
OE000548,order_lifecycle,O00093,C0413,R051,South Indian Kitchen 51,Delhi NCR,Rohini,South Indian,2,773.07,Cash,out_for_delivery,2026-08-04 11:18:24,33
OE000549,order_lifecycle,O00093,C0413,R051,South Indian Kitchen 51,Delhi NCR,Rohini,South Indian,2,773.07,Cash,delivered,2026-08-04 11:28:24,33
OE000550,order_lifecycle,O00094,C0439,R024,Chinese Kitchen 24,Meerut,Connaught Place,Chinese,5,301.35,Wallet,placed,2026-08-10 13:20:46,35
OE000551,order_lifecycle,O00094,C0439,R024,Chinese Kitchen 24,Meerut,Connaught Place,Chinese,5,301.35,Wallet,accepted,2026-08-10 13:32:46,35
OE000552,order_lifecycle,O00094,C0439,R024,Chinese Kitchen 24,Meerut,Connaught Place,Chinese,5,301.35,Wallet,preparing,2026-08-10 13:41:46,35
OE000553,order_lifecycle,O00094,C0439,R024,Chinese Kitchen 24,Meerut,Connaught Place,Chinese,5,301.35,Wallet,picked_up,2026-08-10 13:51:46,35
OE000554,order_lifecycle,O00094,C0439,R024,Chinese Kitchen 24,Meerut,Connaught Place,Chinese,5,301.35,Wallet,out_for_delivery,2026-08-10 13:55:46,35
OE000555,order_lifecycle,O00094,C0439,R024,Chinese Kitchen 24,Meerut,Connaught Place,Chinese,5,301.35,Wallet,delivered,2026-08-10 14:06:46,35
OE000556,order_lifecycle,O00095,C0199,R050,North Indian Kitchen 50,Meerut,Dwarka,North Indian,3,609.5,Card,placed,2026-08-09 19:44:37,28
OE000557,order_lifecycle,O00095,C0199,R050,North Indian Kitchen 50,Meerut,Dwarka,North Indian,3,609.5,Card,accepted,2026-08-09 19:47:37,28
OE000558,order_lifecycle,O00095,C0199,R050,North Indian Kitchen 50,Meerut,Dwarka,North Indian,3,609.5,Card,preparing,2026-08-09 19:49:37,28
OE000559,order_lifecycle,O00095,C0199,R050,North Indian Kitchen 50,Meerut,Dwarka,North Indian,3,609.5,Card,picked_up,2026-08-09 19:54:37,28
OE000560,order_lifecycle,O00095,C0199,R050,North Indian Kitchen 50,Meerut,Dwarka,North Indian,3,609.5,Card,out_for_delivery,2026-08-09 20:06:37,28
OE000561,order_lifecycle,O00095,C0199,R050,North Indian Kitchen 50,Meerut,Dwarka,North Indian,3,609.5,Card,delivered,2026-08-09 20:15:37,28
OE000562,order_lifecycle,O00096,C0050,R014,Pizza Kitchen 14,Delhi NCR,Gurugram Cyber City,Pizza,2,508.99,Card,placed,2026-08-04 18:24:12,13
OE000563,order_lifecycle,O00096,C0050,R014,Pizza Kitchen 14,Delhi NCR,Gurugram Cyber City,Pizza,2,508.99,Card,accepted,2026-08-04 18:34:12,13
OE000564,order_lifecycle,O00096,C0050,R014,Pizza Kitchen 14,Delhi NCR,Gurugram Cyber City,Pizza,2,508.99,Card,preparing,2026-08-04 18:42:12,13
OE000565,order_lifecycle,O00096,C0050,R014,Pizza Kitchen 14,Delhi NCR,Gurugram Cyber City,Pizza,2,508.99,Card,picked_up,2026-08-04 18:45:12,13
OE000566,order_lifecycle,O00096,C0050,R014,Pizza Kitchen 14,Delhi NCR,Gurugram Cyber City,Pizza,2,508.99,Card,out_for_delivery,2026-08-04 18:57:12,13
OE000567,order_lifecycle,O00096,C0050,R014,Pizza Kitchen 14,Delhi NCR,Gurugram Cyber City,Pizza,2,508.99,Card,delivered,2026-08-04 19:08:12,13
OE000568,order_lifecycle,O00097,C0433,R024,Chinese Kitchen 24,Meerut,Connaught Place,Chinese,5,1361.39,Card,placed,2026-08-13 20:27:52,35
OE000569,order_lifecycle,O00097,C0433,R024,Chinese Kitchen 24,Meerut,Connaught Place,Chinese,5,1361.39,Card,accepted,2026-08-13 20:32:52,35
OE000570,order_lifecycle,O00097,C0433,R024,Chinese Kitchen 24,Meerut,Connaught Place,Chinese,5,1361.39,Card,preparing,2026-08-13 20:40:52,35
OE000571,order_lifecycle,O00097,C0433,R024,Chinese Kitchen 24,Meerut,Connaught Place,Chinese,5,1361.39,Card,picked_up,2026-08-13 20:50:52,35
OE000572,order_lifecycle,O00097,C0433,R024,Chinese Kitchen 24,Meerut,Connaught Place,Chinese,5,1361.39,Card,out_for_delivery,2026-08-13 20:56:52,35
OE000573,order_lifecycle,O00097,C0433,R024,Chinese Kitchen 24,Meerut,Connaught Place,Chinese,5,1361.39,Card,delivered,2026-08-13 21:03:52,35
OE000574,order_lifecycle,O00098,C0285,R043,Chinese Kitchen 43,Meerut,Dwarka,Chinese,2,769.05,Cash,placed,2026-08-03 11:02:29,19
OE000575,order_lifecycle,O00098,C0285,R043,Chinese Kitchen 43,Meerut,Dwarka,Chinese,2,769.05,Cash,accepted,2026-08-03 11:13:29,19
OE000576,order_lifecycle,O00098,C0285,R043,Chinese Kitchen 43,Meerut,Dwarka,Chinese,2,769.05,Cash,preparing,2026-08-03 11:18:29,19
OE000577,order_lifecycle,O00098,C0285,R043,Chinese Kitchen 43,Meerut,Dwarka,Chinese,2,769.05,Cash,picked_up,2026-08-03 11:23:29,19
OE000578,order_lifecycle,O00098,C0285,R043,Chinese Kitchen 43,Meerut,Dwarka,Chinese,2,769.05,Cash,out_for_delivery,2026-08-03 11:29:29,19
OE000579,order_lifecycle,O00098,C0285,R043,Chinese Kitchen 43,Meerut,Dwarka,Chinese,2,769.05,Cash,delivered,2026-08-03 11:35:29,19
OE000580,order_lifecycle,O00099,C0395,R039,Momos Kitchen 39,Delhi NCR,Rohini,Momos,2,1588.53,UPI,placed,2026-08-14 16:26:59,25
OE000581,order_lifecycle,O00099,C0395,R039,Momos Kitchen 39,Delhi NCR,Rohini,Momos,2,1588.53,UPI,accepted,2026-08-14 16:38:59,25
OE000582,order_lifecycle,O00099,C0395,R039,Momos Kitchen 39,Delhi NCR,Rohini,Momos,2,1588.53,UPI,preparing,2026-08-14 16:46:59,25
OE000583,order_lifecycle,O00099,C0395,R039,Momos Kitchen 39,Delhi NCR,Rohini,Momos,2,1588.53,UPI,picked_up,2026-08-14 16:48:59,25
OE000584,order_lifecycle,O00099,C0395,R039,Momos Kitchen 39,Delhi NCR,Rohini,Momos,2,1588.53,UPI,out_for_delivery,2026-08-14 16:54:59,25
OE000585,order_lifecycle,O00099,C0395,R039,Momos Kitchen 39,Delhi NCR,Rohini,Momos,2,1588.53,UPI,delivered,2026-08-14 17:04:59,25
OE000586,order_lifecycle,O00100,C0173,R013,South Indian Kitchen 13,Delhi NCR,Saket,South Indian,1,838.71,Wallet,placed,2026-08-10 21:03:35,24
OE000587,order_lifecycle,O00100,C0173,R013,South Indian Kitchen 13,Delhi NCR,Saket,South Indian,1,838.71,Wallet,accepted,2026-08-10 21:07:35,24
OE000588,order_lifecycle,O00100,C0173,R013,South Indian Kitchen 13,Delhi NCR,Saket,South Indian,1,838.71,Wallet,preparing,2026-08-10 21:11:35,24
OE000589,order_lifecycle,O00100,C0173,R013,South Indian Kitchen 13,Delhi NCR,Saket,South Indian,1,838.71,Wallet,picked_up,2026-08-10 21:20:35,24
OE000590,order_lifecycle,O00100,C0173,R013,South Indian Kitchen 13,Delhi NCR,Saket,South Indian,1,838.71,Wallet,out_for_delivery,2026-08-10 21:30:35,24
OE000591,order_lifecycle,O00100,C0173,R013,South Indian Kitchen 13,Delhi NCR,Saket,South Indian,1,838.71,Wallet,delivered,2026-08-10 21:35:35,24
OE000592,order_lifecycle,O00101,C0336,R004,Healthy Kitchen 04,Meerut,Saket,Healthy,4,1514.53,Card,placed,2026-08-05 12:22:39,20
OE000593,order_lifecycle,O00101,C0336,R004,Healthy Kitchen 04,Meerut,Saket,Healthy,4,1514.53,Card,accepted,2026-08-05 12:27:39,20
OE000594,order_lifecycle,O00101,C0336,R004,Healthy Kitchen 04,Meerut,Saket,Healthy,4,1514.53,Card,preparing,2026-08-05 12:32:39,20
OE000595,order_lifecycle,O00101,C0336,R004,Healthy Kitchen 04,Meerut,Saket,Healthy,4,1514.53,Card,picked_up,2026-08-05 12:44:39,20
OE000596,order_lifecycle,O00101,C0336,R004,Healthy Kitchen 04,Meerut,Saket,Healthy,4,1514.53,Card,out_for_delivery,2026-08-05 12:51:39,20
OE000597,order_lifecycle,O00101,C0336,R004,Healthy Kitchen 04,Meerut,Saket,Healthy,4,1514.53,Card,delivered,2026-08-05 12:55:39,20
OE000598,order_lifecycle,O00102,C0268,R056,Pizza Kitchen 56,Meerut,Gurugram Cyber City,Pizza,1,1787.68,Wallet,placed,2026-08-09 17:39:46,14
OE000599,order_lifecycle,O00102,C0268,R056,Pizza Kitchen 56,Meerut,Gurugram Cyber City,Pizza,1,1787.68,Wallet,accepted,2026-08-09 17:51:46,14
OE000600,order_lifecycle,O00102,C0268,R056,Pizza Kitchen 56,Meerut,Gurugram Cyber City,Pizza,1,1787.68,Wallet,preparing,2026-08-09 18:01:46,14
OE000601,order_lifecycle,O00102,C0268,R056,Pizza Kitchen 56,Meerut,Gurugram Cyber City,Pizza,1,1787.68,Wallet,picked_up,2026-08-09 18:03:46,14
OE000602,order_lifecycle,O00102,C0268,R056,Pizza Kitchen 56,Meerut,Gurugram Cyber City,Pizza,1,1787.68,Wallet,out_for_delivery,2026-08-09 18:09:46,14
OE000603,order_lifecycle,O00102,C0268,R056,Pizza Kitchen 56,Meerut,Gurugram Cyber City,Pizza,1,1787.68,Wallet,delivered,2026-08-09 18:13:46,14
OE000604,order_lifecycle,O00103,C0162,R060,Pizza Kitchen 60,Delhi NCR,Noida Sector 18,Pizza,4,1001.04,UPI,placed,2026-08-09 11:11:12,15
OE000605,order_lifecycle,O00103,C0162,R060,Pizza Kitchen 60,Delhi NCR,Noida Sector 18,Pizza,4,1001.04,UPI,accepted,2026-08-09 11:18:12,15
OE000606,order_lifecycle,O00103,C0162,R060,Pizza Kitchen 60,Delhi NCR,Noida Sector 18,Pizza,4,1001.04,UPI,preparing,2026-08-09 11:27:12,15
OE000607,order_lifecycle,O00103,C0162,R060,Pizza Kitchen 60,Delhi NCR,Noida Sector 18,Pizza,4,1001.04,UPI,cancelled,2026-08-09 11:35:12,15
OE000608,order_lifecycle,O00104,C0010,R024,Chinese Kitchen 24,Meerut,Connaught Place,Chinese,5,577.93,Cash,placed,2026-08-06 15:40:19,35
OE000609,order_lifecycle,O00104,C0010,R024,Chinese Kitchen 24,Meerut,Connaught Place,Chinese,5,577.93,Cash,accepted,2026-08-06 15:52:19,35
OE000610,order_lifecycle,O00104,C0010,R024,Chinese Kitchen 24,Meerut,Connaught Place,Chinese,5,577.93,Cash,preparing,2026-08-06 15:58:19,35
OE000611,order_lifecycle,O00104,C0010,R024,Chinese Kitchen 24,Meerut,Connaught Place,Chinese,5,577.93,Cash,picked_up,2026-08-06 16:06:19,35
OE000612,order_lifecycle,O00104,C0010,R024,Chinese Kitchen 24,Meerut,Connaught Place,Chinese,5,577.93,Cash,out_for_delivery,2026-08-06 16:08:19,35
OE000613,order_lifecycle,O00104,C0010,R024,Chinese Kitchen 24,Meerut,Connaught Place,Chinese,5,577.93,Cash,delivered,2026-08-06 16:18:19,35
OE000614,order_lifecycle,O00105,C0169,R051,South Indian Kitchen 51,Delhi NCR,Rohini,South Indian,2,1129.65,Card,placed,2026-08-03 13:41:08,33
OE000615,order_lifecycle,O00105,C0169,R051,South Indian Kitchen 51,Delhi NCR,Rohini,South Indian,2,1129.65,Card,accepted,2026-08-03 13:51:08,33
OE000616,order_lifecycle,O00105,C0169,R051,South Indian Kitchen 51,Delhi NCR,Rohini,South Indian,2,1129.65,Card,preparing,2026-08-03 13:55:08,33
OE000617,order_lifecycle,O00105,C0169,R051,South Indian Kitchen 51,Delhi NCR,Rohini,South Indian,2,1129.65,Card,picked_up,2026-08-03 14:03:08,33
OE000618,order_lifecycle,O00105,C0169,R051,South Indian Kitchen 51,Delhi NCR,Rohini,South Indian,2,1129.65,Card,out_for_delivery,2026-08-03 14:07:08,33
OE000619,order_lifecycle,O00105,C0169,R051,South Indian Kitchen 51,Delhi NCR,Rohini,South Indian,2,1129.65,Card,delivered,2026-08-03 14:19:08,33
OE000620,order_lifecycle,O00106,C0382,R035,Cafe Kitchen 35,Delhi NCR,Connaught Place,Cafe,5,495.59,Cash,placed,2026-08-13 13:06:08,32
OE000621,order_lifecycle,O00106,C0382,R035,Cafe Kitchen 35,Delhi NCR,Connaught Place,Cafe,5,495.59,Cash,accepted,2026-08-13 13:17:08,32
OE000622,order_lifecycle,O00106,C0382,R035,Cafe Kitchen 35,Delhi NCR,Connaught Place,Cafe,5,495.59,Cash,preparing,2026-08-13 13:22:08,32
OE000623,order_lifecycle,O00106,C0382,R035,Cafe Kitchen 35,Delhi NCR,Connaught Place,Cafe,5,495.59,Cash,picked_up,2026-08-13 13:33:08,32
OE000624,order_lifecycle,O00106,C0382,R035,Cafe Kitchen 35,Delhi NCR,Connaught Place,Cafe,5,495.59,Cash,out_for_delivery,2026-08-13 13:38:08,32
OE000625,order_lifecycle,O00106,C0382,R035,Cafe Kitchen 35,Delhi NCR,Connaught Place,Cafe,5,495.59,Cash,delivered,2026-08-13 13:43:08,32
OE000626,order_lifecycle,O00107,C0034,R021,Momos Kitchen 21,Delhi NCR,Shastri Nagar,Momos,4,719.83,Card,placed,2026-08-14 19:31:44,26
OE000627,order_lifecycle,O00107,C0034,R021,Momos Kitchen 21,Delhi NCR,Shastri Nagar,Momos,4,719.83,Card,accepted,2026-08-14 19:33:44,26
OE000628,order_lifecycle,O00107,C0034,R021,Momos Kitchen 21,Delhi NCR,Shastri Nagar,Momos,4,719.83,Card,preparing,2026-08-14 19:44:44,26
OE000629,order_lifecycle,O00107,C0034,R021,Momos Kitchen 21,Delhi NCR,Shastri Nagar,Momos,4,719.83,Card,picked_up,2026-08-14 19:52:44,26
OE000630,order_lifecycle,O00107,C0034,R021,Momos Kitchen 21,Delhi NCR,Shastri Nagar,Momos,4,719.83,Card,out_for_delivery,2026-08-14 19:59:44,26
OE000631,order_lifecycle,O00107,C0034,R021,Momos Kitchen 21,Delhi NCR,Shastri Nagar,Momos,4,719.83,Card,delivered,2026-08-14 20:07:44,26
OE000632,order_lifecycle,O00108,C0286,R028,Burgers Kitchen 28,Meerut,Saket,Burgers,4,665.89,Cash,placed,2026-08-13 20:03:12,30
OE000633,order_lifecycle,O00108,C0286,R028,Burgers Kitchen 28,Meerut,Saket,Burgers,4,665.89,Cash,accepted,2026-08-13 20:09:12,30
OE000634,order_lifecycle,O00108,C0286,R028,Burgers Kitchen 28,Meerut,Saket,Burgers,4,665.89,Cash,preparing,2026-08-13 20:18:12,30
OE000635,order_lifecycle,O00108,C0286,R028,Burgers Kitchen 28,Meerut,Saket,Burgers,4,665.89,Cash,picked_up,2026-08-13 20:22:12,30
OE000636,order_lifecycle,O00108,C0286,R028,Burgers Kitchen 28,Meerut,Saket,Burgers,4,665.89,Cash,out_for_delivery,2026-08-13 20:30:12,30
OE000637,order_lifecycle,O00108,C0286,R028,Burgers Kitchen 28,Meerut,Saket,Burgers,4,665.89,Cash,delivered,2026-08-13 20:36:12,30
OE000638,order_lifecycle,O00109,C0166,R052,Biryani Kitchen 52,Meerut,Rohini,Biryani,1,397.67,Wallet,placed,2026-08-12 12:45:46,30
OE000639,order_lifecycle,O00109,C0166,R052,Biryani Kitchen 52,Meerut,Rohini,Biryani,1,397.67,Wallet,accepted,2026-08-12 12:48:46,30
OE000640,order_lifecycle,O00109,C0166,R052,Biryani Kitchen 52,Meerut,Rohini,Biryani,1,397.67,Wallet,preparing,2026-08-12 12:58:46,30
OE000641,order_lifecycle,O00109,C0166,R052,Biryani Kitchen 52,Meerut,Rohini,Biryani,1,397.67,Wallet,picked_up,2026-08-12 13:06:46,30
OE000642,order_lifecycle,O00109,C0166,R052,Biryani Kitchen 52,Meerut,Rohini,Biryani,1,397.67,Wallet,out_for_delivery,2026-08-12 13:16:46,30
OE000643,order_lifecycle,O00109,C0166,R052,Biryani Kitchen 52,Meerut,Rohini,Biryani,1,397.67,Wallet,delivered,2026-08-12 13:27:46,30
OE000644,order_lifecycle,O00110,C0068,R012,Chinese Kitchen 12,Meerut,Gurugram Cyber City,Chinese,4,996.2,UPI,placed,2026-08-10 14:00:29,20
OE000645,order_lifecycle,O00110,C0068,R012,Chinese Kitchen 12,Meerut,Gurugram Cyber City,Chinese,4,996.2,UPI,accepted,2026-08-10 14:09:29,20
OE000646,order_lifecycle,O00110,C0068,R012,Chinese Kitchen 12,Meerut,Gurugram Cyber City,Chinese,4,996.2,UPI,preparing,2026-08-10 14:14:29,20
OE000647,order_lifecycle,O00110,C0068,R012,Chinese Kitchen 12,Meerut,Gurugram Cyber City,Chinese,4,996.2,UPI,picked_up,2026-08-10 14:19:29,20
OE000648,order_lifecycle,O00110,C0068,R012,Chinese Kitchen 12,Meerut,Gurugram Cyber City,Chinese,4,996.2,UPI,out_for_delivery,2026-08-10 14:30:29,20
OE000649,order_lifecycle,O00110,C0068,R012,Chinese Kitchen 12,Meerut,Gurugram Cyber City,Chinese,4,996.2,UPI,delivered,2026-08-10 14:42:29,20
OE000650,order_lifecycle,O00111,C0296,R037,South Indian Kitchen 37,Delhi NCR,Noida Sector 18,South Indian,2,1789.98,Cash,placed,2026-08-02 10:06:26,18
OE000651,order_lifecycle,O00111,C0296,R037,South Indian Kitchen 37,Delhi NCR,Noida Sector 18,South Indian,2,1789.98,Cash,accepted,2026-08-02 10:17:26,18
OE000652,order_lifecycle,O00111,C0296,R037,South Indian Kitchen 37,Delhi NCR,Noida Sector 18,South Indian,2,1789.98,Cash,preparing,2026-08-02 10:28:26,18
OE000653,order_lifecycle,O00111,C0296,R037,South Indian Kitchen 37,Delhi NCR,Noida Sector 18,South Indian,2,1789.98,Cash,picked_up,2026-08-02 10:38:26,18
OE000654,order_lifecycle,O00111,C0296,R037,South Indian Kitchen 37,Delhi NCR,Noida Sector 18,South Indian,2,1789.98,Cash,out_for_delivery,2026-08-02 10:42:26,18
OE000655,order_lifecycle,O00111,C0296,R037,South Indian Kitchen 37,Delhi NCR,Noida Sector 18,South Indian,2,1789.98,Cash,delivered,2026-08-02 10:51:26,18
OE000656,order_lifecycle,O00112,C0314,R006,Biryani Kitchen 06,Meerut,Rohini,Biryani,4,1779.5,Cash,placed,2026-08-10 21:40:33,15
OE000657,order_lifecycle,O00112,C0314,R006,Biryani Kitchen 06,Meerut,Rohini,Biryani,4,1779.5,Cash,accepted,2026-08-10 21:47:33,15
OE000658,order_lifecycle,O00112,C0314,R006,Biryani Kitchen 06,Meerut,Rohini,Biryani,4,1779.5,Cash,preparing,2026-08-10 21:53:33,15
OE000659,order_lifecycle,O00112,C0314,R006,Biryani Kitchen 06,Meerut,Rohini,Biryani,4,1779.5,Cash,picked_up,2026-08-10 22:03:33,15
OE000660,order_lifecycle,O00112,C0314,R006,Biryani Kitchen 06,Meerut,Rohini,Biryani,4,1779.5,Cash,out_for_delivery,2026-08-10 22:14:33,15
OE000661,order_lifecycle,O00112,C0314,R006,Biryani Kitchen 06,Meerut,Rohini,Biryani,4,1779.5,Cash,delivered,2026-08-10 22:25:33,15
OE000662,order_lifecycle,O00113,C0287,R026,Healthy Kitchen 26,Delhi NCR,Dwarka,Healthy,1,607.07,Cash,placed,2026-08-11 13:44:18,17
OE000663,order_lifecycle,O00113,C0287,R026,Healthy Kitchen 26,Delhi NCR,Dwarka,Healthy,1,607.07,Cash,accepted,2026-08-11 13:54:18,17
OE000664,order_lifecycle,O00113,C0287,R026,Healthy Kitchen 26,Delhi NCR,Dwarka,Healthy,1,607.07,Cash,preparing,2026-08-11 14:01:18,17
OE000665,order_lifecycle,O00113,C0287,R026,Healthy Kitchen 26,Delhi NCR,Dwarka,Healthy,1,607.07,Cash,picked_up,2026-08-11 14:03:18,17
OE000666,order_lifecycle,O00113,C0287,R026,Healthy Kitchen 26,Delhi NCR,Dwarka,Healthy,1,607.07,Cash,out_for_delivery,2026-08-11 14:06:18,17
OE000667,order_lifecycle,O00113,C0287,R026,Healthy Kitchen 26,Delhi NCR,Dwarka,Healthy,1,607.07,Cash,delivered,2026-08-11 14:18:18,17
OE000668,order_lifecycle,O00114,C0459,R023,Healthy Kitchen 23,Meerut,Gurugram Cyber City,Healthy,5,289.64,Cash,placed,2026-08-13 16:59:47,25
OE000669,order_lifecycle,O00114,C0459,R023,Healthy Kitchen 23,Meerut,Gurugram Cyber City,Healthy,5,289.64,Cash,accepted,2026-08-13 17:11:47,25
OE000670,order_lifecycle,O00114,C0459,R023,Healthy Kitchen 23,Meerut,Gurugram Cyber City,Healthy,5,289.64,Cash,preparing,2026-08-13 17:18:47,25
OE000671,order_lifecycle,O00114,C0459,R023,Healthy Kitchen 23,Meerut,Gurugram Cyber City,Healthy,5,289.64,Cash,picked_up,2026-08-13 17:28:47,25
OE000672,order_lifecycle,O00114,C0459,R023,Healthy Kitchen 23,Meerut,Gurugram Cyber City,Healthy,5,289.64,Cash,out_for_delivery,2026-08-13 17:38:47,25
OE000673,order_lifecycle,O00114,C0459,R023,Healthy Kitchen 23,Meerut,Gurugram Cyber City,Healthy,5,289.64,Cash,delivered,2026-08-13 17:40:47,25
OE000674,order_lifecycle,O00115,C0440,R038,Healthy Kitchen 38,Delhi NCR,Ganga Nagar,Healthy,2,995.29,Cash,placed,2026-08-01 14:26:05,27
OE000675,order_lifecycle,O00115,C0440,R038,Healthy Kitchen 38,Delhi NCR,Ganga Nagar,Healthy,2,995.29,Cash,accepted,2026-08-01 14:32:05,27
OE000676,order_lifecycle,O00115,C0440,R038,Healthy Kitchen 38,Delhi NCR,Ganga Nagar,Healthy,2,995.29,Cash,preparing,2026-08-01 14:37:05,27
OE000677,order_lifecycle,O00115,C0440,R038,Healthy Kitchen 38,Delhi NCR,Ganga Nagar,Healthy,2,995.29,Cash,picked_up,2026-08-01 14:47:05,27
OE000678,order_lifecycle,O00115,C0440,R038,Healthy Kitchen 38,Delhi NCR,Ganga Nagar,Healthy,2,995.29,Cash,out_for_delivery,2026-08-01 14:53:05,27
OE000679,order_lifecycle,O00115,C0440,R038,Healthy Kitchen 38,Delhi NCR,Ganga Nagar,Healthy,2,995.29,Cash,delivered,2026-08-01 14:57:05,27
OE000680,order_lifecycle,O00116,C0106,R003,Biryani Kitchen 03,Delhi NCR,Connaught Place,Biryani,3,385.34,UPI,placed,2026-08-07 21:55:33,34
OE000681,order_lifecycle,O00116,C0106,R003,Biryani Kitchen 03,Delhi NCR,Connaught Place,Biryani,3,385.34,UPI,accepted,2026-08-07 22:06:33,34
OE000682,order_lifecycle,O00116,C0106,R003,Biryani Kitchen 03,Delhi NCR,Connaught Place,Biryani,3,385.34,UPI,preparing,2026-08-07 22:09:33,34
OE000683,order_lifecycle,O00116,C0106,R003,Biryani Kitchen 03,Delhi NCR,Connaught Place,Biryani,3,385.34,UPI,picked_up,2026-08-07 22:16:33,34
OE000684,order_lifecycle,O00116,C0106,R003,Biryani Kitchen 03,Delhi NCR,Connaught Place,Biryani,3,385.34,UPI,out_for_delivery,2026-08-07 22:25:33,34
OE000685,order_lifecycle,O00116,C0106,R003,Biryani Kitchen 03,Delhi NCR,Connaught Place,Biryani,3,385.34,UPI,delivered,2026-08-07 22:27:33,34
OE000686,order_lifecycle,O00117,C0053,R026,Healthy Kitchen 26,Delhi NCR,Dwarka,Healthy,3,426.49,Card,placed,2026-08-06 18:20:17,17
OE000687,order_lifecycle,O00117,C0053,R026,Healthy Kitchen 26,Delhi NCR,Dwarka,Healthy,3,426.49,Card,accepted,2026-08-06 18:26:17,17
OE000688,order_lifecycle,O00117,C0053,R026,Healthy Kitchen 26,Delhi NCR,Dwarka,Healthy,3,426.49,Card,preparing,2026-08-06 18:37:17,17
OE000689,order_lifecycle,O00117,C0053,R026,Healthy Kitchen 26,Delhi NCR,Dwarka,Healthy,3,426.49,Card,picked_up,2026-08-06 18:44:17,17
OE000690,order_lifecycle,O00117,C0053,R026,Healthy Kitchen 26,Delhi NCR,Dwarka,Healthy,3,426.49,Card,out_for_delivery,2026-08-06 18:54:17,17
OE000691,order_lifecycle,O00117,C0053,R026,Healthy Kitchen 26,Delhi NCR,Dwarka,Healthy,3,426.49,Card,delivered,2026-08-06 19:03:17,17
OE000692,order_lifecycle,O00118,C0387,R056,Pizza Kitchen 56,Meerut,Gurugram Cyber City,Pizza,4,1483.76,UPI,placed,2026-08-10 12:05:52,14
OE000693,order_lifecycle,O00118,C0387,R056,Pizza Kitchen 56,Meerut,Gurugram Cyber City,Pizza,4,1483.76,UPI,accepted,2026-08-10 12:17:52,14
OE000694,order_lifecycle,O00118,C0387,R056,Pizza Kitchen 56,Meerut,Gurugram Cyber City,Pizza,4,1483.76,UPI,preparing,2026-08-10 12:29:52,14
OE000695,order_lifecycle,O00118,C0387,R056,Pizza Kitchen 56,Meerut,Gurugram Cyber City,Pizza,4,1483.76,UPI,picked_up,2026-08-10 12:38:52,14
OE000696,order_lifecycle,O00118,C0387,R056,Pizza Kitchen 56,Meerut,Gurugram Cyber City,Pizza,4,1483.76,UPI,out_for_delivery,2026-08-10 12:47:52,14
OE000697,order_lifecycle,O00118,C0387,R056,Pizza Kitchen 56,Meerut,Gurugram Cyber City,Pizza,4,1483.76,UPI,delivered,2026-08-10 12:52:52,14
OE000698,order_lifecycle,O00119,C0310,R017,Desserts Kitchen 17,Delhi NCR,Noida Sector 18,Desserts,3,1474.81,UPI,placed,2026-08-02 16:52:45,35
OE000699,order_lifecycle,O00119,C0310,R017,Desserts Kitchen 17,Delhi NCR,Noida Sector 18,Desserts,3,1474.81,UPI,accepted,2026-08-02 17:02:45,35
OE000700,order_lifecycle,O00119,C0310,R017,Desserts Kitchen 17,Delhi NCR,Noida Sector 18,Desserts,3,1474.81,UPI,preparing,2026-08-02 17:11:45,35
OE000701,order_lifecycle,O00119,C0310,R017,Desserts Kitchen 17,Delhi NCR,Noida Sector 18,Desserts,3,1474.81,UPI,picked_up,2026-08-02 17:19:45,35
OE000702,order_lifecycle,O00119,C0310,R017,Desserts Kitchen 17,Delhi NCR,Noida Sector 18,Desserts,3,1474.81,UPI,out_for_delivery,2026-08-02 17:30:45,35
OE000703,order_lifecycle,O00119,C0310,R017,Desserts Kitchen 17,Delhi NCR,Noida Sector 18,Desserts,3,1474.81,UPI,delivered,2026-08-02 17:38:45,35
OE000704,order_lifecycle,O00120,C0340,R050,North Indian Kitchen 50,Meerut,Dwarka,North Indian,5,978.61,Wallet,placed,2026-08-12 21:36:53,28
OE000705,order_lifecycle,O00120,C0340,R050,North Indian Kitchen 50,Meerut,Dwarka,North Indian,5,978.61,Wallet,accepted,2026-08-12 21:39:53,28
OE000706,order_lifecycle,O00120,C0340,R050,North Indian Kitchen 50,Meerut,Dwarka,North Indian,5,978.61,Wallet,preparing,2026-08-12 21:48:53,28
OE000707,order_lifecycle,O00120,C0340,R050,North Indian Kitchen 50,Meerut,Dwarka,North Indian,5,978.61,Wallet,picked_up,2026-08-12 21:52:53,28
OE000708,order_lifecycle,O00120,C0340,R050,North Indian Kitchen 50,Meerut,Dwarka,North Indian,5,978.61,Wallet,out_for_delivery,2026-08-12 21:58:53,28
OE000709,order_lifecycle,O00120,C0340,R050,North Indian Kitchen 50,Meerut,Dwarka,North Indian,5,978.61,Wallet,delivered,2026-08-12 22:06:53,28
OE000710,order_lifecycle,O00121,C0106,R038,Healthy Kitchen 38,Delhi NCR,Ganga Nagar,Healthy,4,1709.33,Cash,placed,2026-08-10 20:19:58,27
OE000711,order_lifecycle,O00121,C0106,R038,Healthy Kitchen 38,Delhi NCR,Ganga Nagar,Healthy,4,1709.33,Cash,accepted,2026-08-10 20:30:58,27
OE000712,order_lifecycle,O00121,C0106,R038,Healthy Kitchen 38,Delhi NCR,Ganga Nagar,Healthy,4,1709.33,Cash,preparing,2026-08-10 20:32:58,27
OE000713,order_lifecycle,O00121,C0106,R038,Healthy Kitchen 38,Delhi NCR,Ganga Nagar,Healthy,4,1709.33,Cash,picked_up,2026-08-10 20:43:58,27
OE000714,order_lifecycle,O00121,C0106,R038,Healthy Kitchen 38,Delhi NCR,Ganga Nagar,Healthy,4,1709.33,Cash,out_for_delivery,2026-08-10 20:53:58,27
OE000715,order_lifecycle,O00121,C0106,R038,Healthy Kitchen 38,Delhi NCR,Ganga Nagar,Healthy,4,1709.33,Cash,delivered,2026-08-10 21:01:58,27
OE000716,order_lifecycle,O00122,C0321,R023,Healthy Kitchen 23,Meerut,Gurugram Cyber City,Healthy,2,1072.19,Wallet,placed,2026-08-07 16:24:27,25
OE000717,order_lifecycle,O00122,C0321,R023,Healthy Kitchen 23,Meerut,Gurugram Cyber City,Healthy,2,1072.19,Wallet,accepted,2026-08-07 16:34:27,25
OE000718,order_lifecycle,O00122,C0321,R023,Healthy Kitchen 23,Meerut,Gurugram Cyber City,Healthy,2,1072.19,Wallet,preparing,2026-08-07 16:42:27,25
OE000719,order_lifecycle,O00122,C0321,R023,Healthy Kitchen 23,Meerut,Gurugram Cyber City,Healthy,2,1072.19,Wallet,picked_up,2026-08-07 16:49:27,25
OE000720,order_lifecycle,O00122,C0321,R023,Healthy Kitchen 23,Meerut,Gurugram Cyber City,Healthy,2,1072.19,Wallet,out_for_delivery,2026-08-07 16:57:27,25
OE000721,order_lifecycle,O00122,C0321,R023,Healthy Kitchen 23,Meerut,Gurugram Cyber City,Healthy,2,1072.19,Wallet,delivered,2026-08-07 17:01:27,25
OE000722,order_lifecycle,O00123,C0458,R049,Biryani Kitchen 49,Delhi NCR,Connaught Place,Biryani,4,1083.28,Wallet,placed,2026-08-03 17:32:27,13
OE000723,order_lifecycle,O00123,C0458,R049,Biryani Kitchen 49,Delhi NCR,Connaught Place,Biryani,4,1083.28,Wallet,accepted,2026-08-03 17:36:27,13
OE000724,order_lifecycle,O00123,C0458,R049,Biryani Kitchen 49,Delhi NCR,Connaught Place,Biryani,4,1083.28,Wallet,preparing,2026-08-03 17:44:27,13
OE000725,order_lifecycle,O00123,C0458,R049,Biryani Kitchen 49,Delhi NCR,Connaught Place,Biryani,4,1083.28,Wallet,picked_up,2026-08-03 17:55:27,13
OE000726,order_lifecycle,O00123,C0458,R049,Biryani Kitchen 49,Delhi NCR,Connaught Place,Biryani,4,1083.28,Wallet,out_for_delivery,2026-08-03 17:57:27,13
OE000727,order_lifecycle,O00123,C0458,R049,Biryani Kitchen 49,Delhi NCR,Connaught Place,Biryani,4,1083.28,Wallet,delivered,2026-08-03 18:08:27,13
OE000728,order_lifecycle,O00124,C0265,R007,Burgers Kitchen 07,Meerut,Noida Sector 18,Burgers,1,1209.06,Cash,placed,2026-08-10 11:15:30,35
OE000729,order_lifecycle,O00124,C0265,R007,Burgers Kitchen 07,Meerut,Noida Sector 18,Burgers,1,1209.06,Cash,accepted,2026-08-10 11:22:30,35
OE000730,order_lifecycle,O00124,C0265,R007,Burgers Kitchen 07,Meerut,Noida Sector 18,Burgers,1,1209.06,Cash,preparing,2026-08-10 11:32:30,35
OE000731,order_lifecycle,O00124,C0265,R007,Burgers Kitchen 07,Meerut,Noida Sector 18,Burgers,1,1209.06,Cash,picked_up,2026-08-10 11:34:30,35
OE000732,order_lifecycle,O00124,C0265,R007,Burgers Kitchen 07,Meerut,Noida Sector 18,Burgers,1,1209.06,Cash,out_for_delivery,2026-08-10 11:43:30,35
OE000733,order_lifecycle,O00124,C0265,R007,Burgers Kitchen 07,Meerut,Noida Sector 18,Burgers,1,1209.06,Cash,delivered,2026-08-10 11:52:30,35
OE000734,order_lifecycle,O00125,C0320,R002,South Indian Kitchen 02,Delhi NCR,Shastri Nagar,South Indian,3,322.98,Cash,placed,2026-08-08 11:08:32,14
OE000735,order_lifecycle,O00125,C0320,R002,South Indian Kitchen 02,Delhi NCR,Shastri Nagar,South Indian,3,322.98,Cash,accepted,2026-08-08 11:14:32,14
OE000736,order_lifecycle,O00125,C0320,R002,South Indian Kitchen 02,Delhi NCR,Shastri Nagar,South Indian,3,322.98,Cash,preparing,2026-08-08 11:20:32,14
OE000737,order_lifecycle,O00125,C0320,R002,South Indian Kitchen 02,Delhi NCR,Shastri Nagar,South Indian,3,322.98,Cash,picked_up,2026-08-08 11:26:32,14
OE000738,order_lifecycle,O00125,C0320,R002,South Indian Kitchen 02,Delhi NCR,Shastri Nagar,South Indian,3,322.98,Cash,out_for_delivery,2026-08-08 11:28:32,14
OE000739,order_lifecycle,O00125,C0320,R002,South Indian Kitchen 02,Delhi NCR,Shastri Nagar,South Indian,3,322.98,Cash,delivered,2026-08-08 11:31:32,14
OE000740,order_lifecycle,O00126,C0212,R045,North Indian Kitchen 45,Delhi NCR,Saket,North Indian,5,467.65,Cash,placed,2026-08-11 17:46:40,27
OE000741,order_lifecycle,O00126,C0212,R045,North Indian Kitchen 45,Delhi NCR,Saket,North Indian,5,467.65,Cash,accepted,2026-08-11 17:49:40,27
OE000742,order_lifecycle,O00126,C0212,R045,North Indian Kitchen 45,Delhi NCR,Saket,North Indian,5,467.65,Cash,preparing,2026-08-11 17:51:40,27
OE000743,order_lifecycle,O00126,C0212,R045,North Indian Kitchen 45,Delhi NCR,Saket,North Indian,5,467.65,Cash,cancelled,2026-08-11 17:55:40,27
OE000744,order_lifecycle,O00127,C0244,R037,South Indian Kitchen 37,Delhi NCR,Noida Sector 18,South Indian,4,1293.62,Wallet,placed,2026-08-12 18:14:24,18
OE000745,order_lifecycle,O00127,C0244,R037,South Indian Kitchen 37,Delhi NCR,Noida Sector 18,South Indian,4,1293.62,Wallet,accepted,2026-08-12 18:24:24,18
OE000746,order_lifecycle,O00127,C0244,R037,South Indian Kitchen 37,Delhi NCR,Noida Sector 18,South Indian,4,1293.62,Wallet,preparing,2026-08-12 18:32:24,18
OE000747,order_lifecycle,O00127,C0244,R037,South Indian Kitchen 37,Delhi NCR,Noida Sector 18,South Indian,4,1293.62,Wallet,picked_up,2026-08-12 18:34:24,18
OE000748,order_lifecycle,O00127,C0244,R037,South Indian Kitchen 37,Delhi NCR,Noida Sector 18,South Indian,4,1293.62,Wallet,out_for_delivery,2026-08-12 18:40:24,18
OE000749,order_lifecycle,O00127,C0244,R037,South Indian Kitchen 37,Delhi NCR,Noida Sector 18,South Indian,4,1293.62,Wallet,delivered,2026-08-12 18:49:24,18
OE000750,order_lifecycle,O00128,C0051,R018,Healthy Kitchen 18,Meerut,Shastri Nagar,Healthy,2,1280.47,Card,placed,2026-08-10 16:29:49,24
OE000751,order_lifecycle,O00128,C0051,R018,Healthy Kitchen 18,Meerut,Shastri Nagar,Healthy,2,1280.47,Card,accepted,2026-08-10 16:41:49,24
OE000752,order_lifecycle,O00128,C0051,R018,Healthy Kitchen 18,Meerut,Shastri Nagar,Healthy,2,1280.47,Card,preparing,2026-08-10 16:45:49,24
OE000753,order_lifecycle,O00128,C0051,R018,Healthy Kitchen 18,Meerut,Shastri Nagar,Healthy,2,1280.47,Card,picked_up,2026-08-10 16:52:49,24
OE000754,order_lifecycle,O00128,C0051,R018,Healthy Kitchen 18,Meerut,Shastri Nagar,Healthy,2,1280.47,Card,out_for_delivery,2026-08-10 17:02:49,24
OE000755,order_lifecycle,O00128,C0051,R018,Healthy Kitchen 18,Meerut,Shastri Nagar,Healthy,2,1280.47,Card,delivered,2026-08-10 17:04:49,24
OE000756,order_lifecycle,O00129,C0458,R026,Healthy Kitchen 26,Delhi NCR,Dwarka,Healthy,5,338.22,Card,placed,2026-08-11 11:45:07,17
OE000757,order_lifecycle,O00129,C0458,R026,Healthy Kitchen 26,Delhi NCR,Dwarka,Healthy,5,338.22,Card,accepted,2026-08-11 11:57:07,17
OE000758,order_lifecycle,O00129,C0458,R026,Healthy Kitchen 26,Delhi NCR,Dwarka,Healthy,5,338.22,Card,preparing,2026-08-11 12:08:07,17
OE000759,order_lifecycle,O00129,C0458,R026,Healthy Kitchen 26,Delhi NCR,Dwarka,Healthy,5,338.22,Card,picked_up,2026-08-11 12:12:07,17
OE000760,order_lifecycle,O00129,C0458,R026,Healthy Kitchen 26,Delhi NCR,Dwarka,Healthy,5,338.22,Card,out_for_delivery,2026-08-11 12:15:07,17
OE000761,order_lifecycle,O00129,C0458,R026,Healthy Kitchen 26,Delhi NCR,Dwarka,Healthy,5,338.22,Card,delivered,2026-08-11 12:19:07,17
OE000762,order_lifecycle,O00130,C0092,R051,South Indian Kitchen 51,Delhi NCR,Rohini,South Indian,4,485.51,UPI,placed,2026-08-08 13:39:25,33
OE000763,order_lifecycle,O00130,C0092,R051,South Indian Kitchen 51,Delhi NCR,Rohini,South Indian,4,485.51,UPI,accepted,2026-08-08 13:47:25,33
OE000764,order_lifecycle,O00130,C0092,R051,South Indian Kitchen 51,Delhi NCR,Rohini,South Indian,4,485.51,UPI,preparing,2026-08-08 13:52:25,33
OE000765,order_lifecycle,O00130,C0092,R051,South Indian Kitchen 51,Delhi NCR,Rohini,South Indian,4,485.51,UPI,picked_up,2026-08-08 14:03:25,33
OE000766,order_lifecycle,O00130,C0092,R051,South Indian Kitchen 51,Delhi NCR,Rohini,South Indian,4,485.51,UPI,out_for_delivery,2026-08-08 14:15:25,33
OE000767,order_lifecycle,O00130,C0092,R051,South Indian Kitchen 51,Delhi NCR,Rohini,South Indian,4,485.51,UPI,delivered,2026-08-08 14:18:25,33
OE000768,order_lifecycle,O00131,C0395,R060,Pizza Kitchen 60,Delhi NCR,Noida Sector 18,Pizza,1,1449.5,Card,placed,2026-08-07 16:54:46,15
OE000769,order_lifecycle,O00131,C0395,R060,Pizza Kitchen 60,Delhi NCR,Noida Sector 18,Pizza,1,1449.5,Card,accepted,2026-08-07 16:57:46,15
OE000770,order_lifecycle,O00131,C0395,R060,Pizza Kitchen 60,Delhi NCR,Noida Sector 18,Pizza,1,1449.5,Card,preparing,2026-08-07 17:08:46,15
OE000771,order_lifecycle,O00131,C0395,R060,Pizza Kitchen 60,Delhi NCR,Noida Sector 18,Pizza,1,1449.5,Card,picked_up,2026-08-07 17:18:46,15
OE000772,order_lifecycle,O00131,C0395,R060,Pizza Kitchen 60,Delhi NCR,Noida Sector 18,Pizza,1,1449.5,Card,cancelled,2026-08-07 17:25:46,15
OE000773,order_lifecycle,O00132,C0156,R046,Desserts Kitchen 46,Delhi NCR,Shastri Nagar,Desserts,3,1055.4,UPI,placed,2026-08-11 20:05:23,17
OE000774,order_lifecycle,O00132,C0156,R046,Desserts Kitchen 46,Delhi NCR,Shastri Nagar,Desserts,3,1055.4,UPI,accepted,2026-08-11 20:11:23,17
OE000775,order_lifecycle,O00132,C0156,R046,Desserts Kitchen 46,Delhi NCR,Shastri Nagar,Desserts,3,1055.4,UPI,preparing,2026-08-11 20:23:23,17
OE000776,order_lifecycle,O00132,C0156,R046,Desserts Kitchen 46,Delhi NCR,Shastri Nagar,Desserts,3,1055.4,UPI,picked_up,2026-08-11 20:28:23,17
OE000777,order_lifecycle,O00132,C0156,R046,Desserts Kitchen 46,Delhi NCR,Shastri Nagar,Desserts,3,1055.4,UPI,out_for_delivery,2026-08-11 20:32:23,17
OE000778,order_lifecycle,O00132,C0156,R046,Desserts Kitchen 46,Delhi NCR,Shastri Nagar,Desserts,3,1055.4,UPI,delivered,2026-08-11 20:42:23,17
OE000779,order_lifecycle,O00133,C0304,R016,Biryani Kitchen 16,Meerut,Saket,Biryani,4,1229.45,Wallet,placed,2026-08-07 11:50:34,24
OE000780,order_lifecycle,O00133,C0304,R016,Biryani Kitchen 16,Meerut,Saket,Biryani,4,1229.45,Wallet,accepted,2026-08-07 11:52:34,24
OE000781,order_lifecycle,O00133,C0304,R016,Biryani Kitchen 16,Meerut,Saket,Biryani,4,1229.45,Wallet,preparing,2026-08-07 11:54:34,24
OE000782,order_lifecycle,O00133,C0304,R016,Biryani Kitchen 16,Meerut,Saket,Biryani,4,1229.45,Wallet,picked_up,2026-08-07 12:01:34,24
OE000783,order_lifecycle,O00133,C0304,R016,Biryani Kitchen 16,Meerut,Saket,Biryani,4,1229.45,Wallet,out_for_delivery,2026-08-07 12:03:34,24
OE000784,order_lifecycle,O00133,C0304,R016,Biryani Kitchen 16,Meerut,Saket,Biryani,4,1229.45,Wallet,delivered,2026-08-07 12:10:34,24
OE000785,order_lifecycle,O00134,C0324,R006,Biryani Kitchen 06,Meerut,Rohini,Biryani,5,473.1,UPI,placed,2026-08-14 11:29:39,15
OE000786,order_lifecycle,O00134,C0324,R006,Biryani Kitchen 06,Meerut,Rohini,Biryani,5,473.1,UPI,accepted,2026-08-14 11:32:39,15
OE000787,order_lifecycle,O00134,C0324,R006,Biryani Kitchen 06,Meerut,Rohini,Biryani,5,473.1,UPI,preparing,2026-08-14 11:35:39,15
OE000788,order_lifecycle,O00134,C0324,R006,Biryani Kitchen 06,Meerut,Rohini,Biryani,5,473.1,UPI,picked_up,2026-08-14 11:44:39,15
OE000789,order_lifecycle,O00134,C0324,R006,Biryani Kitchen 06,Meerut,Rohini,Biryani,5,473.1,UPI,out_for_delivery,2026-08-14 11:55:39,15
OE000790,order_lifecycle,O00134,C0324,R006,Biryani Kitchen 06,Meerut,Rohini,Biryani,5,473.1,UPI,delivered,2026-08-14 12:06:39,15
OE000791,order_lifecycle,O00135,C0225,R016,Biryani Kitchen 16,Meerut,Saket,Biryani,5,1555.79,Wallet,placed,2026-08-01 12:06:50,24
OE000792,order_lifecycle,O00135,C0225,R016,Biryani Kitchen 16,Meerut,Saket,Biryani,5,1555.79,Wallet,accepted,2026-08-01 12:08:50,24
OE000793,order_lifecycle,O00135,C0225,R016,Biryani Kitchen 16,Meerut,Saket,Biryani,5,1555.79,Wallet,preparing,2026-08-01 12:17:50,24
OE000794,order_lifecycle,O00135,C0225,R016,Biryani Kitchen 16,Meerut,Saket,Biryani,5,1555.79,Wallet,picked_up,2026-08-01 12:20:50,24
OE000795,order_lifecycle,O00135,C0225,R016,Biryani Kitchen 16,Meerut,Saket,Biryani,5,1555.79,Wallet,out_for_delivery,2026-08-01 12:22:50,24
OE000796,order_lifecycle,O00135,C0225,R016,Biryani Kitchen 16,Meerut,Saket,Biryani,5,1555.79,Wallet,delivered,2026-08-01 12:24:50,24
OE000797,order_lifecycle,O00136,C0424,R057,North Indian Kitchen 57,Meerut,Rohini,North Indian,1,577.02,UPI,placed,2026-08-06 16:00:35,18
OE000798,order_lifecycle,O00136,C0424,R057,North Indian Kitchen 57,Meerut,Rohini,North Indian,1,577.02,UPI,accepted,2026-08-06 16:10:35,18
OE000799,order_lifecycle,O00136,C0424,R057,North Indian Kitchen 57,Meerut,Rohini,North Indian,1,577.02,UPI,preparing,2026-08-06 16:20:35,18
OE000800,order_lifecycle,O00136,C0424,R057,North Indian Kitchen 57,Meerut,Rohini,North Indian,1,577.02,UPI,picked_up,2026-08-06 16:25:35,18
OE000801,order_lifecycle,O00136,C0424,R057,North Indian Kitchen 57,Meerut,Rohini,North Indian,1,577.02,UPI,out_for_delivery,2026-08-06 16:34:35,18
OE000802,order_lifecycle,O00136,C0424,R057,North Indian Kitchen 57,Meerut,Rohini,North Indian,1,577.02,UPI,delivered,2026-08-06 16:46:35,18
OE000803,order_lifecycle,O00137,C0015,R060,Pizza Kitchen 60,Delhi NCR,Noida Sector 18,Pizza,5,1354.24,Cash,placed,2026-08-02 11:57:15,15
OE000804,order_lifecycle,O00137,C0015,R060,Pizza Kitchen 60,Delhi NCR,Noida Sector 18,Pizza,5,1354.24,Cash,accepted,2026-08-02 12:09:15,15
OE000805,order_lifecycle,O00137,C0015,R060,Pizza Kitchen 60,Delhi NCR,Noida Sector 18,Pizza,5,1354.24,Cash,preparing,2026-08-02 12:16:15,15
OE000806,order_lifecycle,O00137,C0015,R060,Pizza Kitchen 60,Delhi NCR,Noida Sector 18,Pizza,5,1354.24,Cash,picked_up,2026-08-02 12:21:15,15
OE000807,order_lifecycle,O00137,C0015,R060,Pizza Kitchen 60,Delhi NCR,Noida Sector 18,Pizza,5,1354.24,Cash,out_for_delivery,2026-08-02 12:24:15,15
OE000808,order_lifecycle,O00137,C0015,R060,Pizza Kitchen 60,Delhi NCR,Noida Sector 18,Pizza,5,1354.24,Cash,delivered,2026-08-02 12:31:15,15
OE000809,order_lifecycle,O00138,C0184,R035,Cafe Kitchen 35,Delhi NCR,Connaught Place,Cafe,3,1109.87,Card,placed,2026-08-06 12:02:44,32
OE000810,order_lifecycle,O00138,C0184,R035,Cafe Kitchen 35,Delhi NCR,Connaught Place,Cafe,3,1109.87,Card,accepted,2026-08-06 12:11:44,32
OE000811,order_lifecycle,O00138,C0184,R035,Cafe Kitchen 35,Delhi NCR,Connaught Place,Cafe,3,1109.87,Card,preparing,2026-08-06 12:20:44,32
OE000812,order_lifecycle,O00138,C0184,R035,Cafe Kitchen 35,Delhi NCR,Connaught Place,Cafe,3,1109.87,Card,picked_up,2026-08-06 12:28:44,32
OE000813,order_lifecycle,O00138,C0184,R035,Cafe Kitchen 35,Delhi NCR,Connaught Place,Cafe,3,1109.87,Card,out_for_delivery,2026-08-06 12:32:44,32
OE000814,order_lifecycle,O00138,C0184,R035,Cafe Kitchen 35,Delhi NCR,Connaught Place,Cafe,3,1109.87,Card,delivered,2026-08-06 12:39:44,32
OE000815,order_lifecycle,O00139,C0220,R029,South Indian Kitchen 29,Delhi NCR,Ganga Nagar,South Indian,5,1626.92,Card,placed,2026-08-06 16:37:14,29
OE000816,order_lifecycle,O00139,C0220,R029,South Indian Kitchen 29,Delhi NCR,Ganga Nagar,South Indian,5,1626.92,Card,accepted,2026-08-06 16:39:14,29
OE000817,order_lifecycle,O00139,C0220,R029,South Indian Kitchen 29,Delhi NCR,Ganga Nagar,South Indian,5,1626.92,Card,preparing,2026-08-06 16:47:14,29
OE000818,order_lifecycle,O00139,C0220,R029,South Indian Kitchen 29,Delhi NCR,Ganga Nagar,South Indian,5,1626.92,Card,picked_up,2026-08-06 16:49:14,29
OE000819,order_lifecycle,O00139,C0220,R029,South Indian Kitchen 29,Delhi NCR,Ganga Nagar,South Indian,5,1626.92,Card,out_for_delivery,2026-08-06 16:51:14,29
OE000820,order_lifecycle,O00139,C0220,R029,South Indian Kitchen 29,Delhi NCR,Ganga Nagar,South Indian,5,1626.92,Card,delivered,2026-08-06 17:00:14,29
OE000821,order_lifecycle,O00140,C0332,R007,Burgers Kitchen 07,Meerut,Noida Sector 18,Burgers,5,1325.29,UPI,placed,2026-08-08 20:19:10,35
OE000822,order_lifecycle,O00140,C0332,R007,Burgers Kitchen 07,Meerut,Noida Sector 18,Burgers,5,1325.29,UPI,accepted,2026-08-08 20:28:10,35
OE000823,order_lifecycle,O00140,C0332,R007,Burgers Kitchen 07,Meerut,Noida Sector 18,Burgers,5,1325.29,UPI,preparing,2026-08-08 20:32:10,35
OE000824,order_lifecycle,O00140,C0332,R007,Burgers Kitchen 07,Meerut,Noida Sector 18,Burgers,5,1325.29,UPI,picked_up,2026-08-08 20:40:10,35
OE000825,order_lifecycle,O00140,C0332,R007,Burgers Kitchen 07,Meerut,Noida Sector 18,Burgers,5,1325.29,UPI,out_for_delivery,2026-08-08 20:44:10,35
OE000826,order_lifecycle,O00140,C0332,R007,Burgers Kitchen 07,Meerut,Noida Sector 18,Burgers,5,1325.29,UPI,delivered,2026-08-08 20:51:10,35
OE000827,order_lifecycle,O00141,C0346,R024,Chinese Kitchen 24,Meerut,Connaught Place,Chinese,3,1190.61,Cash,placed,2026-08-02 16:23:29,35
OE000828,order_lifecycle,O00141,C0346,R024,Chinese Kitchen 24,Meerut,Connaught Place,Chinese,3,1190.61,Cash,accepted,2026-08-02 16:33:29,35
OE000829,order_lifecycle,O00141,C0346,R024,Chinese Kitchen 24,Meerut,Connaught Place,Chinese,3,1190.61,Cash,preparing,2026-08-02 16:36:29,35
OE000830,order_lifecycle,O00141,C0346,R024,Chinese Kitchen 24,Meerut,Connaught Place,Chinese,3,1190.61,Cash,picked_up,2026-08-02 16:46:29,35
OE000831,order_lifecycle,O00141,C0346,R024,Chinese Kitchen 24,Meerut,Connaught Place,Chinese,3,1190.61,Cash,out_for_delivery,2026-08-02 16:51:29,35
OE000832,order_lifecycle,O00141,C0346,R024,Chinese Kitchen 24,Meerut,Connaught Place,Chinese,3,1190.61,Cash,delivered,2026-08-02 16:55:29,35
OE000833,order_lifecycle,O00142,C0425,R009,Cafe Kitchen 09,Meerut,Saket,Cafe,3,1052.57,Wallet,placed,2026-08-12 18:43:52,13
OE000834,order_lifecycle,O00142,C0425,R009,Cafe Kitchen 09,Meerut,Saket,Cafe,3,1052.57,Wallet,accepted,2026-08-12 18:55:52,13
OE000835,order_lifecycle,O00142,C0425,R009,Cafe Kitchen 09,Meerut,Saket,Cafe,3,1052.57,Wallet,preparing,2026-08-12 18:58:52,13
OE000836,order_lifecycle,O00142,C0425,R009,Cafe Kitchen 09,Meerut,Saket,Cafe,3,1052.57,Wallet,picked_up,2026-08-12 19:03:52,13
OE000837,order_lifecycle,O00142,C0425,R009,Cafe Kitchen 09,Meerut,Saket,Cafe,3,1052.57,Wallet,out_for_delivery,2026-08-12 19:12:52,13
OE000838,order_lifecycle,O00142,C0425,R009,Cafe Kitchen 09,Meerut,Saket,Cafe,3,1052.57,Wallet,delivered,2026-08-12 19:15:52,13
OE000839,order_lifecycle,O00143,C0350,R040,Burgers Kitchen 40,Meerut,Shastri Nagar,Burgers,1,1380.33,Cash,placed,2026-08-08 15:26:28,35
OE000840,order_lifecycle,O00143,C0350,R040,Burgers Kitchen 40,Meerut,Shastri Nagar,Burgers,1,1380.33,Cash,accepted,2026-08-08 15:28:28,35
OE000841,order_lifecycle,O00143,C0350,R040,Burgers Kitchen 40,Meerut,Shastri Nagar,Burgers,1,1380.33,Cash,preparing,2026-08-08 15:33:28,35
OE000842,order_lifecycle,O00143,C0350,R040,Burgers Kitchen 40,Meerut,Shastri Nagar,Burgers,1,1380.33,Cash,picked_up,2026-08-08 15:43:28,35
OE000843,order_lifecycle,O00143,C0350,R040,Burgers Kitchen 40,Meerut,Shastri Nagar,Burgers,1,1380.33,Cash,out_for_delivery,2026-08-08 15:55:28,35
OE000844,order_lifecycle,O00143,C0350,R040,Burgers Kitchen 40,Meerut,Shastri Nagar,Burgers,1,1380.33,Cash,delivered,2026-08-08 16:02:28,35
OE000845,order_lifecycle,O00144,C0275,R036,North Indian Kitchen 36,Delhi NCR,Rohini,North Indian,2,1266.17,Card,placed,2026-08-03 21:44:57,22
OE000846,order_lifecycle,O00144,C0275,R036,North Indian Kitchen 36,Delhi NCR,Rohini,North Indian,2,1266.17,Card,accepted,2026-08-03 21:46:57,22
OE000847,order_lifecycle,O00144,C0275,R036,North Indian Kitchen 36,Delhi NCR,Rohini,North Indian,2,1266.17,Card,preparing,2026-08-03 21:53:57,22
OE000848,order_lifecycle,O00144,C0275,R036,North Indian Kitchen 36,Delhi NCR,Rohini,North Indian,2,1266.17,Card,picked_up,2026-08-03 22:04:57,22
OE000849,order_lifecycle,O00144,C0275,R036,North Indian Kitchen 36,Delhi NCR,Rohini,North Indian,2,1266.17,Card,out_for_delivery,2026-08-03 22:08:57,22
OE000850,order_lifecycle,O00144,C0275,R036,North Indian Kitchen 36,Delhi NCR,Rohini,North Indian,2,1266.17,Card,delivered,2026-08-03 22:17:57,22
OE000851,order_lifecycle,O00145,C0497,R054,Cafe Kitchen 54,Meerut,Noida Sector 18,Cafe,3,672.89,Card,placed,2026-08-09 15:41:45,34
OE000852,order_lifecycle,O00145,C0497,R054,Cafe Kitchen 54,Meerut,Noida Sector 18,Cafe,3,672.89,Card,accepted,2026-08-09 15:50:45,34
OE000853,order_lifecycle,O00145,C0497,R054,Cafe Kitchen 54,Meerut,Noida Sector 18,Cafe,3,672.89,Card,preparing,2026-08-09 15:57:45,34
OE000854,order_lifecycle,O00145,C0497,R054,Cafe Kitchen 54,Meerut,Noida Sector 18,Cafe,3,672.89,Card,picked_up,2026-08-09 16:00:45,34
OE000855,order_lifecycle,O00145,C0497,R054,Cafe Kitchen 54,Meerut,Noida Sector 18,Cafe,3,672.89,Card,out_for_delivery,2026-08-09 16:09:45,34
OE000856,order_lifecycle,O00145,C0497,R054,Cafe Kitchen 54,Meerut,Noida Sector 18,Cafe,3,672.89,Card,delivered,2026-08-09 16:11:45,34
OE000857,order_lifecycle,O00146,C0229,R050,North Indian Kitchen 50,Meerut,Dwarka,North Indian,5,984.74,UPI,placed,2026-08-02 18:25:12,28
OE000858,order_lifecycle,O00146,C0229,R050,North Indian Kitchen 50,Meerut,Dwarka,North Indian,5,984.74,UPI,accepted,2026-08-02 18:32:12,28
OE000859,order_lifecycle,O00146,C0229,R050,North Indian Kitchen 50,Meerut,Dwarka,North Indian,5,984.74,UPI,preparing,2026-08-02 18:40:12,28
OE000860,order_lifecycle,O00146,C0229,R050,North Indian Kitchen 50,Meerut,Dwarka,North Indian,5,984.74,UPI,picked_up,2026-08-02 18:44:12,28
OE000861,order_lifecycle,O00146,C0229,R050,North Indian Kitchen 50,Meerut,Dwarka,North Indian,5,984.74,UPI,out_for_delivery,2026-08-02 18:52:12,28
OE000862,order_lifecycle,O00146,C0229,R050,North Indian Kitchen 50,Meerut,Dwarka,North Indian,5,984.74,UPI,delivered,2026-08-02 18:59:12,28
OE000863,order_lifecycle,O00147,C0107,R022,Healthy Kitchen 22,Meerut,Connaught Place,Healthy,5,1693.04,Wallet,placed,2026-08-14 18:21:04,15
OE000864,order_lifecycle,O00147,C0107,R022,Healthy Kitchen 22,Meerut,Connaught Place,Healthy,5,1693.04,Wallet,accepted,2026-08-14 18:29:04,15
OE000865,order_lifecycle,O00147,C0107,R022,Healthy Kitchen 22,Meerut,Connaught Place,Healthy,5,1693.04,Wallet,preparing,2026-08-14 18:41:04,15
OE000866,order_lifecycle,O00147,C0107,R022,Healthy Kitchen 22,Meerut,Connaught Place,Healthy,5,1693.04,Wallet,picked_up,2026-08-14 18:47:04,15
OE000867,order_lifecycle,O00147,C0107,R022,Healthy Kitchen 22,Meerut,Connaught Place,Healthy,5,1693.04,Wallet,out_for_delivery,2026-08-14 18:55:04,15
OE000868,order_lifecycle,O00147,C0107,R022,Healthy Kitchen 22,Meerut,Connaught Place,Healthy,5,1693.04,Wallet,delivered,2026-08-14 18:59:04,15
OE000869,order_lifecycle,O00148,C0079,R018,Healthy Kitchen 18,Meerut,Shastri Nagar,Healthy,3,1246.1,Wallet,placed,2026-08-11 20:30:07,24
OE000870,order_lifecycle,O00148,C0079,R018,Healthy Kitchen 18,Meerut,Shastri Nagar,Healthy,3,1246.1,Wallet,accepted,2026-08-11 20:42:07,24
OE000871,order_lifecycle,O00148,C0079,R018,Healthy Kitchen 18,Meerut,Shastri Nagar,Healthy,3,1246.1,Wallet,preparing,2026-08-11 20:47:07,24
OE000872,order_lifecycle,O00148,C0079,R018,Healthy Kitchen 18,Meerut,Shastri Nagar,Healthy,3,1246.1,Wallet,picked_up,2026-08-11 20:49:07,24
OE000873,order_lifecycle,O00148,C0079,R018,Healthy Kitchen 18,Meerut,Shastri Nagar,Healthy,3,1246.1,Wallet,out_for_delivery,2026-08-11 20:52:07,24
OE000874,order_lifecycle,O00148,C0079,R018,Healthy Kitchen 18,Meerut,Shastri Nagar,Healthy,3,1246.1,Wallet,delivered,2026-08-11 20:58:07,24
OE000875,order_lifecycle,O00149,C0084,R005,North Indian Kitchen 05,Delhi NCR,Shastri Nagar,North Indian,1,1728.25,Cash,placed,2026-08-06 16:40:58,16
OE000876,order_lifecycle,O00149,C0084,R005,North Indian Kitchen 05,Delhi NCR,Shastri Nagar,North Indian,1,1728.25,Cash,accepted,2026-08-06 16:52:58,16
OE000877,order_lifecycle,O00149,C0084,R005,North Indian Kitchen 05,Delhi NCR,Shastri Nagar,North Indian,1,1728.25,Cash,preparing,2026-08-06 16:55:58,16
OE000878,order_lifecycle,O00149,C0084,R005,North Indian Kitchen 05,Delhi NCR,Shastri Nagar,North Indian,1,1728.25,Cash,picked_up,2026-08-06 17:05:58,16
OE000879,order_lifecycle,O00149,C0084,R005,North Indian Kitchen 05,Delhi NCR,Shastri Nagar,North Indian,1,1728.25,Cash,out_for_delivery,2026-08-06 17:10:58,16
OE000880,order_lifecycle,O00149,C0084,R005,North Indian Kitchen 05,Delhi NCR,Shastri Nagar,North Indian,1,1728.25,Cash,delivered,2026-08-06 17:22:58,16
OE000881,order_lifecycle,O00150,C0175,R011,Momos Kitchen 11,Meerut,Ganga Nagar,Momos,5,1530.52,UPI,placed,2026-08-04 12:32:14,23
OE000882,order_lifecycle,O00150,C0175,R011,Momos Kitchen 11,Meerut,Ganga Nagar,Momos,5,1530.52,UPI,accepted,2026-08-04 12:35:14,23
OE000883,order_lifecycle,O00150,C0175,R011,Momos Kitchen 11,Meerut,Ganga Nagar,Momos,5,1530.52,UPI,preparing,2026-08-04 12:38:14,23
OE000884,order_lifecycle,O00150,C0175,R011,Momos Kitchen 11,Meerut,Ganga Nagar,Momos,5,1530.52,UPI,picked_up,2026-08-04 12:42:14,23
OE000885,order_lifecycle,O00150,C0175,R011,Momos Kitchen 11,Meerut,Ganga Nagar,Momos,5,1530.52,UPI,out_for_delivery,2026-08-04 12:44:14,23
OE000886,order_lifecycle,O00150,C0175,R011,Momos Kitchen 11,Meerut,Ganga Nagar,Momos,5,1530.52,UPI,delivered,2026-08-04 12:53:14,23
OE000887,order_lifecycle,O00151,C0058,R008,Desserts Kitchen 08,Delhi NCR,Shastri Nagar,Desserts,1,268.03,UPI,placed,2026-08-13 17:48:27,21
OE000888,order_lifecycle,O00151,C0058,R008,Desserts Kitchen 08,Delhi NCR,Shastri Nagar,Desserts,1,268.03,UPI,accepted,2026-08-13 17:58:27,21
OE000889,order_lifecycle,O00151,C0058,R008,Desserts Kitchen 08,Delhi NCR,Shastri Nagar,Desserts,1,268.03,UPI,preparing,2026-08-13 18:09:27,21
OE000890,order_lifecycle,O00151,C0058,R008,Desserts Kitchen 08,Delhi NCR,Shastri Nagar,Desserts,1,268.03,UPI,picked_up,2026-08-13 18:11:27,21
OE000891,order_lifecycle,O00151,C0058,R008,Desserts Kitchen 08,Delhi NCR,Shastri Nagar,Desserts,1,268.03,UPI,out_for_delivery,2026-08-13 18:20:27,21
OE000892,order_lifecycle,O00151,C0058,R008,Desserts Kitchen 08,Delhi NCR,Shastri Nagar,Desserts,1,268.03,UPI,delivered,2026-08-13 18:23:27,21
OE000893,order_lifecycle,O00152,C0483,R018,Healthy Kitchen 18,Meerut,Shastri Nagar,Healthy,5,1001.02,Card,placed,2026-08-06 15:10:54,24
OE000894,order_lifecycle,O00152,C0483,R018,Healthy Kitchen 18,Meerut,Shastri Nagar,Healthy,5,1001.02,Card,accepted,2026-08-06 15:13:54,24
OE000895,order_lifecycle,O00152,C0483,R018,Healthy Kitchen 18,Meerut,Shastri Nagar,Healthy,5,1001.02,Card,preparing,2026-08-06 15:16:54,24
OE000896,order_lifecycle,O00152,C0483,R018,Healthy Kitchen 18,Meerut,Shastri Nagar,Healthy,5,1001.02,Card,picked_up,2026-08-06 15:27:54,24
OE000897,order_lifecycle,O00152,C0483,R018,Healthy Kitchen 18,Meerut,Shastri Nagar,Healthy,5,1001.02,Card,out_for_delivery,2026-08-06 15:29:54,24
OE000898,order_lifecycle,O00152,C0483,R018,Healthy Kitchen 18,Meerut,Shastri Nagar,Healthy,5,1001.02,Card,delivered,2026-08-06 15:39:54,24
OE000899,order_lifecycle,O00153,C0491,R014,Pizza Kitchen 14,Delhi NCR,Gurugram Cyber City,Pizza,2,542.84,Wallet,placed,2026-08-14 15:24:27,13
OE000900,order_lifecycle,O00153,C0491,R014,Pizza Kitchen 14,Delhi NCR,Gurugram Cyber City,Pizza,2,542.84,Wallet,accepted,2026-08-14 15:31:27,13
OE000901,order_lifecycle,O00153,C0491,R014,Pizza Kitchen 14,Delhi NCR,Gurugram Cyber City,Pizza,2,542.84,Wallet,preparing,2026-08-14 15:34:27,13
OE000902,order_lifecycle,O00153,C0491,R014,Pizza Kitchen 14,Delhi NCR,Gurugram Cyber City,Pizza,2,542.84,Wallet,picked_up,2026-08-14 15:43:27,13
OE000903,order_lifecycle,O00153,C0491,R014,Pizza Kitchen 14,Delhi NCR,Gurugram Cyber City,Pizza,2,542.84,Wallet,out_for_delivery,2026-08-14 15:46:27,13
OE000904,order_lifecycle,O00153,C0491,R014,Pizza Kitchen 14,Delhi NCR,Gurugram Cyber City,Pizza,2,542.84,Wallet,delivered,2026-08-14 15:56:27,13
OE000905,order_lifecycle,O00154,C0209,R022,Healthy Kitchen 22,Meerut,Connaught Place,Healthy,3,1483.9,Card,placed,2026-08-04 11:57:53,15
OE000906,order_lifecycle,O00154,C0209,R022,Healthy Kitchen 22,Meerut,Connaught Place,Healthy,3,1483.9,Card,accepted,2026-08-04 12:09:53,15
OE000907,order_lifecycle,O00154,C0209,R022,Healthy Kitchen 22,Meerut,Connaught Place,Healthy,3,1483.9,Card,preparing,2026-08-04 12:12:53,15
OE000908,order_lifecycle,O00154,C0209,R022,Healthy Kitchen 22,Meerut,Connaught Place,Healthy,3,1483.9,Card,picked_up,2026-08-04 12:20:53,15
OE000909,order_lifecycle,O00154,C0209,R022,Healthy Kitchen 22,Meerut,Connaught Place,Healthy,3,1483.9,Card,cancelled,2026-08-04 12:29:53,15
OE000910,order_lifecycle,O00155,C0347,R013,South Indian Kitchen 13,Delhi NCR,Saket,South Indian,1,1144.89,Card,placed,2026-08-03 16:25:44,24
OE000911,order_lifecycle,O00155,C0347,R013,South Indian Kitchen 13,Delhi NCR,Saket,South Indian,1,1144.89,Card,accepted,2026-08-03 16:32:44,24
OE000912,order_lifecycle,O00155,C0347,R013,South Indian Kitchen 13,Delhi NCR,Saket,South Indian,1,1144.89,Card,cancelled,2026-08-03 16:37:44,24
OE000913,order_lifecycle,O00156,C0207,R015,Biryani Kitchen 15,Delhi NCR,Gurugram Cyber City,Biryani,5,645.63,Cash,placed,2026-08-14 16:46:31,14
OE000914,order_lifecycle,O00156,C0207,R015,Biryani Kitchen 15,Delhi NCR,Gurugram Cyber City,Biryani,5,645.63,Cash,accepted,2026-08-14 16:58:31,14
OE000915,order_lifecycle,O00156,C0207,R015,Biryani Kitchen 15,Delhi NCR,Gurugram Cyber City,Biryani,5,645.63,Cash,preparing,2026-08-14 17:06:31,14
OE000916,order_lifecycle,O00156,C0207,R015,Biryani Kitchen 15,Delhi NCR,Gurugram Cyber City,Biryani,5,645.63,Cash,picked_up,2026-08-14 17:13:31,14
OE000917,order_lifecycle,O00156,C0207,R015,Biryani Kitchen 15,Delhi NCR,Gurugram Cyber City,Biryani,5,645.63,Cash,out_for_delivery,2026-08-14 17:22:31,14
OE000918,order_lifecycle,O00156,C0207,R015,Biryani Kitchen 15,Delhi NCR,Gurugram Cyber City,Biryani,5,645.63,Cash,delivered,2026-08-14 17:34:31,14
OE000919,order_lifecycle,O00157,C0050,R008,Desserts Kitchen 08,Delhi NCR,Shastri Nagar,Desserts,2,1468.37,Cash,placed,2026-08-13 18:49:31,21
OE000920,order_lifecycle,O00157,C0050,R008,Desserts Kitchen 08,Delhi NCR,Shastri Nagar,Desserts,2,1468.37,Cash,accepted,2026-08-13 18:58:31,21
OE000921,order_lifecycle,O00157,C0050,R008,Desserts Kitchen 08,Delhi NCR,Shastri Nagar,Desserts,2,1468.37,Cash,preparing,2026-08-13 19:08:31,21
OE000922,order_lifecycle,O00157,C0050,R008,Desserts Kitchen 08,Delhi NCR,Shastri Nagar,Desserts,2,1468.37,Cash,picked_up,2026-08-13 19:14:31,21
OE000923,order_lifecycle,O00157,C0050,R008,Desserts Kitchen 08,Delhi NCR,Shastri Nagar,Desserts,2,1468.37,Cash,out_for_delivery,2026-08-13 19:24:31,21
OE000924,order_lifecycle,O00157,C0050,R008,Desserts Kitchen 08,Delhi NCR,Shastri Nagar,Desserts,2,1468.37,Cash,delivered,2026-08-13 19:31:31,21
OE000925,order_lifecycle,O00158,C0392,R015,Biryani Kitchen 15,Delhi NCR,Gurugram Cyber City,Biryani,5,1296.6,Wallet,placed,2026-08-11 17:42:35,14
OE000926,order_lifecycle,O00158,C0392,R015,Biryani Kitchen 15,Delhi NCR,Gurugram Cyber City,Biryani,5,1296.6,Wallet,accepted,2026-08-11 17:46:35,14
OE000927,order_lifecycle,O00158,C0392,R015,Biryani Kitchen 15,Delhi NCR,Gurugram Cyber City,Biryani,5,1296.6,Wallet,preparing,2026-08-11 17:56:35,14
OE000928,order_lifecycle,O00158,C0392,R015,Biryani Kitchen 15,Delhi NCR,Gurugram Cyber City,Biryani,5,1296.6,Wallet,picked_up,2026-08-11 17:58:35,14
OE000929,order_lifecycle,O00158,C0392,R015,Biryani Kitchen 15,Delhi NCR,Gurugram Cyber City,Biryani,5,1296.6,Wallet,out_for_delivery,2026-08-11 18:06:35,14
OE000930,order_lifecycle,O00158,C0392,R015,Biryani Kitchen 15,Delhi NCR,Gurugram Cyber City,Biryani,5,1296.6,Wallet,delivered,2026-08-11 18:12:35,14
OE000931,order_lifecycle,O00159,C0180,R006,Biryani Kitchen 06,Meerut,Rohini,Biryani,1,699.36,UPI,placed,2026-08-04 13:15:41,15
OE000932,order_lifecycle,O00159,C0180,R006,Biryani Kitchen 06,Meerut,Rohini,Biryani,1,699.36,UPI,accepted,2026-08-04 13:18:41,15
OE000933,order_lifecycle,O00159,C0180,R006,Biryani Kitchen 06,Meerut,Rohini,Biryani,1,699.36,UPI,preparing,2026-08-04 13:25:41,15
OE000934,order_lifecycle,O00159,C0180,R006,Biryani Kitchen 06,Meerut,Rohini,Biryani,1,699.36,UPI,picked_up,2026-08-04 13:29:41,15
OE000935,order_lifecycle,O00159,C0180,R006,Biryani Kitchen 06,Meerut,Rohini,Biryani,1,699.36,UPI,out_for_delivery,2026-08-04 13:31:41,15
OE000936,order_lifecycle,O00159,C0180,R006,Biryani Kitchen 06,Meerut,Rohini,Biryani,1,699.36,UPI,delivered,2026-08-04 13:41:41,15
OE000937,order_lifecycle,O00160,C0315,R022,Healthy Kitchen 22,Meerut,Connaught Place,Healthy,1,1555.73,Card,placed,2026-08-07 13:31:40,15
OE000938,order_lifecycle,O00160,C0315,R022,Healthy Kitchen 22,Meerut,Connaught Place,Healthy,1,1555.73,Card,accepted,2026-08-07 13:33:40,15
OE000939,order_lifecycle,O00160,C0315,R022,Healthy Kitchen 22,Meerut,Connaught Place,Healthy,1,1555.73,Card,preparing,2026-08-07 13:39:40,15
OE000940,order_lifecycle,O00160,C0315,R022,Healthy Kitchen 22,Meerut,Connaught Place,Healthy,1,1555.73,Card,picked_up,2026-08-07 13:50:40,15
OE000941,order_lifecycle,O00160,C0315,R022,Healthy Kitchen 22,Meerut,Connaught Place,Healthy,1,1555.73,Card,out_for_delivery,2026-08-07 13:58:40,15
OE000942,order_lifecycle,O00160,C0315,R022,Healthy Kitchen 22,Meerut,Connaught Place,Healthy,1,1555.73,Card,delivered,2026-08-07 14:03:40,15
OE000943,order_lifecycle,O00161,C0129,R044,South Indian Kitchen 44,Meerut,Rohini,South Indian,1,488.96,Card,placed,2026-08-08 20:48:35,29
OE000944,order_lifecycle,O00161,C0129,R044,South Indian Kitchen 44,Meerut,Rohini,South Indian,1,488.96,Card,accepted,2026-08-08 20:53:35,29
OE000945,order_lifecycle,O00161,C0129,R044,South Indian Kitchen 44,Meerut,Rohini,South Indian,1,488.96,Card,preparing,2026-08-08 21:05:35,29
OE000946,order_lifecycle,O00161,C0129,R044,South Indian Kitchen 44,Meerut,Rohini,South Indian,1,488.96,Card,picked_up,2026-08-08 21:14:35,29
OE000947,order_lifecycle,O00161,C0129,R044,South Indian Kitchen 44,Meerut,Rohini,South Indian,1,488.96,Card,out_for_delivery,2026-08-08 21:20:35,29
OE000948,order_lifecycle,O00161,C0129,R044,South Indian Kitchen 44,Meerut,Rohini,South Indian,1,488.96,Card,delivered,2026-08-08 21:32:35,29
OE000949,order_lifecycle,O00162,C0426,R008,Desserts Kitchen 08,Delhi NCR,Shastri Nagar,Desserts,2,659.27,Cash,placed,2026-08-04 16:17:52,21
OE000950,order_lifecycle,O00162,C0426,R008,Desserts Kitchen 08,Delhi NCR,Shastri Nagar,Desserts,2,659.27,Cash,accepted,2026-08-04 16:22:52,21
OE000951,order_lifecycle,O00162,C0426,R008,Desserts Kitchen 08,Delhi NCR,Shastri Nagar,Desserts,2,659.27,Cash,preparing,2026-08-04 16:30:52,21
OE000952,order_lifecycle,O00162,C0426,R008,Desserts Kitchen 08,Delhi NCR,Shastri Nagar,Desserts,2,659.27,Cash,picked_up,2026-08-04 16:35:52,21
OE000953,order_lifecycle,O00162,C0426,R008,Desserts Kitchen 08,Delhi NCR,Shastri Nagar,Desserts,2,659.27,Cash,out_for_delivery,2026-08-04 16:38:52,21
OE000954,order_lifecycle,O00162,C0426,R008,Desserts Kitchen 08,Delhi NCR,Shastri Nagar,Desserts,2,659.27,Cash,delivered,2026-08-04 16:42:52,21
OE000955,order_lifecycle,O00163,C0161,R037,South Indian Kitchen 37,Delhi NCR,Noida Sector 18,South Indian,4,1617.15,Card,placed,2026-08-07 15:42:42,18
OE000956,order_lifecycle,O00163,C0161,R037,South Indian Kitchen 37,Delhi NCR,Noida Sector 18,South Indian,4,1617.15,Card,accepted,2026-08-07 15:53:42,18
OE000957,order_lifecycle,O00163,C0161,R037,South Indian Kitchen 37,Delhi NCR,Noida Sector 18,South Indian,4,1617.15,Card,preparing,2026-08-07 16:03:42,18
OE000958,order_lifecycle,O00163,C0161,R037,South Indian Kitchen 37,Delhi NCR,Noida Sector 18,South Indian,4,1617.15,Card,picked_up,2026-08-07 16:06:42,18
OE000959,order_lifecycle,O00163,C0161,R037,South Indian Kitchen 37,Delhi NCR,Noida Sector 18,South Indian,4,1617.15,Card,out_for_delivery,2026-08-07 16:16:42,18
OE000960,order_lifecycle,O00163,C0161,R037,South Indian Kitchen 37,Delhi NCR,Noida Sector 18,South Indian,4,1617.15,Card,delivered,2026-08-07 16:28:42,18
OE000961,order_lifecycle,O00164,C0217,R026,Healthy Kitchen 26,Delhi NCR,Dwarka,Healthy,3,903.16,UPI,placed,2026-08-02 12:13:17,17
OE000962,order_lifecycle,O00164,C0217,R026,Healthy Kitchen 26,Delhi NCR,Dwarka,Healthy,3,903.16,UPI,accepted,2026-08-02 12:20:17,17
OE000963,order_lifecycle,O00164,C0217,R026,Healthy Kitchen 26,Delhi NCR,Dwarka,Healthy,3,903.16,UPI,preparing,2026-08-02 12:23:17,17
OE000964,order_lifecycle,O00164,C0217,R026,Healthy Kitchen 26,Delhi NCR,Dwarka,Healthy,3,903.16,UPI,picked_up,2026-08-02 12:30:17,17
OE000965,order_lifecycle,O00164,C0217,R026,Healthy Kitchen 26,Delhi NCR,Dwarka,Healthy,3,903.16,UPI,out_for_delivery,2026-08-02 12:40:17,17
OE000966,order_lifecycle,O00164,C0217,R026,Healthy Kitchen 26,Delhi NCR,Dwarka,Healthy,3,903.16,UPI,delivered,2026-08-02 12:48:17,17
OE000967,order_lifecycle,O00165,C0404,R029,South Indian Kitchen 29,Delhi NCR,Ganga Nagar,South Indian,3,1733.57,UPI,placed,2026-08-09 16:19:40,29
OE000968,order_lifecycle,O00165,C0404,R029,South Indian Kitchen 29,Delhi NCR,Ganga Nagar,South Indian,3,1733.57,UPI,accepted,2026-08-09 16:24:40,29
OE000969,order_lifecycle,O00165,C0404,R029,South Indian Kitchen 29,Delhi NCR,Ganga Nagar,South Indian,3,1733.57,UPI,preparing,2026-08-09 16:33:40,29
OE000970,order_lifecycle,O00165,C0404,R029,South Indian Kitchen 29,Delhi NCR,Ganga Nagar,South Indian,3,1733.57,UPI,picked_up,2026-08-09 16:41:40,29
OE000971,order_lifecycle,O00165,C0404,R029,South Indian Kitchen 29,Delhi NCR,Ganga Nagar,South Indian,3,1733.57,UPI,out_for_delivery,2026-08-09 16:43:40,29
OE000972,order_lifecycle,O00165,C0404,R029,South Indian Kitchen 29,Delhi NCR,Ganga Nagar,South Indian,3,1733.57,UPI,delivered,2026-08-09 16:51:40,29
OE000973,order_lifecycle,O00166,C0400,R033,Burgers Kitchen 33,Meerut,Ganga Nagar,Burgers,4,732.36,UPI,placed,2026-08-12 16:59:53,19
OE000974,order_lifecycle,O00166,C0400,R033,Burgers Kitchen 33,Meerut,Ganga Nagar,Burgers,4,732.36,UPI,accepted,2026-08-12 17:05:53,19
OE000975,order_lifecycle,O00166,C0400,R033,Burgers Kitchen 33,Meerut,Ganga Nagar,Burgers,4,732.36,UPI,preparing,2026-08-12 17:15:53,19
OE000976,order_lifecycle,O00166,C0400,R033,Burgers Kitchen 33,Meerut,Ganga Nagar,Burgers,4,732.36,UPI,picked_up,2026-08-12 17:18:53,19
OE000977,order_lifecycle,O00166,C0400,R033,Burgers Kitchen 33,Meerut,Ganga Nagar,Burgers,4,732.36,UPI,out_for_delivery,2026-08-12 17:25:53,19
OE000978,order_lifecycle,O00166,C0400,R033,Burgers Kitchen 33,Meerut,Ganga Nagar,Burgers,4,732.36,UPI,delivered,2026-08-12 17:33:53,19
OE000979,order_lifecycle,O00167,C0295,R007,Burgers Kitchen 07,Meerut,Noida Sector 18,Burgers,2,1751.46,Wallet,placed,2026-08-03 13:33:45,35
OE000980,order_lifecycle,O00167,C0295,R007,Burgers Kitchen 07,Meerut,Noida Sector 18,Burgers,2,1751.46,Wallet,accepted,2026-08-03 13:40:45,35
OE000981,order_lifecycle,O00167,C0295,R007,Burgers Kitchen 07,Meerut,Noida Sector 18,Burgers,2,1751.46,Wallet,preparing,2026-08-03 13:49:45,35
OE000982,order_lifecycle,O00167,C0295,R007,Burgers Kitchen 07,Meerut,Noida Sector 18,Burgers,2,1751.46,Wallet,picked_up,2026-08-03 13:58:45,35
OE000983,order_lifecycle,O00167,C0295,R007,Burgers Kitchen 07,Meerut,Noida Sector 18,Burgers,2,1751.46,Wallet,out_for_delivery,2026-08-03 14:02:45,35
OE000984,order_lifecycle,O00167,C0295,R007,Burgers Kitchen 07,Meerut,Noida Sector 18,Burgers,2,1751.46,Wallet,delivered,2026-08-03 14:08:45,35
OE000985,order_lifecycle,O00168,C0332,R044,South Indian Kitchen 44,Meerut,Rohini,South Indian,2,618.85,UPI,placed,2026-08-04 11:29:12,29
OE000986,order_lifecycle,O00168,C0332,R044,South Indian Kitchen 44,Meerut,Rohini,South Indian,2,618.85,UPI,accepted,2026-08-04 11:37:12,29
OE000987,order_lifecycle,O00168,C0332,R044,South Indian Kitchen 44,Meerut,Rohini,South Indian,2,618.85,UPI,preparing,2026-08-04 11:48:12,29
OE000988,order_lifecycle,O00168,C0332,R044,South Indian Kitchen 44,Meerut,Rohini,South Indian,2,618.85,UPI,picked_up,2026-08-04 11:54:12,29
OE000989,order_lifecycle,O00168,C0332,R044,South Indian Kitchen 44,Meerut,Rohini,South Indian,2,618.85,UPI,out_for_delivery,2026-08-04 11:58:12,29
OE000990,order_lifecycle,O00168,C0332,R044,South Indian Kitchen 44,Meerut,Rohini,South Indian,2,618.85,UPI,delivered,2026-08-04 12:01:12,29
OE000991,order_lifecycle,O00169,C0422,R036,North Indian Kitchen 36,Delhi NCR,Rohini,North Indian,2,853.64,UPI,placed,2026-08-11 13:26:11,22
OE000992,order_lifecycle,O00169,C0422,R036,North Indian Kitchen 36,Delhi NCR,Rohini,North Indian,2,853.64,UPI,accepted,2026-08-11 13:32:11,22
OE000993,order_lifecycle,O00169,C0422,R036,North Indian Kitchen 36,Delhi NCR,Rohini,North Indian,2,853.64,UPI,preparing,2026-08-11 13:37:11,22
OE000994,order_lifecycle,O00169,C0422,R036,North Indian Kitchen 36,Delhi NCR,Rohini,North Indian,2,853.64,UPI,picked_up,2026-08-11 13:48:11,22
OE000995,order_lifecycle,O00169,C0422,R036,North Indian Kitchen 36,Delhi NCR,Rohini,North Indian,2,853.64,UPI,out_for_delivery,2026-08-11 13:57:11,22
OE000996,order_lifecycle,O00169,C0422,R036,North Indian Kitchen 36,Delhi NCR,Rohini,North Indian,2,853.64,UPI,delivered,2026-08-11 14:02:11,22
OE000997,order_lifecycle,O00170,C0477,R029,South Indian Kitchen 29,Delhi NCR,Ganga Nagar,South Indian,1,1157.17,UPI,placed,2026-08-06 19:42:51,29
OE000998,order_lifecycle,O00170,C0477,R029,South Indian Kitchen 29,Delhi NCR,Ganga Nagar,South Indian,1,1157.17,UPI,accepted,2026-08-06 19:53:51,29
OE000999,order_lifecycle,O00170,C0477,R029,South Indian Kitchen 29,Delhi NCR,Ganga Nagar,South Indian,1,1157.17,UPI,preparing,2026-08-06 20:01:51,29
OE001000,order_lifecycle,O00170,C0477,R029,South Indian Kitchen 29,Delhi NCR,Ganga Nagar,South Indian,1,1157.17,UPI,picked_up,2026-08-06 20:07:51,29
OE001001,order_lifecycle,O00170,C0477,R029,South Indian Kitchen 29,Delhi NCR,Ganga Nagar,South Indian,1,1157.17,UPI,out_for_delivery,2026-08-06 20:15:51,29
OE001002,order_lifecycle,O00170,C0477,R029,South Indian Kitchen 29,Delhi NCR,Ganga Nagar,South Indian,1,1157.17,UPI,delivered,2026-08-06 20:27:51,29
OE001003,order_lifecycle,O00171,C0144,R054,Cafe Kitchen 54,Meerut,Noida Sector 18,Cafe,3,621.15,Cash,placed,2026-08-07 14:57:56,34
OE001004,order_lifecycle,O00171,C0144,R054,Cafe Kitchen 54,Meerut,Noida Sector 18,Cafe,3,621.15,Cash,accepted,2026-08-07 15:01:56,34
OE001005,order_lifecycle,O00171,C0144,R054,Cafe Kitchen 54,Meerut,Noida Sector 18,Cafe,3,621.15,Cash,preparing,2026-08-07 15:08:56,34
OE001006,order_lifecycle,O00171,C0144,R054,Cafe Kitchen 54,Meerut,Noida Sector 18,Cafe,3,621.15,Cash,picked_up,2026-08-07 15:17:56,34
OE001007,order_lifecycle,O00171,C0144,R054,Cafe Kitchen 54,Meerut,Noida Sector 18,Cafe,3,621.15,Cash,out_for_delivery,2026-08-07 15:21:56,34
OE001008,order_lifecycle,O00171,C0144,R054,Cafe Kitchen 54,Meerut,Noida Sector 18,Cafe,3,621.15,Cash,delivered,2026-08-07 15:31:56,34
OE001009,order_lifecycle,O00172,C0288,R033,Burgers Kitchen 33,Meerut,Ganga Nagar,Burgers,1,1587.01,Cash,placed,2026-08-08 11:54:46,19
OE001010,order_lifecycle,O00172,C0288,R033,Burgers Kitchen 33,Meerut,Ganga Nagar,Burgers,1,1587.01,Cash,accepted,2026-08-08 12:00:46,19
OE001011,order_lifecycle,O00172,C0288,R033,Burgers Kitchen 33,Meerut,Ganga Nagar,Burgers,1,1587.01,Cash,preparing,2026-08-08 12:04:46,19
OE001012,order_lifecycle,O00172,C0288,R033,Burgers Kitchen 33,Meerut,Ganga Nagar,Burgers,1,1587.01,Cash,picked_up,2026-08-08 12:08:46,19
OE001013,order_lifecycle,O00172,C0288,R033,Burgers Kitchen 33,Meerut,Ganga Nagar,Burgers,1,1587.01,Cash,out_for_delivery,2026-08-08 12:18:46,19
OE001014,order_lifecycle,O00172,C0288,R033,Burgers Kitchen 33,Meerut,Ganga Nagar,Burgers,1,1587.01,Cash,delivered,2026-08-08 12:24:46,19
OE001015,order_lifecycle,O00173,C0349,R015,Biryani Kitchen 15,Delhi NCR,Gurugram Cyber City,Biryani,2,1539.16,UPI,placed,2026-08-06 19:59:06,14
OE001016,order_lifecycle,O00173,C0349,R015,Biryani Kitchen 15,Delhi NCR,Gurugram Cyber City,Biryani,2,1539.16,UPI,accepted,2026-08-06 20:11:06,14
OE001017,order_lifecycle,O00173,C0349,R015,Biryani Kitchen 15,Delhi NCR,Gurugram Cyber City,Biryani,2,1539.16,UPI,preparing,2026-08-06 20:20:06,14
OE001018,order_lifecycle,O00173,C0349,R015,Biryani Kitchen 15,Delhi NCR,Gurugram Cyber City,Biryani,2,1539.16,UPI,picked_up,2026-08-06 20:29:06,14
OE001019,order_lifecycle,O00173,C0349,R015,Biryani Kitchen 15,Delhi NCR,Gurugram Cyber City,Biryani,2,1539.16,UPI,out_for_delivery,2026-08-06 20:41:06,14
OE001020,order_lifecycle,O00173,C0349,R015,Biryani Kitchen 15,Delhi NCR,Gurugram Cyber City,Biryani,2,1539.16,UPI,delivered,2026-08-06 20:47:06,14
OE001021,order_lifecycle,O00174,C0092,R029,South Indian Kitchen 29,Delhi NCR,Ganga Nagar,South Indian,2,1563.75,Wallet,placed,2026-08-14 16:05:01,29
OE001022,order_lifecycle,O00174,C0092,R029,South Indian Kitchen 29,Delhi NCR,Ganga Nagar,South Indian,2,1563.75,Wallet,accepted,2026-08-14 16:11:01,29
OE001023,order_lifecycle,O00174,C0092,R029,South Indian Kitchen 29,Delhi NCR,Ganga Nagar,South Indian,2,1563.75,Wallet,preparing,2026-08-14 16:23:01,29
OE001024,order_lifecycle,O00174,C0092,R029,South Indian Kitchen 29,Delhi NCR,Ganga Nagar,South Indian,2,1563.75,Wallet,picked_up,2026-08-14 16:35:01,29
OE001025,order_lifecycle,O00174,C0092,R029,South Indian Kitchen 29,Delhi NCR,Ganga Nagar,South Indian,2,1563.75,Wallet,out_for_delivery,2026-08-14 16:39:01,29
OE001026,order_lifecycle,O00174,C0092,R029,South Indian Kitchen 29,Delhi NCR,Ganga Nagar,South Indian,2,1563.75,Wallet,delivered,2026-08-14 16:42:01,29
OE001027,order_lifecycle,O00175,C0189,R021,Momos Kitchen 21,Delhi NCR,Shastri Nagar,Momos,4,1021.35,Card,placed,2026-08-11 16:05:02,26
OE001028,order_lifecycle,O00175,C0189,R021,Momos Kitchen 21,Delhi NCR,Shastri Nagar,Momos,4,1021.35,Card,accepted,2026-08-11 16:09:02,26
OE001029,order_lifecycle,O00175,C0189,R021,Momos Kitchen 21,Delhi NCR,Shastri Nagar,Momos,4,1021.35,Card,preparing,2026-08-11 16:18:02,26
OE001030,order_lifecycle,O00175,C0189,R021,Momos Kitchen 21,Delhi NCR,Shastri Nagar,Momos,4,1021.35,Card,picked_up,2026-08-11 16:28:02,26
OE001031,order_lifecycle,O00175,C0189,R021,Momos Kitchen 21,Delhi NCR,Shastri Nagar,Momos,4,1021.35,Card,out_for_delivery,2026-08-11 16:40:02,26
OE001032,order_lifecycle,O00175,C0189,R021,Momos Kitchen 21,Delhi NCR,Shastri Nagar,Momos,4,1021.35,Card,delivered,2026-08-11 16:52:02,26
OE001033,order_lifecycle,O00176,C0417,R018,Healthy Kitchen 18,Meerut,Shastri Nagar,Healthy,1,1005.51,Wallet,placed,2026-08-05 19:05:49,24
OE001034,order_lifecycle,O00176,C0417,R018,Healthy Kitchen 18,Meerut,Shastri Nagar,Healthy,1,1005.51,Wallet,accepted,2026-08-05 19:09:49,24
OE001035,order_lifecycle,O00176,C0417,R018,Healthy Kitchen 18,Meerut,Shastri Nagar,Healthy,1,1005.51,Wallet,preparing,2026-08-05 19:17:49,24
OE001036,order_lifecycle,O00176,C0417,R018,Healthy Kitchen 18,Meerut,Shastri Nagar,Healthy,1,1005.51,Wallet,picked_up,2026-08-05 19:19:49,24
OE001037,order_lifecycle,O00176,C0417,R018,Healthy Kitchen 18,Meerut,Shastri Nagar,Healthy,1,1005.51,Wallet,out_for_delivery,2026-08-05 19:22:49,24
OE001038,order_lifecycle,O00176,C0417,R018,Healthy Kitchen 18,Meerut,Shastri Nagar,Healthy,1,1005.51,Wallet,delivered,2026-08-05 19:30:49,24
OE001039,order_lifecycle,O00177,C0245,R053,Biryani Kitchen 53,Delhi NCR,Rohini,Biryani,3,1361.46,Cash,placed,2026-08-07 20:47:38,30
OE001040,order_lifecycle,O00177,C0245,R053,Biryani Kitchen 53,Delhi NCR,Rohini,Biryani,3,1361.46,Cash,accepted,2026-08-07 20:59:38,30
OE001041,order_lifecycle,O00177,C0245,R053,Biryani Kitchen 53,Delhi NCR,Rohini,Biryani,3,1361.46,Cash,preparing,2026-08-07 21:07:38,30
OE001042,order_lifecycle,O00177,C0245,R053,Biryani Kitchen 53,Delhi NCR,Rohini,Biryani,3,1361.46,Cash,picked_up,2026-08-07 21:13:38,30
OE001043,order_lifecycle,O00177,C0245,R053,Biryani Kitchen 53,Delhi NCR,Rohini,Biryani,3,1361.46,Cash,out_for_delivery,2026-08-07 21:16:38,30
OE001044,order_lifecycle,O00177,C0245,R053,Biryani Kitchen 53,Delhi NCR,Rohini,Biryani,3,1361.46,Cash,delivered,2026-08-07 21:20:38,30
OE001045,order_lifecycle,O00178,C0243,R049,Biryani Kitchen 49,Delhi NCR,Connaught Place,Biryani,4,1382.05,Wallet,placed,2026-08-02 12:57:09,13
OE001046,order_lifecycle,O00178,C0243,R049,Biryani Kitchen 49,Delhi NCR,Connaught Place,Biryani,4,1382.05,Wallet,accepted,2026-08-02 13:06:09,13
OE001047,order_lifecycle,O00178,C0243,R049,Biryani Kitchen 49,Delhi NCR,Connaught Place,Biryani,4,1382.05,Wallet,preparing,2026-08-02 13:17:09,13
OE001048,order_lifecycle,O00178,C0243,R049,Biryani Kitchen 49,Delhi NCR,Connaught Place,Biryani,4,1382.05,Wallet,picked_up,2026-08-02 13:22:09,13
OE001049,order_lifecycle,O00178,C0243,R049,Biryani Kitchen 49,Delhi NCR,Connaught Place,Biryani,4,1382.05,Wallet,out_for_delivery,2026-08-02 13:27:09,13
OE001050,order_lifecycle,O00178,C0243,R049,Biryani Kitchen 49,Delhi NCR,Connaught Place,Biryani,4,1382.05,Wallet,delivered,2026-08-02 13:33:09,13
OE001051,order_lifecycle,O00179,C0271,R002,South Indian Kitchen 02,Delhi NCR,Shastri Nagar,South Indian,4,628.56,Wallet,placed,2026-08-10 15:35:04,14
OE001052,order_lifecycle,O00179,C0271,R002,South Indian Kitchen 02,Delhi NCR,Shastri Nagar,South Indian,4,628.56,Wallet,accepted,2026-08-10 15:46:04,14
OE001053,order_lifecycle,O00179,C0271,R002,South Indian Kitchen 02,Delhi NCR,Shastri Nagar,South Indian,4,628.56,Wallet,preparing,2026-08-10 15:58:04,14
OE001054,order_lifecycle,O00179,C0271,R002,South Indian Kitchen 02,Delhi NCR,Shastri Nagar,South Indian,4,628.56,Wallet,picked_up,2026-08-10 16:05:04,14
OE001055,order_lifecycle,O00179,C0271,R002,South Indian Kitchen 02,Delhi NCR,Shastri Nagar,South Indian,4,628.56,Wallet,out_for_delivery,2026-08-10 16:14:04,14
OE001056,order_lifecycle,O00179,C0271,R002,South Indian Kitchen 02,Delhi NCR,Shastri Nagar,South Indian,4,628.56,Wallet,delivered,2026-08-10 16:22:04,14
OE001057,order_lifecycle,O00180,C0214,R058,Healthy Kitchen 58,Meerut,Dwarka,Healthy,2,955.72,Card,placed,2026-08-11 21:23:50,14
OE001058,order_lifecycle,O00180,C0214,R058,Healthy Kitchen 58,Meerut,Dwarka,Healthy,2,955.72,Card,accepted,2026-08-11 21:26:50,14
OE001059,order_lifecycle,O00180,C0214,R058,Healthy Kitchen 58,Meerut,Dwarka,Healthy,2,955.72,Card,preparing,2026-08-11 21:38:50,14
OE001060,order_lifecycle,O00180,C0214,R058,Healthy Kitchen 58,Meerut,Dwarka,Healthy,2,955.72,Card,picked_up,2026-08-11 21:47:50,14
OE001061,order_lifecycle,O00180,C0214,R058,Healthy Kitchen 58,Meerut,Dwarka,Healthy,2,955.72,Card,out_for_delivery,2026-08-11 21:51:50,14
OE001062,order_lifecycle,O00180,C0214,R058,Healthy Kitchen 58,Meerut,Dwarka,Healthy,2,955.72,Card,delivered,2026-08-11 21:55:50,14
OE001063,order_lifecycle,O00181,C0115,R033,Burgers Kitchen 33,Meerut,Ganga Nagar,Burgers,5,1432.15,Cash,placed,2026-08-06 15:49:02,19
OE001064,order_lifecycle,O00181,C0115,R033,Burgers Kitchen 33,Meerut,Ganga Nagar,Burgers,5,1432.15,Cash,accepted,2026-08-06 15:59:02,19
OE001065,order_lifecycle,O00181,C0115,R033,Burgers Kitchen 33,Meerut,Ganga Nagar,Burgers,5,1432.15,Cash,preparing,2026-08-06 16:10:02,19
OE001066,order_lifecycle,O00181,C0115,R033,Burgers Kitchen 33,Meerut,Ganga Nagar,Burgers,5,1432.15,Cash,picked_up,2026-08-06 16:22:02,19
OE001067,order_lifecycle,O00181,C0115,R033,Burgers Kitchen 33,Meerut,Ganga Nagar,Burgers,5,1432.15,Cash,out_for_delivery,2026-08-06 16:25:02,19
OE001068,order_lifecycle,O00181,C0115,R033,Burgers Kitchen 33,Meerut,Ganga Nagar,Burgers,5,1432.15,Cash,delivered,2026-08-06 16:27:02,19
OE001069,order_lifecycle,O00182,C0061,R026,Healthy Kitchen 26,Delhi NCR,Dwarka,Healthy,5,906.43,Wallet,placed,2026-08-03 21:18:45,17
OE001070,order_lifecycle,O00182,C0061,R026,Healthy Kitchen 26,Delhi NCR,Dwarka,Healthy,5,906.43,Wallet,accepted,2026-08-03 21:21:45,17
OE001071,order_lifecycle,O00182,C0061,R026,Healthy Kitchen 26,Delhi NCR,Dwarka,Healthy,5,906.43,Wallet,preparing,2026-08-03 21:25:45,17
OE001072,order_lifecycle,O00182,C0061,R026,Healthy Kitchen 26,Delhi NCR,Dwarka,Healthy,5,906.43,Wallet,picked_up,2026-08-03 21:37:45,17
OE001073,order_lifecycle,O00182,C0061,R026,Healthy Kitchen 26,Delhi NCR,Dwarka,Healthy,5,906.43,Wallet,out_for_delivery,2026-08-03 21:44:45,17
OE001074,order_lifecycle,O00182,C0061,R026,Healthy Kitchen 26,Delhi NCR,Dwarka,Healthy,5,906.43,Wallet,delivered,2026-08-03 21:51:45,17
OE001075,order_lifecycle,O00183,C0341,R016,Biryani Kitchen 16,Meerut,Saket,Biryani,4,565.09,Wallet,placed,2026-08-13 18:26:50,24
OE001076,order_lifecycle,O00183,C0341,R016,Biryani Kitchen 16,Meerut,Saket,Biryani,4,565.09,Wallet,accepted,2026-08-13 18:35:50,24
OE001077,order_lifecycle,O00183,C0341,R016,Biryani Kitchen 16,Meerut,Saket,Biryani,4,565.09,Wallet,preparing,2026-08-13 18:45:50,24
OE001078,order_lifecycle,O00183,C0341,R016,Biryani Kitchen 16,Meerut,Saket,Biryani,4,565.09,Wallet,picked_up,2026-08-13 18:57:50,24
OE001079,order_lifecycle,O00183,C0341,R016,Biryani Kitchen 16,Meerut,Saket,Biryani,4,565.09,Wallet,out_for_delivery,2026-08-13 19:04:50,24
OE001080,order_lifecycle,O00183,C0341,R016,Biryani Kitchen 16,Meerut,Saket,Biryani,4,565.09,Wallet,delivered,2026-08-13 19:06:50,24
OE001081,order_lifecycle,O00184,C0463,R043,Chinese Kitchen 43,Meerut,Dwarka,Chinese,3,1601.3,Wallet,placed,2026-08-11 21:51:42,19
OE001082,order_lifecycle,O00184,C0463,R043,Chinese Kitchen 43,Meerut,Dwarka,Chinese,3,1601.3,Wallet,accepted,2026-08-11 22:03:42,19
OE001083,order_lifecycle,O00184,C0463,R043,Chinese Kitchen 43,Meerut,Dwarka,Chinese,3,1601.3,Wallet,preparing,2026-08-11 22:13:42,19
OE001084,order_lifecycle,O00184,C0463,R043,Chinese Kitchen 43,Meerut,Dwarka,Chinese,3,1601.3,Wallet,picked_up,2026-08-11 22:19:42,19
OE001085,order_lifecycle,O00184,C0463,R043,Chinese Kitchen 43,Meerut,Dwarka,Chinese,3,1601.3,Wallet,out_for_delivery,2026-08-11 22:26:42,19
OE001086,order_lifecycle,O00184,C0463,R043,Chinese Kitchen 43,Meerut,Dwarka,Chinese,3,1601.3,Wallet,delivered,2026-08-11 22:33:42,19
OE001087,order_lifecycle,O00185,C0379,R010,Biryani Kitchen 10,Meerut,Rohini,Biryani,3,1018.67,Cash,placed,2026-08-09 14:13:05,15
OE001088,order_lifecycle,O00185,C0379,R010,Biryani Kitchen 10,Meerut,Rohini,Biryani,3,1018.67,Cash,accepted,2026-08-09 14:17:05,15
OE001089,order_lifecycle,O00185,C0379,R010,Biryani Kitchen 10,Meerut,Rohini,Biryani,3,1018.67,Cash,preparing,2026-08-09 14:19:05,15
OE001090,order_lifecycle,O00185,C0379,R010,Biryani Kitchen 10,Meerut,Rohini,Biryani,3,1018.67,Cash,picked_up,2026-08-09 14:21:05,15
OE001091,order_lifecycle,O00185,C0379,R010,Biryani Kitchen 10,Meerut,Rohini,Biryani,3,1018.67,Cash,out_for_delivery,2026-08-09 14:31:05,15
OE001092,order_lifecycle,O00185,C0379,R010,Biryani Kitchen 10,Meerut,Rohini,Biryani,3,1018.67,Cash,delivered,2026-08-09 14:42:05,15
OE001093,order_lifecycle,O00186,C0294,R054,Cafe Kitchen 54,Meerut,Noida Sector 18,Cafe,5,1393.21,Card,placed,2026-08-08 15:15:51,34
OE001094,order_lifecycle,O00186,C0294,R054,Cafe Kitchen 54,Meerut,Noida Sector 18,Cafe,5,1393.21,Card,accepted,2026-08-08 15:21:51,34
OE001095,order_lifecycle,O00186,C0294,R054,Cafe Kitchen 54,Meerut,Noida Sector 18,Cafe,5,1393.21,Card,preparing,2026-08-08 15:33:51,34
OE001096,order_lifecycle,O00186,C0294,R054,Cafe Kitchen 54,Meerut,Noida Sector 18,Cafe,5,1393.21,Card,picked_up,2026-08-08 15:44:51,34
OE001097,order_lifecycle,O00186,C0294,R054,Cafe Kitchen 54,Meerut,Noida Sector 18,Cafe,5,1393.21,Card,out_for_delivery,2026-08-08 15:56:51,34
OE001098,order_lifecycle,O00186,C0294,R054,Cafe Kitchen 54,Meerut,Noida Sector 18,Cafe,5,1393.21,Card,delivered,2026-08-08 16:00:51,34
OE001099,order_lifecycle,O00187,C0190,R046,Desserts Kitchen 46,Delhi NCR,Shastri Nagar,Desserts,5,1595.22,Wallet,placed,2026-08-09 18:49:25,17
OE001100,order_lifecycle,O00187,C0190,R046,Desserts Kitchen 46,Delhi NCR,Shastri Nagar,Desserts,5,1595.22,Wallet,accepted,2026-08-09 18:58:25,17
OE001101,order_lifecycle,O00187,C0190,R046,Desserts Kitchen 46,Delhi NCR,Shastri Nagar,Desserts,5,1595.22,Wallet,preparing,2026-08-09 19:07:25,17
OE001102,order_lifecycle,O00187,C0190,R046,Desserts Kitchen 46,Delhi NCR,Shastri Nagar,Desserts,5,1595.22,Wallet,picked_up,2026-08-09 19:15:25,17
OE001103,order_lifecycle,O00187,C0190,R046,Desserts Kitchen 46,Delhi NCR,Shastri Nagar,Desserts,5,1595.22,Wallet,out_for_delivery,2026-08-09 19:19:25,17
OE001104,order_lifecycle,O00187,C0190,R046,Desserts Kitchen 46,Delhi NCR,Shastri Nagar,Desserts,5,1595.22,Wallet,delivered,2026-08-09 19:23:25,17
OE001105,order_lifecycle,O00188,C0057,R009,Cafe Kitchen 09,Meerut,Saket,Cafe,3,445.29,Cash,placed,2026-08-10 14:02:33,13
OE001106,order_lifecycle,O00188,C0057,R009,Cafe Kitchen 09,Meerut,Saket,Cafe,3,445.29,Cash,accepted,2026-08-10 14:08:33,13
OE001107,order_lifecycle,O00188,C0057,R009,Cafe Kitchen 09,Meerut,Saket,Cafe,3,445.29,Cash,preparing,2026-08-10 14:14:33,13
OE001108,order_lifecycle,O00188,C0057,R009,Cafe Kitchen 09,Meerut,Saket,Cafe,3,445.29,Cash,picked_up,2026-08-10 14:23:33,13
OE001109,order_lifecycle,O00188,C0057,R009,Cafe Kitchen 09,Meerut,Saket,Cafe,3,445.29,Cash,out_for_delivery,2026-08-10 14:25:33,13
OE001110,order_lifecycle,O00188,C0057,R009,Cafe Kitchen 09,Meerut,Saket,Cafe,3,445.29,Cash,delivered,2026-08-10 14:29:33,13
OE001111,order_lifecycle,O00189,C0369,R017,Desserts Kitchen 17,Delhi NCR,Noida Sector 18,Desserts,4,1418.69,Card,placed,2026-08-03 18:40:29,35
OE001112,order_lifecycle,O00189,C0369,R017,Desserts Kitchen 17,Delhi NCR,Noida Sector 18,Desserts,4,1418.69,Card,accepted,2026-08-03 18:47:29,35
OE001113,order_lifecycle,O00189,C0369,R017,Desserts Kitchen 17,Delhi NCR,Noida Sector 18,Desserts,4,1418.69,Card,preparing,2026-08-03 18:50:29,35
OE001114,order_lifecycle,O00189,C0369,R017,Desserts Kitchen 17,Delhi NCR,Noida Sector 18,Desserts,4,1418.69,Card,picked_up,2026-08-03 19:01:29,35
OE001115,order_lifecycle,O00189,C0369,R017,Desserts Kitchen 17,Delhi NCR,Noida Sector 18,Desserts,4,1418.69,Card,out_for_delivery,2026-08-03 19:13:29,35
OE001116,order_lifecycle,O00189,C0369,R017,Desserts Kitchen 17,Delhi NCR,Noida Sector 18,Desserts,4,1418.69,Card,delivered,2026-08-03 19:24:29,35
OE001117,order_lifecycle,O00190,C0292,R034,South Indian Kitchen 34,Meerut,Connaught Place,South Indian,5,229.86,Card,placed,2026-08-13 17:32:57,19
OE001118,order_lifecycle,O00190,C0292,R034,South Indian Kitchen 34,Meerut,Connaught Place,South Indian,5,229.86,Card,accepted,2026-08-13 17:38:57,19
OE001119,order_lifecycle,O00190,C0292,R034,South Indian Kitchen 34,Meerut,Connaught Place,South Indian,5,229.86,Card,preparing,2026-08-13 17:43:57,19
OE001120,order_lifecycle,O00190,C0292,R034,South Indian Kitchen 34,Meerut,Connaught Place,South Indian,5,229.86,Card,picked_up,2026-08-13 17:48:57,19
OE001121,order_lifecycle,O00190,C0292,R034,South Indian Kitchen 34,Meerut,Connaught Place,South Indian,5,229.86,Card,out_for_delivery,2026-08-13 17:59:57,19
OE001122,order_lifecycle,O00190,C0292,R034,South Indian Kitchen 34,Meerut,Connaught Place,South Indian,5,229.86,Card,delivered,2026-08-13 18:08:57,19
OE001123,order_lifecycle,O00191,C0209,R050,North Indian Kitchen 50,Meerut,Dwarka,North Indian,1,243.47,Cash,placed,2026-08-01 19:20:11,28
OE001124,order_lifecycle,O00191,C0209,R050,North Indian Kitchen 50,Meerut,Dwarka,North Indian,1,243.47,Cash,accepted,2026-08-01 19:27:11,28
OE001125,order_lifecycle,O00191,C0209,R050,North Indian Kitchen 50,Meerut,Dwarka,North Indian,1,243.47,Cash,preparing,2026-08-01 19:31:11,28
OE001126,order_lifecycle,O00191,C0209,R050,North Indian Kitchen 50,Meerut,Dwarka,North Indian,1,243.47,Cash,picked_up,2026-08-01 19:39:11,28
OE001127,order_lifecycle,O00191,C0209,R050,North Indian Kitchen 50,Meerut,Dwarka,North Indian,1,243.47,Cash,out_for_delivery,2026-08-01 19:46:11,28
OE001128,order_lifecycle,O00191,C0209,R050,North Indian Kitchen 50,Meerut,Dwarka,North Indian,1,243.47,Cash,delivered,2026-08-01 19:52:11,28
OE001129,order_lifecycle,O00192,C0454,R002,South Indian Kitchen 02,Delhi NCR,Shastri Nagar,South Indian,5,594.11,Card,placed,2026-08-09 19:43:06,14
OE001130,order_lifecycle,O00192,C0454,R002,South Indian Kitchen 02,Delhi NCR,Shastri Nagar,South Indian,5,594.11,Card,accepted,2026-08-09 19:51:06,14
OE001131,order_lifecycle,O00192,C0454,R002,South Indian Kitchen 02,Delhi NCR,Shastri Nagar,South Indian,5,594.11,Card,preparing,2026-08-09 20:00:06,14
OE001132,order_lifecycle,O00192,C0454,R002,South Indian Kitchen 02,Delhi NCR,Shastri Nagar,South Indian,5,594.11,Card,picked_up,2026-08-09 20:03:06,14
OE001133,order_lifecycle,O00192,C0454,R002,South Indian Kitchen 02,Delhi NCR,Shastri Nagar,South Indian,5,594.11,Card,out_for_delivery,2026-08-09 20:15:06,14
OE001134,order_lifecycle,O00192,C0454,R002,South Indian Kitchen 02,Delhi NCR,Shastri Nagar,South Indian,5,594.11,Card,delivered,2026-08-09 20:25:06,14
OE001135,order_lifecycle,O00193,C0478,R055,Burgers Kitchen 55,Delhi NCR,Noida Sector 18,Burgers,3,808.25,Card,placed,2026-08-10 14:53:43,33
OE001136,order_lifecycle,O00193,C0478,R055,Burgers Kitchen 55,Delhi NCR,Noida Sector 18,Burgers,3,808.25,Card,accepted,2026-08-10 15:03:43,33
OE001137,order_lifecycle,O00193,C0478,R055,Burgers Kitchen 55,Delhi NCR,Noida Sector 18,Burgers,3,808.25,Card,preparing,2026-08-10 15:09:43,33
OE001138,order_lifecycle,O00193,C0478,R055,Burgers Kitchen 55,Delhi NCR,Noida Sector 18,Burgers,3,808.25,Card,picked_up,2026-08-10 15:11:43,33
OE001139,order_lifecycle,O00193,C0478,R055,Burgers Kitchen 55,Delhi NCR,Noida Sector 18,Burgers,3,808.25,Card,out_for_delivery,2026-08-10 15:15:43,33
OE001140,order_lifecycle,O00193,C0478,R055,Burgers Kitchen 55,Delhi NCR,Noida Sector 18,Burgers,3,808.25,Card,delivered,2026-08-10 15:25:43,33
OE001141,order_lifecycle,O00194,C0363,R051,South Indian Kitchen 51,Delhi NCR,Rohini,South Indian,5,537.0,Cash,placed,2026-08-04 20:20:21,33
OE001142,order_lifecycle,O00194,C0363,R051,South Indian Kitchen 51,Delhi NCR,Rohini,South Indian,5,537.0,Cash,accepted,2026-08-04 20:32:21,33
OE001143,order_lifecycle,O00194,C0363,R051,South Indian Kitchen 51,Delhi NCR,Rohini,South Indian,5,537.0,Cash,cancelled,2026-08-04 20:34:21,33
OE001144,order_lifecycle,O00195,C0003,R004,Healthy Kitchen 04,Meerut,Saket,Healthy,4,1314.38,Wallet,placed,2026-08-03 16:35:57,20
OE001145,order_lifecycle,O00195,C0003,R004,Healthy Kitchen 04,Meerut,Saket,Healthy,4,1314.38,Wallet,accepted,2026-08-03 16:47:57,20
OE001146,order_lifecycle,O00195,C0003,R004,Healthy Kitchen 04,Meerut,Saket,Healthy,4,1314.38,Wallet,preparing,2026-08-03 16:59:57,20
OE001147,order_lifecycle,O00195,C0003,R004,Healthy Kitchen 04,Meerut,Saket,Healthy,4,1314.38,Wallet,picked_up,2026-08-03 17:02:57,20
OE001148,order_lifecycle,O00195,C0003,R004,Healthy Kitchen 04,Meerut,Saket,Healthy,4,1314.38,Wallet,out_for_delivery,2026-08-03 17:12:57,20
OE001149,order_lifecycle,O00195,C0003,R004,Healthy Kitchen 04,Meerut,Saket,Healthy,4,1314.38,Wallet,delivered,2026-08-03 17:14:57,20
OE001150,order_lifecycle,O00196,C0047,R058,Healthy Kitchen 58,Meerut,Dwarka,Healthy,4,553.84,Cash,placed,2026-08-11 14:51:45,14
OE001151,order_lifecycle,O00196,C0047,R058,Healthy Kitchen 58,Meerut,Dwarka,Healthy,4,553.84,Cash,accepted,2026-08-11 15:02:45,14
OE001152,order_lifecycle,O00196,C0047,R058,Healthy Kitchen 58,Meerut,Dwarka,Healthy,4,553.84,Cash,preparing,2026-08-11 15:07:45,14
OE001153,order_lifecycle,O00196,C0047,R058,Healthy Kitchen 58,Meerut,Dwarka,Healthy,4,553.84,Cash,picked_up,2026-08-11 15:09:45,14
OE001154,order_lifecycle,O00196,C0047,R058,Healthy Kitchen 58,Meerut,Dwarka,Healthy,4,553.84,Cash,cancelled,2026-08-11 15:14:45,14
OE001155,order_lifecycle,O00197,C0327,R046,Desserts Kitchen 46,Delhi NCR,Shastri Nagar,Desserts,5,990.42,Card,placed,2026-08-14 14:36:32,17
OE001156,order_lifecycle,O00197,C0327,R046,Desserts Kitchen 46,Delhi NCR,Shastri Nagar,Desserts,5,990.42,Card,accepted,2026-08-14 14:47:32,17
OE001157,order_lifecycle,O00197,C0327,R046,Desserts Kitchen 46,Delhi NCR,Shastri Nagar,Desserts,5,990.42,Card,preparing,2026-08-14 14:59:32,17
OE001158,order_lifecycle,O00197,C0327,R046,Desserts Kitchen 46,Delhi NCR,Shastri Nagar,Desserts,5,990.42,Card,picked_up,2026-08-14 15:11:32,17
OE001159,order_lifecycle,O00197,C0327,R046,Desserts Kitchen 46,Delhi NCR,Shastri Nagar,Desserts,5,990.42,Card,out_for_delivery,2026-08-14 15:22:32,17
OE001160,order_lifecycle,O00197,C0327,R046,Desserts Kitchen 46,Delhi NCR,Shastri Nagar,Desserts,5,990.42,Card,delivered,2026-08-14 15:33:32,17
OE001161,order_lifecycle,O00198,C0002,R049,Biryani Kitchen 49,Delhi NCR,Connaught Place,Biryani,4,1702.01,Wallet,placed,2026-08-11 20:03:54,13
OE001162,order_lifecycle,O00198,C0002,R049,Biryani Kitchen 49,Delhi NCR,Connaught Place,Biryani,4,1702.01,Wallet,accepted,2026-08-11 20:15:54,13
OE001163,order_lifecycle,O00198,C0002,R049,Biryani Kitchen 49,Delhi NCR,Connaught Place,Biryani,4,1702.01,Wallet,preparing,2026-08-11 20:25:54,13
OE001164,order_lifecycle,O00198,C0002,R049,Biryani Kitchen 49,Delhi NCR,Connaught Place,Biryani,4,1702.01,Wallet,picked_up,2026-08-11 20:34:54,13
OE001165,order_lifecycle,O00198,C0002,R049,Biryani Kitchen 49,Delhi NCR,Connaught Place,Biryani,4,1702.01,Wallet,out_for_delivery,2026-08-11 20:43:54,13
OE001166,order_lifecycle,O00198,C0002,R049,Biryani Kitchen 49,Delhi NCR,Connaught Place,Biryani,4,1702.01,Wallet,delivered,2026-08-11 20:50:54,13
OE001167,order_lifecycle,O00199,C0321,R009,Cafe Kitchen 09,Meerut,Saket,Cafe,3,1148.05,Cash,placed,2026-08-08 16:51:01,13
OE001168,order_lifecycle,O00199,C0321,R009,Cafe Kitchen 09,Meerut,Saket,Cafe,3,1148.05,Cash,accepted,2026-08-08 17:00:01,13
OE001169,order_lifecycle,O00199,C0321,R009,Cafe Kitchen 09,Meerut,Saket,Cafe,3,1148.05,Cash,preparing,2026-08-08 17:05:01,13
OE001170,order_lifecycle,O00199,C0321,R009,Cafe Kitchen 09,Meerut,Saket,Cafe,3,1148.05,Cash,picked_up,2026-08-08 17:12:01,13
OE001171,order_lifecycle,O00199,C0321,R009,Cafe Kitchen 09,Meerut,Saket,Cafe,3,1148.05,Cash,out_for_delivery,2026-08-08 17:14:01,13
OE001172,order_lifecycle,O00199,C0321,R009,Cafe Kitchen 09,Meerut,Saket,Cafe,3,1148.05,Cash,delivered,2026-08-08 17:21:01,13
OE001173,order_lifecycle,O00200,C0034,R014,Pizza Kitchen 14,Delhi NCR,Gurugram Cyber City,Pizza,4,1559.89,UPI,placed,2026-08-01 18:03:18,13
OE001174,order_lifecycle,O00200,C0034,R014,Pizza Kitchen 14,Delhi NCR,Gurugram Cyber City,Pizza,4,1559.89,UPI,accepted,2026-08-01 18:11:18,13
OE001175,order_lifecycle,O00200,C0034,R014,Pizza Kitchen 14,Delhi NCR,Gurugram Cyber City,Pizza,4,1559.89,UPI,preparing,2026-08-01 18:16:18,13
OE001176,order_lifecycle,O00200,C0034,R014,Pizza Kitchen 14,Delhi NCR,Gurugram Cyber City,Pizza,4,1559.89,UPI,picked_up,2026-08-01 18:27:18,13
OE001177,order_lifecycle,O00200,C0034,R014,Pizza Kitchen 14,Delhi NCR,Gurugram Cyber City,Pizza,4,1559.89,UPI,out_for_delivery,2026-08-01 18:39:18,13
OE001178,order_lifecycle,O00200,C0034,R014,Pizza Kitchen 14,Delhi NCR,Gurugram Cyber City,Pizza,4,1559.89,UPI,delivered,2026-08-01 18:50:18,13
OE001179,order_lifecycle,O00201,C0035,R025,Pizza Kitchen 25,Delhi NCR,Rohini,Pizza,4,768.63,Wallet,placed,2026-08-03 20:32:16,21
OE001180,order_lifecycle,O00201,C0035,R025,Pizza Kitchen 25,Delhi NCR,Rohini,Pizza,4,768.63,Wallet,accepted,2026-08-03 20:36:16,21
OE001181,order_lifecycle,O00201,C0035,R025,Pizza Kitchen 25,Delhi NCR,Rohini,Pizza,4,768.63,Wallet,preparing,2026-08-03 20:38:16,21
OE001182,order_lifecycle,O00201,C0035,R025,Pizza Kitchen 25,Delhi NCR,Rohini,Pizza,4,768.63,Wallet,picked_up,2026-08-03 20:40:16,21
OE001183,order_lifecycle,O00201,C0035,R025,Pizza Kitchen 25,Delhi NCR,Rohini,Pizza,4,768.63,Wallet,out_for_delivery,2026-08-03 20:44:16,21
OE001184,order_lifecycle,O00201,C0035,R025,Pizza Kitchen 25,Delhi NCR,Rohini,Pizza,4,768.63,Wallet,delivered,2026-08-03 20:50:16,21
OE001185,order_lifecycle,O00202,C0440,R005,North Indian Kitchen 05,Delhi NCR,Shastri Nagar,North Indian,1,1653.6,Cash,placed,2026-08-06 13:12:40,16
OE001186,order_lifecycle,O00202,C0440,R005,North Indian Kitchen 05,Delhi NCR,Shastri Nagar,North Indian,1,1653.6,Cash,accepted,2026-08-06 13:21:40,16
OE001187,order_lifecycle,O00202,C0440,R005,North Indian Kitchen 05,Delhi NCR,Shastri Nagar,North Indian,1,1653.6,Cash,preparing,2026-08-06 13:30:40,16
OE001188,order_lifecycle,O00202,C0440,R005,North Indian Kitchen 05,Delhi NCR,Shastri Nagar,North Indian,1,1653.6,Cash,picked_up,2026-08-06 13:41:40,16
OE001189,order_lifecycle,O00202,C0440,R005,North Indian Kitchen 05,Delhi NCR,Shastri Nagar,North Indian,1,1653.6,Cash,out_for_delivery,2026-08-06 13:48:40,16
OE001190,order_lifecycle,O00202,C0440,R005,North Indian Kitchen 05,Delhi NCR,Shastri Nagar,North Indian,1,1653.6,Cash,delivered,2026-08-06 13:59:40,16
OE001191,order_lifecycle,O00203,C0123,R055,Burgers Kitchen 55,Delhi NCR,Noida Sector 18,Burgers,4,801.46,Card,placed,2026-08-13 15:51:47,33
OE001192,order_lifecycle,O00203,C0123,R055,Burgers Kitchen 55,Delhi NCR,Noida Sector 18,Burgers,4,801.46,Card,accepted,2026-08-13 15:53:47,33
OE001193,order_lifecycle,O00203,C0123,R055,Burgers Kitchen 55,Delhi NCR,Noida Sector 18,Burgers,4,801.46,Card,preparing,2026-08-13 16:00:47,33
OE001194,order_lifecycle,O00203,C0123,R055,Burgers Kitchen 55,Delhi NCR,Noida Sector 18,Burgers,4,801.46,Card,picked_up,2026-08-13 16:02:47,33
OE001195,order_lifecycle,O00203,C0123,R055,Burgers Kitchen 55,Delhi NCR,Noida Sector 18,Burgers,4,801.46,Card,out_for_delivery,2026-08-13 16:05:47,33
OE001196,order_lifecycle,O00203,C0123,R055,Burgers Kitchen 55,Delhi NCR,Noida Sector 18,Burgers,4,801.46,Card,delivered,2026-08-13 16:12:47,33
OE001197,order_lifecycle,O00204,C0011,R017,Desserts Kitchen 17,Delhi NCR,Noida Sector 18,Desserts,4,536.38,Card,placed,2026-08-11 11:21:59,35
OE001198,order_lifecycle,O00204,C0011,R017,Desserts Kitchen 17,Delhi NCR,Noida Sector 18,Desserts,4,536.38,Card,accepted,2026-08-11 11:28:59,35
OE001199,order_lifecycle,O00204,C0011,R017,Desserts Kitchen 17,Delhi NCR,Noida Sector 18,Desserts,4,536.38,Card,preparing,2026-08-11 11:40:59,35
OE001200,order_lifecycle,O00204,C0011,R017,Desserts Kitchen 17,Delhi NCR,Noida Sector 18,Desserts,4,536.38,Card,picked_up,2026-08-11 11:44:59,35
OE001201,order_lifecycle,O00204,C0011,R017,Desserts Kitchen 17,Delhi NCR,Noida Sector 18,Desserts,4,536.38,Card,out_for_delivery,2026-08-11 11:54:59,35
OE001202,order_lifecycle,O00204,C0011,R017,Desserts Kitchen 17,Delhi NCR,Noida Sector 18,Desserts,4,536.38,Card,delivered,2026-08-11 12:05:59,35
OE001203,order_lifecycle,O00205,C0275,R036,North Indian Kitchen 36,Delhi NCR,Rohini,North Indian,2,1472.98,Wallet,placed,2026-08-06 13:03:40,22
OE001204,order_lifecycle,O00205,C0275,R036,North Indian Kitchen 36,Delhi NCR,Rohini,North Indian,2,1472.98,Wallet,accepted,2026-08-06 13:06:40,22
OE001205,order_lifecycle,O00205,C0275,R036,North Indian Kitchen 36,Delhi NCR,Rohini,North Indian,2,1472.98,Wallet,preparing,2026-08-06 13:15:40,22
OE001206,order_lifecycle,O00205,C0275,R036,North Indian Kitchen 36,Delhi NCR,Rohini,North Indian,2,1472.98,Wallet,picked_up,2026-08-06 13:27:40,22
OE001207,order_lifecycle,O00205,C0275,R036,North Indian Kitchen 36,Delhi NCR,Rohini,North Indian,2,1472.98,Wallet,out_for_delivery,2026-08-06 13:38:40,22
OE001208,order_lifecycle,O00205,C0275,R036,North Indian Kitchen 36,Delhi NCR,Rohini,North Indian,2,1472.98,Wallet,delivered,2026-08-06 13:41:40,22
OE001209,order_lifecycle,O00206,C0113,R012,Chinese Kitchen 12,Meerut,Gurugram Cyber City,Chinese,4,689.6,Card,placed,2026-08-14 13:25:13,20
OE001210,order_lifecycle,O00206,C0113,R012,Chinese Kitchen 12,Meerut,Gurugram Cyber City,Chinese,4,689.6,Card,accepted,2026-08-14 13:32:13,20
OE001211,order_lifecycle,O00206,C0113,R012,Chinese Kitchen 12,Meerut,Gurugram Cyber City,Chinese,4,689.6,Card,preparing,2026-08-14 13:38:13,20
OE001212,order_lifecycle,O00206,C0113,R012,Chinese Kitchen 12,Meerut,Gurugram Cyber City,Chinese,4,689.6,Card,picked_up,2026-08-14 13:48:13,20
OE001213,order_lifecycle,O00206,C0113,R012,Chinese Kitchen 12,Meerut,Gurugram Cyber City,Chinese,4,689.6,Card,out_for_delivery,2026-08-14 13:51:13,20
OE001214,order_lifecycle,O00206,C0113,R012,Chinese Kitchen 12,Meerut,Gurugram Cyber City,Chinese,4,689.6,Card,delivered,2026-08-14 13:55:13,20
OE001215,order_lifecycle,O00207,C0092,R051,South Indian Kitchen 51,Delhi NCR,Rohini,South Indian,3,1642.36,UPI,placed,2026-08-05 20:04:22,33
OE001216,order_lifecycle,O00207,C0092,R051,South Indian Kitchen 51,Delhi NCR,Rohini,South Indian,3,1642.36,UPI,accepted,2026-08-05 20:09:22,33
OE001217,order_lifecycle,O00207,C0092,R051,South Indian Kitchen 51,Delhi NCR,Rohini,South Indian,3,1642.36,UPI,preparing,2026-08-05 20:12:22,33
OE001218,order_lifecycle,O00207,C0092,R051,South Indian Kitchen 51,Delhi NCR,Rohini,South Indian,3,1642.36,UPI,picked_up,2026-08-05 20:15:22,33
OE001219,order_lifecycle,O00207,C0092,R051,South Indian Kitchen 51,Delhi NCR,Rohini,South Indian,3,1642.36,UPI,out_for_delivery,2026-08-05 20:18:22,33
OE001220,order_lifecycle,O00207,C0092,R051,South Indian Kitchen 51,Delhi NCR,Rohini,South Indian,3,1642.36,UPI,delivered,2026-08-05 20:25:22,33
OE001221,order_lifecycle,O00208,C0178,R046,Desserts Kitchen 46,Delhi NCR,Shastri Nagar,Desserts,5,219.03,Card,placed,2026-08-14 19:48:41,17
OE001222,order_lifecycle,O00208,C0178,R046,Desserts Kitchen 46,Delhi NCR,Shastri Nagar,Desserts,5,219.03,Card,accepted,2026-08-14 19:53:41,17
OE001223,order_lifecycle,O00208,C0178,R046,Desserts Kitchen 46,Delhi NCR,Shastri Nagar,Desserts,5,219.03,Card,preparing,2026-08-14 19:58:41,17
OE001224,order_lifecycle,O00208,C0178,R046,Desserts Kitchen 46,Delhi NCR,Shastri Nagar,Desserts,5,219.03,Card,picked_up,2026-08-14 20:03:41,17
OE001225,order_lifecycle,O00208,C0178,R046,Desserts Kitchen 46,Delhi NCR,Shastri Nagar,Desserts,5,219.03,Card,out_for_delivery,2026-08-14 20:12:41,17
OE001226,order_lifecycle,O00208,C0178,R046,Desserts Kitchen 46,Delhi NCR,Shastri Nagar,Desserts,5,219.03,Card,delivered,2026-08-14 20:17:41,17
OE001227,order_lifecycle,O00209,C0338,R041,North Indian Kitchen 41,Delhi NCR,Connaught Place,North Indian,5,1404.2,Cash,placed,2026-08-04 16:27:43,22
OE001228,order_lifecycle,O00209,C0338,R041,North Indian Kitchen 41,Delhi NCR,Connaught Place,North Indian,5,1404.2,Cash,accepted,2026-08-04 16:29:43,22
OE001229,order_lifecycle,O00209,C0338,R041,North Indian Kitchen 41,Delhi NCR,Connaught Place,North Indian,5,1404.2,Cash,preparing,2026-08-04 16:40:43,22
OE001230,order_lifecycle,O00209,C0338,R041,North Indian Kitchen 41,Delhi NCR,Connaught Place,North Indian,5,1404.2,Cash,picked_up,2026-08-04 16:42:43,22
OE001231,order_lifecycle,O00209,C0338,R041,North Indian Kitchen 41,Delhi NCR,Connaught Place,North Indian,5,1404.2,Cash,out_for_delivery,2026-08-04 16:46:43,22
OE001232,order_lifecycle,O00209,C0338,R041,North Indian Kitchen 41,Delhi NCR,Connaught Place,North Indian,5,1404.2,Cash,delivered,2026-08-04 16:50:43,22
OE001233,order_lifecycle,O00210,C0251,R002,South Indian Kitchen 02,Delhi NCR,Shastri Nagar,South Indian,2,654.11,Cash,placed,2026-08-04 11:58:24,14
OE001234,order_lifecycle,O00210,C0251,R002,South Indian Kitchen 02,Delhi NCR,Shastri Nagar,South Indian,2,654.11,Cash,accepted,2026-08-04 12:01:24,14
OE001235,order_lifecycle,O00210,C0251,R002,South Indian Kitchen 02,Delhi NCR,Shastri Nagar,South Indian,2,654.11,Cash,preparing,2026-08-04 12:10:24,14
OE001236,order_lifecycle,O00210,C0251,R002,South Indian Kitchen 02,Delhi NCR,Shastri Nagar,South Indian,2,654.11,Cash,picked_up,2026-08-04 12:12:24,14
OE001237,order_lifecycle,O00210,C0251,R002,South Indian Kitchen 02,Delhi NCR,Shastri Nagar,South Indian,2,654.11,Cash,out_for_delivery,2026-08-04 12:19:24,14
OE001238,order_lifecycle,O00210,C0251,R002,South Indian Kitchen 02,Delhi NCR,Shastri Nagar,South Indian,2,654.11,Cash,delivered,2026-08-04 12:29:24,14
OE001239,order_lifecycle,O00211,C0419,R055,Burgers Kitchen 55,Delhi NCR,Noida Sector 18,Burgers,4,524.76,Cash,placed,2026-08-10 19:19:37,33
OE001240,order_lifecycle,O00211,C0419,R055,Burgers Kitchen 55,Delhi NCR,Noida Sector 18,Burgers,4,524.76,Cash,accepted,2026-08-10 19:23:37,33
OE001241,order_lifecycle,O00211,C0419,R055,Burgers Kitchen 55,Delhi NCR,Noida Sector 18,Burgers,4,524.76,Cash,preparing,2026-08-10 19:32:37,33
OE001242,order_lifecycle,O00211,C0419,R055,Burgers Kitchen 55,Delhi NCR,Noida Sector 18,Burgers,4,524.76,Cash,picked_up,2026-08-10 19:35:37,33
OE001243,order_lifecycle,O00211,C0419,R055,Burgers Kitchen 55,Delhi NCR,Noida Sector 18,Burgers,4,524.76,Cash,out_for_delivery,2026-08-10 19:43:37,33
OE001244,order_lifecycle,O00211,C0419,R055,Burgers Kitchen 55,Delhi NCR,Noida Sector 18,Burgers,4,524.76,Cash,delivered,2026-08-10 19:54:37,33
OE001245,order_lifecycle,O00212,C0222,R032,Biryani Kitchen 32,Meerut,Shastri Nagar,Biryani,1,352.85,Card,placed,2026-08-11 12:44:36,32
OE001246,order_lifecycle,O00212,C0222,R032,Biryani Kitchen 32,Meerut,Shastri Nagar,Biryani,1,352.85,Card,accepted,2026-08-11 12:48:36,32
OE001247,order_lifecycle,O00212,C0222,R032,Biryani Kitchen 32,Meerut,Shastri Nagar,Biryani,1,352.85,Card,preparing,2026-08-11 12:54:36,32
OE001248,order_lifecycle,O00212,C0222,R032,Biryani Kitchen 32,Meerut,Shastri Nagar,Biryani,1,352.85,Card,picked_up,2026-08-11 13:06:36,32
OE001249,order_lifecycle,O00212,C0222,R032,Biryani Kitchen 32,Meerut,Shastri Nagar,Biryani,1,352.85,Card,out_for_delivery,2026-08-11 13:16:36,32
OE001250,order_lifecycle,O00212,C0222,R032,Biryani Kitchen 32,Meerut,Shastri Nagar,Biryani,1,352.85,Card,delivered,2026-08-11 13:22:36,32
OE001251,order_lifecycle,O00213,C0237,R028,Burgers Kitchen 28,Meerut,Saket,Burgers,1,834.68,Cash,placed,2026-08-12 16:54:12,30
OE001252,order_lifecycle,O00213,C0237,R028,Burgers Kitchen 28,Meerut,Saket,Burgers,1,834.68,Cash,accepted,2026-08-12 16:58:12,30
OE001253,order_lifecycle,O00213,C0237,R028,Burgers Kitchen 28,Meerut,Saket,Burgers,1,834.68,Cash,preparing,2026-08-12 17:05:12,30
OE001254,order_lifecycle,O00213,C0237,R028,Burgers Kitchen 28,Meerut,Saket,Burgers,1,834.68,Cash,picked_up,2026-08-12 17:17:12,30
OE001255,order_lifecycle,O00213,C0237,R028,Burgers Kitchen 28,Meerut,Saket,Burgers,1,834.68,Cash,out_for_delivery,2026-08-12 17:26:12,30
OE001256,order_lifecycle,O00213,C0237,R028,Burgers Kitchen 28,Meerut,Saket,Burgers,1,834.68,Cash,delivered,2026-08-12 17:35:12,30
OE001257,order_lifecycle,O00214,C0111,R003,Biryani Kitchen 03,Delhi NCR,Connaught Place,Biryani,5,276.41,UPI,placed,2026-08-09 13:28:44,34
OE001258,order_lifecycle,O00214,C0111,R003,Biryani Kitchen 03,Delhi NCR,Connaught Place,Biryani,5,276.41,UPI,accepted,2026-08-09 13:34:44,34
OE001259,order_lifecycle,O00214,C0111,R003,Biryani Kitchen 03,Delhi NCR,Connaught Place,Biryani,5,276.41,UPI,preparing,2026-08-09 13:43:44,34
OE001260,order_lifecycle,O00214,C0111,R003,Biryani Kitchen 03,Delhi NCR,Connaught Place,Biryani,5,276.41,UPI,picked_up,2026-08-09 13:45:44,34
OE001261,order_lifecycle,O00214,C0111,R003,Biryani Kitchen 03,Delhi NCR,Connaught Place,Biryani,5,276.41,UPI,out_for_delivery,2026-08-09 13:56:44,34
OE001262,order_lifecycle,O00214,C0111,R003,Biryani Kitchen 03,Delhi NCR,Connaught Place,Biryani,5,276.41,UPI,delivered,2026-08-09 13:58:44,34
OE001263,order_lifecycle,O00215,C0341,R011,Momos Kitchen 11,Meerut,Ganga Nagar,Momos,3,372.29,Cash,placed,2026-08-03 10:26:32,23
OE001264,order_lifecycle,O00215,C0341,R011,Momos Kitchen 11,Meerut,Ganga Nagar,Momos,3,372.29,Cash,accepted,2026-08-03 10:31:32,23
OE001265,order_lifecycle,O00215,C0341,R011,Momos Kitchen 11,Meerut,Ganga Nagar,Momos,3,372.29,Cash,preparing,2026-08-03 10:42:32,23
OE001266,order_lifecycle,O00215,C0341,R011,Momos Kitchen 11,Meerut,Ganga Nagar,Momos,3,372.29,Cash,picked_up,2026-08-03 10:47:32,23
OE001267,order_lifecycle,O00215,C0341,R011,Momos Kitchen 11,Meerut,Ganga Nagar,Momos,3,372.29,Cash,out_for_delivery,2026-08-03 10:57:32,23
OE001268,order_lifecycle,O00215,C0341,R011,Momos Kitchen 11,Meerut,Ganga Nagar,Momos,3,372.29,Cash,delivered,2026-08-03 11:05:32,23
OE001269,order_lifecycle,O00216,C0211,R037,South Indian Kitchen 37,Delhi NCR,Noida Sector 18,South Indian,5,1057.89,Card,placed,2026-08-10 17:06:45,18
OE001270,order_lifecycle,O00216,C0211,R037,South Indian Kitchen 37,Delhi NCR,Noida Sector 18,South Indian,5,1057.89,Card,accepted,2026-08-10 17:09:45,18
OE001271,order_lifecycle,O00216,C0211,R037,South Indian Kitchen 37,Delhi NCR,Noida Sector 18,South Indian,5,1057.89,Card,preparing,2026-08-10 17:20:45,18
OE001272,order_lifecycle,O00216,C0211,R037,South Indian Kitchen 37,Delhi NCR,Noida Sector 18,South Indian,5,1057.89,Card,picked_up,2026-08-10 17:27:45,18
OE001273,order_lifecycle,O00216,C0211,R037,South Indian Kitchen 37,Delhi NCR,Noida Sector 18,South Indian,5,1057.89,Card,out_for_delivery,2026-08-10 17:39:45,18
OE001274,order_lifecycle,O00216,C0211,R037,South Indian Kitchen 37,Delhi NCR,Noida Sector 18,South Indian,5,1057.89,Card,delivered,2026-08-10 17:47:45,18
OE001275,order_lifecycle,O00217,C0389,R015,Biryani Kitchen 15,Delhi NCR,Gurugram Cyber City,Biryani,1,589.67,UPI,placed,2026-08-04 21:27:48,14
OE001276,order_lifecycle,O00217,C0389,R015,Biryani Kitchen 15,Delhi NCR,Gurugram Cyber City,Biryani,1,589.67,UPI,accepted,2026-08-04 21:36:48,14
OE001277,order_lifecycle,O00217,C0389,R015,Biryani Kitchen 15,Delhi NCR,Gurugram Cyber City,Biryani,1,589.67,UPI,preparing,2026-08-04 21:42:48,14
OE001278,order_lifecycle,O00217,C0389,R015,Biryani Kitchen 15,Delhi NCR,Gurugram Cyber City,Biryani,1,589.67,UPI,picked_up,2026-08-04 21:47:48,14
OE001279,order_lifecycle,O00217,C0389,R015,Biryani Kitchen 15,Delhi NCR,Gurugram Cyber City,Biryani,1,589.67,UPI,out_for_delivery,2026-08-04 21:51:48,14
OE001280,order_lifecycle,O00217,C0389,R015,Biryani Kitchen 15,Delhi NCR,Gurugram Cyber City,Biryani,1,589.67,UPI,delivered,2026-08-04 21:59:48,14
OE001281,order_lifecycle,O00218,C0465,R029,South Indian Kitchen 29,Delhi NCR,Ganga Nagar,South Indian,5,1596.33,Cash,placed,2026-08-12 21:14:38,29
OE001282,order_lifecycle,O00218,C0465,R029,South Indian Kitchen 29,Delhi NCR,Ganga Nagar,South Indian,5,1596.33,Cash,accepted,2026-08-12 21:26:38,29
OE001283,order_lifecycle,O00218,C0465,R029,South Indian Kitchen 29,Delhi NCR,Ganga Nagar,South Indian,5,1596.33,Cash,preparing,2026-08-12 21:28:38,29
OE001284,order_lifecycle,O00218,C0465,R029,South Indian Kitchen 29,Delhi NCR,Ganga Nagar,South Indian,5,1596.33,Cash,picked_up,2026-08-12 21:31:38,29
OE001285,order_lifecycle,O00218,C0465,R029,South Indian Kitchen 29,Delhi NCR,Ganga Nagar,South Indian,5,1596.33,Cash,out_for_delivery,2026-08-12 21:40:38,29
OE001286,order_lifecycle,O00218,C0465,R029,South Indian Kitchen 29,Delhi NCR,Ganga Nagar,South Indian,5,1596.33,Cash,delivered,2026-08-12 21:43:38,29
OE001287,order_lifecycle,O00219,C0091,R044,South Indian Kitchen 44,Meerut,Rohini,South Indian,2,1748.36,Cash,placed,2026-08-05 14:36:28,29
OE001288,order_lifecycle,O00219,C0091,R044,South Indian Kitchen 44,Meerut,Rohini,South Indian,2,1748.36,Cash,accepted,2026-08-05 14:45:28,29
OE001289,order_lifecycle,O00219,C0091,R044,South Indian Kitchen 44,Meerut,Rohini,South Indian,2,1748.36,Cash,preparing,2026-08-05 14:48:28,29
OE001290,order_lifecycle,O00219,C0091,R044,South Indian Kitchen 44,Meerut,Rohini,South Indian,2,1748.36,Cash,picked_up,2026-08-05 14:55:28,29
OE001291,order_lifecycle,O00219,C0091,R044,South Indian Kitchen 44,Meerut,Rohini,South Indian,2,1748.36,Cash,out_for_delivery,2026-08-05 15:03:28,29
OE001292,order_lifecycle,O00219,C0091,R044,South Indian Kitchen 44,Meerut,Rohini,South Indian,2,1748.36,Cash,delivered,2026-08-05 15:11:28,29
OE001293,order_lifecycle,O00220,C0132,R045,North Indian Kitchen 45,Delhi NCR,Saket,North Indian,4,1099.43,UPI,placed,2026-08-05 17:18:24,27
OE001294,order_lifecycle,O00220,C0132,R045,North Indian Kitchen 45,Delhi NCR,Saket,North Indian,4,1099.43,UPI,accepted,2026-08-05 17:27:24,27
OE001295,order_lifecycle,O00220,C0132,R045,North Indian Kitchen 45,Delhi NCR,Saket,North Indian,4,1099.43,UPI,preparing,2026-08-05 17:32:24,27
OE001296,order_lifecycle,O00220,C0132,R045,North Indian Kitchen 45,Delhi NCR,Saket,North Indian,4,1099.43,UPI,picked_up,2026-08-05 17:36:24,27
OE001297,order_lifecycle,O00220,C0132,R045,North Indian Kitchen 45,Delhi NCR,Saket,North Indian,4,1099.43,UPI,out_for_delivery,2026-08-05 17:41:24,27
OE001298,order_lifecycle,O00220,C0132,R045,North Indian Kitchen 45,Delhi NCR,Saket,North Indian,4,1099.43,UPI,delivered,2026-08-05 17:43:24,27
OE001299,order_lifecycle,O00221,C0468,R041,North Indian Kitchen 41,Delhi NCR,Connaught Place,North Indian,1,789.09,Wallet,placed,2026-08-12 17:40:44,22
OE001300,order_lifecycle,O00221,C0468,R041,North Indian Kitchen 41,Delhi NCR,Connaught Place,North Indian,1,789.09,Wallet,accepted,2026-08-12 17:45:44,22
OE001301,order_lifecycle,O00221,C0468,R041,North Indian Kitchen 41,Delhi NCR,Connaught Place,North Indian,1,789.09,Wallet,preparing,2026-08-12 17:50:44,22
OE001302,order_lifecycle,O00221,C0468,R041,North Indian Kitchen 41,Delhi NCR,Connaught Place,North Indian,1,789.09,Wallet,picked_up,2026-08-12 17:59:44,22
OE001303,order_lifecycle,O00221,C0468,R041,North Indian Kitchen 41,Delhi NCR,Connaught Place,North Indian,1,789.09,Wallet,out_for_delivery,2026-08-12 18:01:44,22
OE001304,order_lifecycle,O00221,C0468,R041,North Indian Kitchen 41,Delhi NCR,Connaught Place,North Indian,1,789.09,Wallet,delivered,2026-08-12 18:08:44,22
OE001305,order_lifecycle,O00222,C0499,R007,Burgers Kitchen 07,Meerut,Noida Sector 18,Burgers,3,882.99,Wallet,placed,2026-08-04 16:10:53,35
OE001306,order_lifecycle,O00222,C0499,R007,Burgers Kitchen 07,Meerut,Noida Sector 18,Burgers,3,882.99,Wallet,accepted,2026-08-04 16:18:53,35
OE001307,order_lifecycle,O00222,C0499,R007,Burgers Kitchen 07,Meerut,Noida Sector 18,Burgers,3,882.99,Wallet,preparing,2026-08-04 16:21:53,35
OE001308,order_lifecycle,O00222,C0499,R007,Burgers Kitchen 07,Meerut,Noida Sector 18,Burgers,3,882.99,Wallet,picked_up,2026-08-04 16:24:53,35
OE001309,order_lifecycle,O00222,C0499,R007,Burgers Kitchen 07,Meerut,Noida Sector 18,Burgers,3,882.99,Wallet,out_for_delivery,2026-08-04 16:36:53,35
OE001310,order_lifecycle,O00222,C0499,R007,Burgers Kitchen 07,Meerut,Noida Sector 18,Burgers,3,882.99,Wallet,delivered,2026-08-04 16:47:53,35
OE001311,order_lifecycle,O00223,C0258,R009,Cafe Kitchen 09,Meerut,Saket,Cafe,2,294.37,Card,placed,2026-08-10 13:11:12,13
OE001312,order_lifecycle,O00223,C0258,R009,Cafe Kitchen 09,Meerut,Saket,Cafe,2,294.37,Card,accepted,2026-08-10 13:19:12,13
OE001313,order_lifecycle,O00223,C0258,R009,Cafe Kitchen 09,Meerut,Saket,Cafe,2,294.37,Card,preparing,2026-08-10 13:28:12,13
OE001314,order_lifecycle,O00223,C0258,R009,Cafe Kitchen 09,Meerut,Saket,Cafe,2,294.37,Card,picked_up,2026-08-10 13:40:12,13
OE001315,order_lifecycle,O00223,C0258,R009,Cafe Kitchen 09,Meerut,Saket,Cafe,2,294.37,Card,out_for_delivery,2026-08-10 13:51:12,13
OE001316,order_lifecycle,O00223,C0258,R009,Cafe Kitchen 09,Meerut,Saket,Cafe,2,294.37,Card,delivered,2026-08-10 13:54:12,13
OE001317,order_lifecycle,O00224,C0406,R001,South Indian Kitchen 01,Delhi NCR,Noida Sector 18,South Indian,4,1691.41,Cash,placed,2026-08-10 18:48:17,16
OE001318,order_lifecycle,O00224,C0406,R001,South Indian Kitchen 01,Delhi NCR,Noida Sector 18,South Indian,4,1691.41,Cash,accepted,2026-08-10 18:55:17,16
OE001319,order_lifecycle,O00224,C0406,R001,South Indian Kitchen 01,Delhi NCR,Noida Sector 18,South Indian,4,1691.41,Cash,preparing,2026-08-10 19:02:17,16
OE001320,order_lifecycle,O00224,C0406,R001,South Indian Kitchen 01,Delhi NCR,Noida Sector 18,South Indian,4,1691.41,Cash,picked_up,2026-08-10 19:14:17,16
OE001321,order_lifecycle,O00224,C0406,R001,South Indian Kitchen 01,Delhi NCR,Noida Sector 18,South Indian,4,1691.41,Cash,out_for_delivery,2026-08-10 19:21:17,16
OE001322,order_lifecycle,O00224,C0406,R001,South Indian Kitchen 01,Delhi NCR,Noida Sector 18,South Indian,4,1691.41,Cash,delivered,2026-08-10 19:28:17,16
OE001323,order_lifecycle,O00225,C0014,R015,Biryani Kitchen 15,Delhi NCR,Gurugram Cyber City,Biryani,4,597.66,Wallet,placed,2026-08-05 21:48:52,14
OE001324,order_lifecycle,O00225,C0014,R015,Biryani Kitchen 15,Delhi NCR,Gurugram Cyber City,Biryani,4,597.66,Wallet,accepted,2026-08-05 22:00:52,14
OE001325,order_lifecycle,O00225,C0014,R015,Biryani Kitchen 15,Delhi NCR,Gurugram Cyber City,Biryani,4,597.66,Wallet,preparing,2026-08-05 22:05:52,14
OE001326,order_lifecycle,O00225,C0014,R015,Biryani Kitchen 15,Delhi NCR,Gurugram Cyber City,Biryani,4,597.66,Wallet,picked_up,2026-08-05 22:07:52,14
OE001327,order_lifecycle,O00225,C0014,R015,Biryani Kitchen 15,Delhi NCR,Gurugram Cyber City,Biryani,4,597.66,Wallet,out_for_delivery,2026-08-05 22:19:52,14
OE001328,order_lifecycle,O00225,C0014,R015,Biryani Kitchen 15,Delhi NCR,Gurugram Cyber City,Biryani,4,597.66,Wallet,delivered,2026-08-05 22:26:52,14
OE001329,order_lifecycle,O00226,C0198,R022,Healthy Kitchen 22,Meerut,Connaught Place,Healthy,5,1032.09,UPI,placed,2026-08-04 21:09:55,15
OE001330,order_lifecycle,O00226,C0198,R022,Healthy Kitchen 22,Meerut,Connaught Place,Healthy,5,1032.09,UPI,accepted,2026-08-04 21:12:55,15
OE001331,order_lifecycle,O00226,C0198,R022,Healthy Kitchen 22,Meerut,Connaught Place,Healthy,5,1032.09,UPI,preparing,2026-08-04 21:18:55,15
OE001332,order_lifecycle,O00226,C0198,R022,Healthy Kitchen 22,Meerut,Connaught Place,Healthy,5,1032.09,UPI,picked_up,2026-08-04 21:30:55,15
OE001333,order_lifecycle,O00226,C0198,R022,Healthy Kitchen 22,Meerut,Connaught Place,Healthy,5,1032.09,UPI,out_for_delivery,2026-08-04 21:40:55,15
OE001334,order_lifecycle,O00226,C0198,R022,Healthy Kitchen 22,Meerut,Connaught Place,Healthy,5,1032.09,UPI,delivered,2026-08-04 21:49:55,15
OE001335,order_lifecycle,O00227,C0144,R016,Biryani Kitchen 16,Meerut,Saket,Biryani,2,1272.96,Wallet,placed,2026-08-05 20:30:57,24
OE001336,order_lifecycle,O00227,C0144,R016,Biryani Kitchen 16,Meerut,Saket,Biryani,2,1272.96,Wallet,accepted,2026-08-05 20:37:57,24
OE001337,order_lifecycle,O00227,C0144,R016,Biryani Kitchen 16,Meerut,Saket,Biryani,2,1272.96,Wallet,preparing,2026-08-05 20:42:57,24
OE001338,order_lifecycle,O00227,C0144,R016,Biryani Kitchen 16,Meerut,Saket,Biryani,2,1272.96,Wallet,picked_up,2026-08-05 20:53:57,24
OE001339,order_lifecycle,O00227,C0144,R016,Biryani Kitchen 16,Meerut,Saket,Biryani,2,1272.96,Wallet,out_for_delivery,2026-08-05 21:04:57,24
OE001340,order_lifecycle,O00227,C0144,R016,Biryani Kitchen 16,Meerut,Saket,Biryani,2,1272.96,Wallet,delivered,2026-08-05 21:07:57,24
OE001341,order_lifecycle,O00228,C0161,R045,North Indian Kitchen 45,Delhi NCR,Saket,North Indian,2,1144.1,Wallet,placed,2026-08-12 10:19:03,27
OE001342,order_lifecycle,O00228,C0161,R045,North Indian Kitchen 45,Delhi NCR,Saket,North Indian,2,1144.1,Wallet,accepted,2026-08-12 10:26:03,27
OE001343,order_lifecycle,O00228,C0161,R045,North Indian Kitchen 45,Delhi NCR,Saket,North Indian,2,1144.1,Wallet,preparing,2026-08-12 10:33:03,27
OE001344,order_lifecycle,O00228,C0161,R045,North Indian Kitchen 45,Delhi NCR,Saket,North Indian,2,1144.1,Wallet,picked_up,2026-08-12 10:45:03,27
OE001345,order_lifecycle,O00228,C0161,R045,North Indian Kitchen 45,Delhi NCR,Saket,North Indian,2,1144.1,Wallet,out_for_delivery,2026-08-12 10:49:03,27
OE001346,order_lifecycle,O00228,C0161,R045,North Indian Kitchen 45,Delhi NCR,Saket,North Indian,2,1144.1,Wallet,delivered,2026-08-12 10:59:03,27
OE001347,order_lifecycle,O00229,C0141,R055,Burgers Kitchen 55,Delhi NCR,Noida Sector 18,Burgers,4,1326.62,UPI,placed,2026-08-14 13:31:18,33
OE001348,order_lifecycle,O00229,C0141,R055,Burgers Kitchen 55,Delhi NCR,Noida Sector 18,Burgers,4,1326.62,UPI,accepted,2026-08-14 13:38:18,33
OE001349,order_lifecycle,O00229,C0141,R055,Burgers Kitchen 55,Delhi NCR,Noida Sector 18,Burgers,4,1326.62,UPI,preparing,2026-08-14 13:42:18,33
OE001350,order_lifecycle,O00229,C0141,R055,Burgers Kitchen 55,Delhi NCR,Noida Sector 18,Burgers,4,1326.62,UPI,picked_up,2026-08-14 13:47:18,33
OE001351,order_lifecycle,O00229,C0141,R055,Burgers Kitchen 55,Delhi NCR,Noida Sector 18,Burgers,4,1326.62,UPI,out_for_delivery,2026-08-14 13:52:18,33
OE001352,order_lifecycle,O00229,C0141,R055,Burgers Kitchen 55,Delhi NCR,Noida Sector 18,Burgers,4,1326.62,UPI,delivered,2026-08-14 13:54:18,33
OE001353,order_lifecycle,O00230,C0357,R025,Pizza Kitchen 25,Delhi NCR,Rohini,Pizza,5,409.44,UPI,placed,2026-08-14 18:25:06,21
OE001354,order_lifecycle,O00230,C0357,R025,Pizza Kitchen 25,Delhi NCR,Rohini,Pizza,5,409.44,UPI,accepted,2026-08-14 18:31:06,21
OE001355,order_lifecycle,O00230,C0357,R025,Pizza Kitchen 25,Delhi NCR,Rohini,Pizza,5,409.44,UPI,preparing,2026-08-14 18:40:06,21
OE001356,order_lifecycle,O00230,C0357,R025,Pizza Kitchen 25,Delhi NCR,Rohini,Pizza,5,409.44,UPI,picked_up,2026-08-14 18:52:06,21
OE001357,order_lifecycle,O00230,C0357,R025,Pizza Kitchen 25,Delhi NCR,Rohini,Pizza,5,409.44,UPI,out_for_delivery,2026-08-14 18:56:06,21
OE001358,order_lifecycle,O00230,C0357,R025,Pizza Kitchen 25,Delhi NCR,Rohini,Pizza,5,409.44,UPI,delivered,2026-08-14 19:07:06,21
OE001359,order_lifecycle,O00231,C0348,R058,Healthy Kitchen 58,Meerut,Dwarka,Healthy,1,487.41,UPI,placed,2026-08-01 11:22:30,14
OE001360,order_lifecycle,O00231,C0348,R058,Healthy Kitchen 58,Meerut,Dwarka,Healthy,1,487.41,UPI,accepted,2026-08-01 11:34:30,14
OE001361,order_lifecycle,O00231,C0348,R058,Healthy Kitchen 58,Meerut,Dwarka,Healthy,1,487.41,UPI,preparing,2026-08-01 11:41:30,14
OE001362,order_lifecycle,O00231,C0348,R058,Healthy Kitchen 58,Meerut,Dwarka,Healthy,1,487.41,UPI,picked_up,2026-08-01 11:52:30,14
OE001363,order_lifecycle,O00231,C0348,R058,Healthy Kitchen 58,Meerut,Dwarka,Healthy,1,487.41,UPI,out_for_delivery,2026-08-01 12:00:30,14
OE001364,order_lifecycle,O00231,C0348,R058,Healthy Kitchen 58,Meerut,Dwarka,Healthy,1,487.41,UPI,delivered,2026-08-01 12:04:30,14
OE001365,order_lifecycle,O00232,C0060,R007,Burgers Kitchen 07,Meerut,Noida Sector 18,Burgers,1,1015.6,Wallet,placed,2026-08-08 20:42:58,35
OE001366,order_lifecycle,O00232,C0060,R007,Burgers Kitchen 07,Meerut,Noida Sector 18,Burgers,1,1015.6,Wallet,accepted,2026-08-08 20:45:58,35
OE001367,order_lifecycle,O00232,C0060,R007,Burgers Kitchen 07,Meerut,Noida Sector 18,Burgers,1,1015.6,Wallet,preparing,2026-08-08 20:56:58,35
OE001368,order_lifecycle,O00232,C0060,R007,Burgers Kitchen 07,Meerut,Noida Sector 18,Burgers,1,1015.6,Wallet,picked_up,2026-08-08 21:00:58,35
OE001369,order_lifecycle,O00232,C0060,R007,Burgers Kitchen 07,Meerut,Noida Sector 18,Burgers,1,1015.6,Wallet,out_for_delivery,2026-08-08 21:08:58,35
OE001370,order_lifecycle,O00232,C0060,R007,Burgers Kitchen 07,Meerut,Noida Sector 18,Burgers,1,1015.6,Wallet,delivered,2026-08-08 21:17:58,35
OE001371,order_lifecycle,O00233,C0366,R058,Healthy Kitchen 58,Meerut,Dwarka,Healthy,5,387.72,Card,placed,2026-08-02 13:42:57,14
OE001372,order_lifecycle,O00233,C0366,R058,Healthy Kitchen 58,Meerut,Dwarka,Healthy,5,387.72,Card,accepted,2026-08-02 13:49:57,14
OE001373,order_lifecycle,O00233,C0366,R058,Healthy Kitchen 58,Meerut,Dwarka,Healthy,5,387.72,Card,preparing,2026-08-02 13:52:57,14
OE001374,order_lifecycle,O00233,C0366,R058,Healthy Kitchen 58,Meerut,Dwarka,Healthy,5,387.72,Card,picked_up,2026-08-02 13:54:57,14
OE001375,order_lifecycle,O00233,C0366,R058,Healthy Kitchen 58,Meerut,Dwarka,Healthy,5,387.72,Card,cancelled,2026-08-02 13:58:57,14
OE001376,order_lifecycle,O00234,C0335,R020,North Indian Kitchen 20,Delhi NCR,Dwarka,North Indian,1,256.01,Cash,placed,2026-08-09 14:54:48,33
OE001377,order_lifecycle,O00234,C0335,R020,North Indian Kitchen 20,Delhi NCR,Dwarka,North Indian,1,256.01,Cash,accepted,2026-08-09 15:04:48,33
OE001378,order_lifecycle,O00234,C0335,R020,North Indian Kitchen 20,Delhi NCR,Dwarka,North Indian,1,256.01,Cash,preparing,2026-08-09 15:08:48,33
OE001379,order_lifecycle,O00234,C0335,R020,North Indian Kitchen 20,Delhi NCR,Dwarka,North Indian,1,256.01,Cash,picked_up,2026-08-09 15:16:48,33
OE001380,order_lifecycle,O00234,C0335,R020,North Indian Kitchen 20,Delhi NCR,Dwarka,North Indian,1,256.01,Cash,out_for_delivery,2026-08-09 15:28:48,33
OE001381,order_lifecycle,O00234,C0335,R020,North Indian Kitchen 20,Delhi NCR,Dwarka,North Indian,1,256.01,Cash,delivered,2026-08-09 15:30:48,33
OE001382,order_lifecycle,O00235,C0097,R010,Biryani Kitchen 10,Meerut,Rohini,Biryani,5,1083.31,Cash,placed,2026-08-14 13:08:38,15
OE001383,order_lifecycle,O00235,C0097,R010,Biryani Kitchen 10,Meerut,Rohini,Biryani,5,1083.31,Cash,accepted,2026-08-14 13:19:38,15
OE001384,order_lifecycle,O00235,C0097,R010,Biryani Kitchen 10,Meerut,Rohini,Biryani,5,1083.31,Cash,preparing,2026-08-14 13:27:38,15
OE001385,order_lifecycle,O00235,C0097,R010,Biryani Kitchen 10,Meerut,Rohini,Biryani,5,1083.31,Cash,picked_up,2026-08-14 13:30:38,15
OE001386,order_lifecycle,O00235,C0097,R010,Biryani Kitchen 10,Meerut,Rohini,Biryani,5,1083.31,Cash,out_for_delivery,2026-08-14 13:40:38,15
OE001387,order_lifecycle,O00235,C0097,R010,Biryani Kitchen 10,Meerut,Rohini,Biryani,5,1083.31,Cash,delivered,2026-08-14 13:46:38,15
OE001388,order_lifecycle,O00236,C0084,R047,Momos Kitchen 47,Delhi NCR,Shastri Nagar,Momos,2,1742.43,UPI,placed,2026-08-06 16:24:01,26
OE001389,order_lifecycle,O00236,C0084,R047,Momos Kitchen 47,Delhi NCR,Shastri Nagar,Momos,2,1742.43,UPI,accepted,2026-08-06 16:34:01,26
OE001390,order_lifecycle,O00236,C0084,R047,Momos Kitchen 47,Delhi NCR,Shastri Nagar,Momos,2,1742.43,UPI,preparing,2026-08-06 16:37:01,26
OE001391,order_lifecycle,O00236,C0084,R047,Momos Kitchen 47,Delhi NCR,Shastri Nagar,Momos,2,1742.43,UPI,picked_up,2026-08-06 16:49:01,26
OE001392,order_lifecycle,O00236,C0084,R047,Momos Kitchen 47,Delhi NCR,Shastri Nagar,Momos,2,1742.43,UPI,out_for_delivery,2026-08-06 16:59:01,26
OE001393,order_lifecycle,O00236,C0084,R047,Momos Kitchen 47,Delhi NCR,Shastri Nagar,Momos,2,1742.43,UPI,delivered,2026-08-06 17:07:01,26
OE001394,order_lifecycle,O00237,C0414,R060,Pizza Kitchen 60,Delhi NCR,Noida Sector 18,Pizza,5,1584.64,Cash,placed,2026-08-09 15:44:36,15
OE001395,order_lifecycle,O00237,C0414,R060,Pizza Kitchen 60,Delhi NCR,Noida Sector 18,Pizza,5,1584.64,Cash,accepted,2026-08-09 15:46:36,15
OE001396,order_lifecycle,O00237,C0414,R060,Pizza Kitchen 60,Delhi NCR,Noida Sector 18,Pizza,5,1584.64,Cash,preparing,2026-08-09 15:50:36,15
OE001397,order_lifecycle,O00237,C0414,R060,Pizza Kitchen 60,Delhi NCR,Noida Sector 18,Pizza,5,1584.64,Cash,picked_up,2026-08-09 15:57:36,15
OE001398,order_lifecycle,O00237,C0414,R060,Pizza Kitchen 60,Delhi NCR,Noida Sector 18,Pizza,5,1584.64,Cash,out_for_delivery,2026-08-09 16:05:36,15
OE001399,order_lifecycle,O00237,C0414,R060,Pizza Kitchen 60,Delhi NCR,Noida Sector 18,Pizza,5,1584.64,Cash,delivered,2026-08-09 16:09:36,15
OE001400,order_lifecycle,O00238,C0362,R032,Biryani Kitchen 32,Meerut,Shastri Nagar,Biryani,3,1003.57,Wallet,placed,2026-08-08 15:51:29,32
OE001401,order_lifecycle,O00238,C0362,R032,Biryani Kitchen 32,Meerut,Shastri Nagar,Biryani,3,1003.57,Wallet,accepted,2026-08-08 15:56:29,32
OE001402,order_lifecycle,O00238,C0362,R032,Biryani Kitchen 32,Meerut,Shastri Nagar,Biryani,3,1003.57,Wallet,preparing,2026-08-08 16:02:29,32
OE001403,order_lifecycle,O00238,C0362,R032,Biryani Kitchen 32,Meerut,Shastri Nagar,Biryani,3,1003.57,Wallet,picked_up,2026-08-08 16:14:29,32
OE001404,order_lifecycle,O00238,C0362,R032,Biryani Kitchen 32,Meerut,Shastri Nagar,Biryani,3,1003.57,Wallet,out_for_delivery,2026-08-08 16:17:29,32
OE001405,order_lifecycle,O00238,C0362,R032,Biryani Kitchen 32,Meerut,Shastri Nagar,Biryani,3,1003.57,Wallet,delivered,2026-08-08 16:23:29,32
OE001406,order_lifecycle,O00239,C0375,R010,Biryani Kitchen 10,Meerut,Rohini,Biryani,1,1620.93,Wallet,placed,2026-08-08 18:43:43,15
OE001407,order_lifecycle,O00239,C0375,R010,Biryani Kitchen 10,Meerut,Rohini,Biryani,1,1620.93,Wallet,accepted,2026-08-08 18:45:43,15
OE001408,order_lifecycle,O00239,C0375,R010,Biryani Kitchen 10,Meerut,Rohini,Biryani,1,1620.93,Wallet,cancelled,2026-08-08 18:53:43,15
OE001409,order_lifecycle,O00240,C0384,R041,North Indian Kitchen 41,Delhi NCR,Connaught Place,North Indian,5,1798.67,UPI,placed,2026-08-12 20:58:52,22
OE001410,order_lifecycle,O00240,C0384,R041,North Indian Kitchen 41,Delhi NCR,Connaught Place,North Indian,5,1798.67,UPI,accepted,2026-08-12 21:02:52,22
OE001411,order_lifecycle,O00240,C0384,R041,North Indian Kitchen 41,Delhi NCR,Connaught Place,North Indian,5,1798.67,UPI,preparing,2026-08-12 21:14:52,22
OE001412,order_lifecycle,O00240,C0384,R041,North Indian Kitchen 41,Delhi NCR,Connaught Place,North Indian,5,1798.67,UPI,picked_up,2026-08-12 21:24:52,22
OE001413,order_lifecycle,O00240,C0384,R041,North Indian Kitchen 41,Delhi NCR,Connaught Place,North Indian,5,1798.67,UPI,out_for_delivery,2026-08-12 21:29:52,22
OE001414,order_lifecycle,O00240,C0384,R041,North Indian Kitchen 41,Delhi NCR,Connaught Place,North Indian,5,1798.67,UPI,delivered,2026-08-12 21:33:52,22
OE001415,order_lifecycle,O00241,C0473,R022,Healthy Kitchen 22,Meerut,Connaught Place,Healthy,4,1627.99,UPI,placed,2026-08-09 10:59:29,15
OE001416,order_lifecycle,O00241,C0473,R022,Healthy Kitchen 22,Meerut,Connaught Place,Healthy,4,1627.99,UPI,accepted,2026-08-09 11:10:29,15
OE001417,order_lifecycle,O00241,C0473,R022,Healthy Kitchen 22,Meerut,Connaught Place,Healthy,4,1627.99,UPI,preparing,2026-08-09 11:19:29,15
OE001418,order_lifecycle,O00241,C0473,R022,Healthy Kitchen 22,Meerut,Connaught Place,Healthy,4,1627.99,UPI,picked_up,2026-08-09 11:26:29,15
OE001419,order_lifecycle,O00241,C0473,R022,Healthy Kitchen 22,Meerut,Connaught Place,Healthy,4,1627.99,UPI,out_for_delivery,2026-08-09 11:32:29,15
OE001420,order_lifecycle,O00241,C0473,R022,Healthy Kitchen 22,Meerut,Connaught Place,Healthy,4,1627.99,UPI,delivered,2026-08-09 11:39:29,15
OE001421,order_lifecycle,O00242,C0337,R018,Healthy Kitchen 18,Meerut,Shastri Nagar,Healthy,2,783.19,Cash,placed,2026-08-08 16:23:19,24
OE001422,order_lifecycle,O00242,C0337,R018,Healthy Kitchen 18,Meerut,Shastri Nagar,Healthy,2,783.19,Cash,accepted,2026-08-08 16:32:19,24
OE001423,order_lifecycle,O00242,C0337,R018,Healthy Kitchen 18,Meerut,Shastri Nagar,Healthy,2,783.19,Cash,preparing,2026-08-08 16:44:19,24
OE001424,order_lifecycle,O00242,C0337,R018,Healthy Kitchen 18,Meerut,Shastri Nagar,Healthy,2,783.19,Cash,picked_up,2026-08-08 16:53:19,24
OE001425,order_lifecycle,O00242,C0337,R018,Healthy Kitchen 18,Meerut,Shastri Nagar,Healthy,2,783.19,Cash,out_for_delivery,2026-08-08 16:57:19,24
OE001426,order_lifecycle,O00242,C0337,R018,Healthy Kitchen 18,Meerut,Shastri Nagar,Healthy,2,783.19,Cash,delivered,2026-08-08 17:01:19,24
OE001427,order_lifecycle,O00243,C0061,R047,Momos Kitchen 47,Delhi NCR,Shastri Nagar,Momos,3,1342.91,Wallet,placed,2026-08-09 17:51:43,26
OE001428,order_lifecycle,O00243,C0061,R047,Momos Kitchen 47,Delhi NCR,Shastri Nagar,Momos,3,1342.91,Wallet,accepted,2026-08-09 17:59:43,26
OE001429,order_lifecycle,O00243,C0061,R047,Momos Kitchen 47,Delhi NCR,Shastri Nagar,Momos,3,1342.91,Wallet,preparing,2026-08-09 18:03:43,26
OE001430,order_lifecycle,O00243,C0061,R047,Momos Kitchen 47,Delhi NCR,Shastri Nagar,Momos,3,1342.91,Wallet,picked_up,2026-08-09 18:06:43,26
OE001431,order_lifecycle,O00243,C0061,R047,Momos Kitchen 47,Delhi NCR,Shastri Nagar,Momos,3,1342.91,Wallet,out_for_delivery,2026-08-09 18:09:43,26
OE001432,order_lifecycle,O00243,C0061,R047,Momos Kitchen 47,Delhi NCR,Shastri Nagar,Momos,3,1342.91,Wallet,delivered,2026-08-09 18:11:43,26
OE001433,order_lifecycle,O00244,C0127,R044,South Indian Kitchen 44,Meerut,Rohini,South Indian,1,649.82,Cash,placed,2026-08-12 18:11:15,29
OE001434,order_lifecycle,O00244,C0127,R044,South Indian Kitchen 44,Meerut,Rohini,South Indian,1,649.82,Cash,accepted,2026-08-12 18:16:15,29
OE001435,order_lifecycle,O00244,C0127,R044,South Indian Kitchen 44,Meerut,Rohini,South Indian,1,649.82,Cash,preparing,2026-08-12 18:28:15,29
OE001436,order_lifecycle,O00244,C0127,R044,South Indian Kitchen 44,Meerut,Rohini,South Indian,1,649.82,Cash,picked_up,2026-08-12 18:36:15,29
OE001437,order_lifecycle,O00244,C0127,R044,South Indian Kitchen 44,Meerut,Rohini,South Indian,1,649.82,Cash,out_for_delivery,2026-08-12 18:41:15,29
OE001438,order_lifecycle,O00244,C0127,R044,South Indian Kitchen 44,Meerut,Rohini,South Indian,1,649.82,Cash,delivered,2026-08-12 18:50:15,29
OE001439,order_lifecycle,O00245,C0103,R013,South Indian Kitchen 13,Delhi NCR,Saket,South Indian,2,1320.25,Card,placed,2026-08-07 16:33:19,24
OE001440,order_lifecycle,O00245,C0103,R013,South Indian Kitchen 13,Delhi NCR,Saket,South Indian,2,1320.25,Card,accepted,2026-08-07 16:42:19,24
OE001441,order_lifecycle,O00245,C0103,R013,South Indian Kitchen 13,Delhi NCR,Saket,South Indian,2,1320.25,Card,preparing,2026-08-07 16:44:19,24
OE001442,order_lifecycle,O00245,C0103,R013,South Indian Kitchen 13,Delhi NCR,Saket,South Indian,2,1320.25,Card,picked_up,2026-08-07 16:54:19,24
OE001443,order_lifecycle,O00245,C0103,R013,South Indian Kitchen 13,Delhi NCR,Saket,South Indian,2,1320.25,Card,out_for_delivery,2026-08-07 17:02:19,24
OE001444,order_lifecycle,O00245,C0103,R013,South Indian Kitchen 13,Delhi NCR,Saket,South Indian,2,1320.25,Card,delivered,2026-08-07 17:14:19,24
OE001445,order_lifecycle,O00246,C0343,R004,Healthy Kitchen 04,Meerut,Saket,Healthy,3,1386.07,Cash,placed,2026-08-09 12:21:23,20
OE001446,order_lifecycle,O00246,C0343,R004,Healthy Kitchen 04,Meerut,Saket,Healthy,3,1386.07,Cash,accepted,2026-08-09 12:27:23,20
OE001447,order_lifecycle,O00246,C0343,R004,Healthy Kitchen 04,Meerut,Saket,Healthy,3,1386.07,Cash,preparing,2026-08-09 12:32:23,20
OE001448,order_lifecycle,O00246,C0343,R004,Healthy Kitchen 04,Meerut,Saket,Healthy,3,1386.07,Cash,picked_up,2026-08-09 12:43:23,20
OE001449,order_lifecycle,O00246,C0343,R004,Healthy Kitchen 04,Meerut,Saket,Healthy,3,1386.07,Cash,out_for_delivery,2026-08-09 12:51:23,20
OE001450,order_lifecycle,O00246,C0343,R004,Healthy Kitchen 04,Meerut,Saket,Healthy,3,1386.07,Cash,delivered,2026-08-09 12:54:23,20
OE001451,order_lifecycle,O00247,C0066,R025,Pizza Kitchen 25,Delhi NCR,Rohini,Pizza,5,1603.32,Cash,placed,2026-08-09 21:16:57,21
OE001452,order_lifecycle,O00247,C0066,R025,Pizza Kitchen 25,Delhi NCR,Rohini,Pizza,5,1603.32,Cash,accepted,2026-08-09 21:25:57,21
OE001453,order_lifecycle,O00247,C0066,R025,Pizza Kitchen 25,Delhi NCR,Rohini,Pizza,5,1603.32,Cash,preparing,2026-08-09 21:37:57,21
OE001454,order_lifecycle,O00247,C0066,R025,Pizza Kitchen 25,Delhi NCR,Rohini,Pizza,5,1603.32,Cash,picked_up,2026-08-09 21:40:57,21
OE001455,order_lifecycle,O00247,C0066,R025,Pizza Kitchen 25,Delhi NCR,Rohini,Pizza,5,1603.32,Cash,out_for_delivery,2026-08-09 21:48:57,21
OE001456,order_lifecycle,O00247,C0066,R025,Pizza Kitchen 25,Delhi NCR,Rohini,Pizza,5,1603.32,Cash,delivered,2026-08-09 21:51:57,21
OE001457,order_lifecycle,O00248,C0446,R034,South Indian Kitchen 34,Meerut,Connaught Place,South Indian,4,814.64,Wallet,placed,2026-08-03 17:48:32,19
OE001458,order_lifecycle,O00248,C0446,R034,South Indian Kitchen 34,Meerut,Connaught Place,South Indian,4,814.64,Wallet,accepted,2026-08-03 17:53:32,19
OE001459,order_lifecycle,O00248,C0446,R034,South Indian Kitchen 34,Meerut,Connaught Place,South Indian,4,814.64,Wallet,preparing,2026-08-03 17:57:32,19
OE001460,order_lifecycle,O00248,C0446,R034,South Indian Kitchen 34,Meerut,Connaught Place,South Indian,4,814.64,Wallet,picked_up,2026-08-03 17:59:32,19
OE001461,order_lifecycle,O00248,C0446,R034,South Indian Kitchen 34,Meerut,Connaught Place,South Indian,4,814.64,Wallet,out_for_delivery,2026-08-03 18:03:32,19
OE001462,order_lifecycle,O00248,C0446,R034,South Indian Kitchen 34,Meerut,Connaught Place,South Indian,4,814.64,Wallet,delivered,2026-08-03 18:14:32,19
OE001463,order_lifecycle,O00249,C0448,R057,North Indian Kitchen 57,Meerut,Rohini,North Indian,1,1055.35,Cash,placed,2026-08-11 13:52:13,18
OE001464,order_lifecycle,O00249,C0448,R057,North Indian Kitchen 57,Meerut,Rohini,North Indian,1,1055.35,Cash,accepted,2026-08-11 13:59:13,18
OE001465,order_lifecycle,O00249,C0448,R057,North Indian Kitchen 57,Meerut,Rohini,North Indian,1,1055.35,Cash,preparing,2026-08-11 14:06:13,18
OE001466,order_lifecycle,O00249,C0448,R057,North Indian Kitchen 57,Meerut,Rohini,North Indian,1,1055.35,Cash,picked_up,2026-08-11 14:09:13,18
OE001467,order_lifecycle,O00249,C0448,R057,North Indian Kitchen 57,Meerut,Rohini,North Indian,1,1055.35,Cash,out_for_delivery,2026-08-11 14:19:13,18
OE001468,order_lifecycle,O00249,C0448,R057,North Indian Kitchen 57,Meerut,Rohini,North Indian,1,1055.35,Cash,delivered,2026-08-11 14:25:13,18
OE001469,order_lifecycle,O00250,C0445,R014,Pizza Kitchen 14,Delhi NCR,Gurugram Cyber City,Pizza,5,611.75,Card,placed,2026-08-12 21:24:41,13
OE001470,order_lifecycle,O00250,C0445,R014,Pizza Kitchen 14,Delhi NCR,Gurugram Cyber City,Pizza,5,611.75,Card,accepted,2026-08-12 21:29:41,13
OE001471,order_lifecycle,O00250,C0445,R014,Pizza Kitchen 14,Delhi NCR,Gurugram Cyber City,Pizza,5,611.75,Card,preparing,2026-08-12 21:36:41,13
OE001472,order_lifecycle,O00250,C0445,R014,Pizza Kitchen 14,Delhi NCR,Gurugram Cyber City,Pizza,5,611.75,Card,picked_up,2026-08-12 21:42:41,13
OE001473,order_lifecycle,O00250,C0445,R014,Pizza Kitchen 14,Delhi NCR,Gurugram Cyber City,Pizza,5,611.75,Card,out_for_delivery,2026-08-12 21:47:41,13
OE001474,order_lifecycle,O00250,C0445,R014,Pizza Kitchen 14,Delhi NCR,Gurugram Cyber City,Pizza,5,611.75,Card,delivered,2026-08-12 21:58:41,13
OE001475,order_lifecycle,O00251,C0312,R012,Chinese Kitchen 12,Meerut,Gurugram Cyber City,Chinese,4,928.04,UPI,placed,2026-08-03 11:27:15,20
OE001476,order_lifecycle,O00251,C0312,R012,Chinese Kitchen 12,Meerut,Gurugram Cyber City,Chinese,4,928.04,UPI,accepted,2026-08-03 11:31:15,20
OE001477,order_lifecycle,O00251,C0312,R012,Chinese Kitchen 12,Meerut,Gurugram Cyber City,Chinese,4,928.04,UPI,preparing,2026-08-03 11:33:15,20
OE001478,order_lifecycle,O00251,C0312,R012,Chinese Kitchen 12,Meerut,Gurugram Cyber City,Chinese,4,928.04,UPI,picked_up,2026-08-03 11:44:15,20
OE001479,order_lifecycle,O00251,C0312,R012,Chinese Kitchen 12,Meerut,Gurugram Cyber City,Chinese,4,928.04,UPI,out_for_delivery,2026-08-03 11:47:15,20
OE001480,order_lifecycle,O00251,C0312,R012,Chinese Kitchen 12,Meerut,Gurugram Cyber City,Chinese,4,928.04,UPI,delivered,2026-08-03 11:55:15,20
OE001481,order_lifecycle,O00252,C0278,R039,Momos Kitchen 39,Delhi NCR,Rohini,Momos,4,1415.47,Card,placed,2026-08-02 13:08:30,25
OE001482,order_lifecycle,O00252,C0278,R039,Momos Kitchen 39,Delhi NCR,Rohini,Momos,4,1415.47,Card,accepted,2026-08-02 13:17:30,25
OE001483,order_lifecycle,O00252,C0278,R039,Momos Kitchen 39,Delhi NCR,Rohini,Momos,4,1415.47,Card,preparing,2026-08-02 13:21:30,25
OE001484,order_lifecycle,O00252,C0278,R039,Momos Kitchen 39,Delhi NCR,Rohini,Momos,4,1415.47,Card,picked_up,2026-08-02 13:26:30,25
OE001485,order_lifecycle,O00252,C0278,R039,Momos Kitchen 39,Delhi NCR,Rohini,Momos,4,1415.47,Card,out_for_delivery,2026-08-02 13:28:30,25
OE001486,order_lifecycle,O00252,C0278,R039,Momos Kitchen 39,Delhi NCR,Rohini,Momos,4,1415.47,Card,delivered,2026-08-02 13:38:30,25
OE001487,order_lifecycle,O00253,C0181,R036,North Indian Kitchen 36,Delhi NCR,Rohini,North Indian,1,1343.76,Wallet,placed,2026-08-11 16:43:56,22
OE001488,order_lifecycle,O00253,C0181,R036,North Indian Kitchen 36,Delhi NCR,Rohini,North Indian,1,1343.76,Wallet,accepted,2026-08-11 16:46:56,22
OE001489,order_lifecycle,O00253,C0181,R036,North Indian Kitchen 36,Delhi NCR,Rohini,North Indian,1,1343.76,Wallet,preparing,2026-08-11 16:51:56,22
OE001490,order_lifecycle,O00253,C0181,R036,North Indian Kitchen 36,Delhi NCR,Rohini,North Indian,1,1343.76,Wallet,picked_up,2026-08-11 16:54:56,22
OE001491,order_lifecycle,O00253,C0181,R036,North Indian Kitchen 36,Delhi NCR,Rohini,North Indian,1,1343.76,Wallet,out_for_delivery,2026-08-11 17:00:56,22
OE001492,order_lifecycle,O00253,C0181,R036,North Indian Kitchen 36,Delhi NCR,Rohini,North Indian,1,1343.76,Wallet,delivered,2026-08-11 17:07:56,22
OE001493,order_lifecycle,O00254,C0155,R036,North Indian Kitchen 36,Delhi NCR,Rohini,North Indian,3,1258.77,UPI,placed,2026-08-02 14:58:31,22
OE001494,order_lifecycle,O00254,C0155,R036,North Indian Kitchen 36,Delhi NCR,Rohini,North Indian,3,1258.77,UPI,accepted,2026-08-02 15:02:31,22
OE001495,order_lifecycle,O00254,C0155,R036,North Indian Kitchen 36,Delhi NCR,Rohini,North Indian,3,1258.77,UPI,preparing,2026-08-02 15:14:31,22
OE001496,order_lifecycle,O00254,C0155,R036,North Indian Kitchen 36,Delhi NCR,Rohini,North Indian,3,1258.77,UPI,picked_up,2026-08-02 15:18:31,22
OE001497,order_lifecycle,O00254,C0155,R036,North Indian Kitchen 36,Delhi NCR,Rohini,North Indian,3,1258.77,UPI,out_for_delivery,2026-08-02 15:25:31,22
OE001498,order_lifecycle,O00254,C0155,R036,North Indian Kitchen 36,Delhi NCR,Rohini,North Indian,3,1258.77,UPI,delivered,2026-08-02 15:29:31,22
OE001499,order_lifecycle,O00255,C0254,R049,Biryani Kitchen 49,Delhi NCR,Connaught Place,Biryani,2,1218.57,Card,placed,2026-08-12 16:38:50,13
OE001500,order_lifecycle,O00255,C0254,R049,Biryani Kitchen 49,Delhi NCR,Connaught Place,Biryani,2,1218.57,Card,accepted,2026-08-12 16:48:50,13
OE001501,order_lifecycle,O00255,C0254,R049,Biryani Kitchen 49,Delhi NCR,Connaught Place,Biryani,2,1218.57,Card,preparing,2026-08-12 16:57:50,13
OE001502,order_lifecycle,O00255,C0254,R049,Biryani Kitchen 49,Delhi NCR,Connaught Place,Biryani,2,1218.57,Card,picked_up,2026-08-12 17:07:50,13
OE001503,order_lifecycle,O00255,C0254,R049,Biryani Kitchen 49,Delhi NCR,Connaught Place,Biryani,2,1218.57,Card,out_for_delivery,2026-08-12 17:17:50,13
OE001504,order_lifecycle,O00255,C0254,R049,Biryani Kitchen 49,Delhi NCR,Connaught Place,Biryani,2,1218.57,Card,delivered,2026-08-12 17:26:50,13
OE001505,order_lifecycle,O00256,C0435,R017,Desserts Kitchen 17,Delhi NCR,Noida Sector 18,Desserts,4,1082.4,Card,placed,2026-08-08 12:53:54,35
OE001506,order_lifecycle,O00256,C0435,R017,Desserts Kitchen 17,Delhi NCR,Noida Sector 18,Desserts,4,1082.4,Card,accepted,2026-08-08 12:58:54,35
OE001507,order_lifecycle,O00256,C0435,R017,Desserts Kitchen 17,Delhi NCR,Noida Sector 18,Desserts,4,1082.4,Card,preparing,2026-08-08 13:00:54,35
OE001508,order_lifecycle,O00256,C0435,R017,Desserts Kitchen 17,Delhi NCR,Noida Sector 18,Desserts,4,1082.4,Card,picked_up,2026-08-08 13:04:54,35
OE001509,order_lifecycle,O00256,C0435,R017,Desserts Kitchen 17,Delhi NCR,Noida Sector 18,Desserts,4,1082.4,Card,out_for_delivery,2026-08-08 13:07:54,35
OE001510,order_lifecycle,O00256,C0435,R017,Desserts Kitchen 17,Delhi NCR,Noida Sector 18,Desserts,4,1082.4,Card,delivered,2026-08-08 13:11:54,35
OE001511,order_lifecycle,O00257,C0292,R058,Healthy Kitchen 58,Meerut,Dwarka,Healthy,5,424.18,Cash,placed,2026-08-03 12:30:47,14
OE001512,order_lifecycle,O00257,C0292,R058,Healthy Kitchen 58,Meerut,Dwarka,Healthy,5,424.18,Cash,accepted,2026-08-03 12:37:47,14
OE001513,order_lifecycle,O00257,C0292,R058,Healthy Kitchen 58,Meerut,Dwarka,Healthy,5,424.18,Cash,preparing,2026-08-03 12:46:47,14
OE001514,order_lifecycle,O00257,C0292,R058,Healthy Kitchen 58,Meerut,Dwarka,Healthy,5,424.18,Cash,picked_up,2026-08-03 12:58:47,14
OE001515,order_lifecycle,O00257,C0292,R058,Healthy Kitchen 58,Meerut,Dwarka,Healthy,5,424.18,Cash,out_for_delivery,2026-08-03 13:00:47,14
OE001516,order_lifecycle,O00257,C0292,R058,Healthy Kitchen 58,Meerut,Dwarka,Healthy,5,424.18,Cash,delivered,2026-08-03 13:06:47,14
OE001517,order_lifecycle,O00258,C0217,R020,North Indian Kitchen 20,Delhi NCR,Dwarka,North Indian,4,1389.02,UPI,placed,2026-08-02 18:24:08,33
OE001518,order_lifecycle,O00258,C0217,R020,North Indian Kitchen 20,Delhi NCR,Dwarka,North Indian,4,1389.02,UPI,accepted,2026-08-02 18:28:08,33
OE001519,order_lifecycle,O00258,C0217,R020,North Indian Kitchen 20,Delhi NCR,Dwarka,North Indian,4,1389.02,UPI,preparing,2026-08-02 18:38:08,33
OE001520,order_lifecycle,O00258,C0217,R020,North Indian Kitchen 20,Delhi NCR,Dwarka,North Indian,4,1389.02,UPI,picked_up,2026-08-02 18:49:08,33
OE001521,order_lifecycle,O00258,C0217,R020,North Indian Kitchen 20,Delhi NCR,Dwarka,North Indian,4,1389.02,UPI,out_for_delivery,2026-08-02 18:52:08,33
OE001522,order_lifecycle,O00258,C0217,R020,North Indian Kitchen 20,Delhi NCR,Dwarka,North Indian,4,1389.02,UPI,delivered,2026-08-02 19:01:08,33
OE001523,order_lifecycle,O00259,C0145,R011,Momos Kitchen 11,Meerut,Ganga Nagar,Momos,3,217.56,Card,placed,2026-08-02 11:13:38,23
OE001524,order_lifecycle,O00259,C0145,R011,Momos Kitchen 11,Meerut,Ganga Nagar,Momos,3,217.56,Card,accepted,2026-08-02 11:25:38,23
OE001525,order_lifecycle,O00259,C0145,R011,Momos Kitchen 11,Meerut,Ganga Nagar,Momos,3,217.56,Card,preparing,2026-08-02 11:27:38,23
OE001526,order_lifecycle,O00259,C0145,R011,Momos Kitchen 11,Meerut,Ganga Nagar,Momos,3,217.56,Card,picked_up,2026-08-02 11:32:38,23
OE001527,order_lifecycle,O00259,C0145,R011,Momos Kitchen 11,Meerut,Ganga Nagar,Momos,3,217.56,Card,out_for_delivery,2026-08-02 11:38:38,23
OE001528,order_lifecycle,O00259,C0145,R011,Momos Kitchen 11,Meerut,Ganga Nagar,Momos,3,217.56,Card,delivered,2026-08-02 11:41:38,23
OE001529,order_lifecycle,O00260,C0201,R054,Cafe Kitchen 54,Meerut,Noida Sector 18,Cafe,5,730.11,UPI,placed,2026-08-03 21:43:06,34
OE001530,order_lifecycle,O00260,C0201,R054,Cafe Kitchen 54,Meerut,Noida Sector 18,Cafe,5,730.11,UPI,accepted,2026-08-03 21:47:06,34
OE001531,order_lifecycle,O00260,C0201,R054,Cafe Kitchen 54,Meerut,Noida Sector 18,Cafe,5,730.11,UPI,preparing,2026-08-03 21:49:06,34
OE001532,order_lifecycle,O00260,C0201,R054,Cafe Kitchen 54,Meerut,Noida Sector 18,Cafe,5,730.11,UPI,picked_up,2026-08-03 22:00:06,34
OE001533,order_lifecycle,O00260,C0201,R054,Cafe Kitchen 54,Meerut,Noida Sector 18,Cafe,5,730.11,UPI,out_for_delivery,2026-08-03 22:08:06,34
OE001534,order_lifecycle,O00260,C0201,R054,Cafe Kitchen 54,Meerut,Noida Sector 18,Cafe,5,730.11,UPI,delivered,2026-08-03 22:17:06,34
OE001535,order_lifecycle,O00261,C0230,R017,Desserts Kitchen 17,Delhi NCR,Noida Sector 18,Desserts,1,1704.23,Wallet,placed,2026-08-05 15:39:54,35
OE001536,order_lifecycle,O00261,C0230,R017,Desserts Kitchen 17,Delhi NCR,Noida Sector 18,Desserts,1,1704.23,Wallet,accepted,2026-08-05 15:50:54,35
OE001537,order_lifecycle,O00261,C0230,R017,Desserts Kitchen 17,Delhi NCR,Noida Sector 18,Desserts,1,1704.23,Wallet,preparing,2026-08-05 16:01:54,35
OE001538,order_lifecycle,O00261,C0230,R017,Desserts Kitchen 17,Delhi NCR,Noida Sector 18,Desserts,1,1704.23,Wallet,picked_up,2026-08-05 16:04:54,35
OE001539,order_lifecycle,O00261,C0230,R017,Desserts Kitchen 17,Delhi NCR,Noida Sector 18,Desserts,1,1704.23,Wallet,out_for_delivery,2026-08-05 16:08:54,35
OE001540,order_lifecycle,O00261,C0230,R017,Desserts Kitchen 17,Delhi NCR,Noida Sector 18,Desserts,1,1704.23,Wallet,delivered,2026-08-05 16:19:54,35
OE001541,order_lifecycle,O00262,C0396,R032,Biryani Kitchen 32,Meerut,Shastri Nagar,Biryani,2,907.27,UPI,placed,2026-08-08 14:48:56,32
OE001542,order_lifecycle,O00262,C0396,R032,Biryani Kitchen 32,Meerut,Shastri Nagar,Biryani,2,907.27,UPI,accepted,2026-08-08 14:57:56,32
OE001543,order_lifecycle,O00262,C0396,R032,Biryani Kitchen 32,Meerut,Shastri Nagar,Biryani,2,907.27,UPI,preparing,2026-08-08 14:59:56,32
OE001544,order_lifecycle,O00262,C0396,R032,Biryani Kitchen 32,Meerut,Shastri Nagar,Biryani,2,907.27,UPI,picked_up,2026-08-08 15:06:56,32
OE001545,order_lifecycle,O00262,C0396,R032,Biryani Kitchen 32,Meerut,Shastri Nagar,Biryani,2,907.27,UPI,out_for_delivery,2026-08-08 15:12:56,32
OE001546,order_lifecycle,O00262,C0396,R032,Biryani Kitchen 32,Meerut,Shastri Nagar,Biryani,2,907.27,UPI,delivered,2026-08-08 15:20:56,32
OE001547,order_lifecycle,O00263,C0437,R014,Pizza Kitchen 14,Delhi NCR,Gurugram Cyber City,Pizza,2,1566.13,Wallet,placed,2026-08-07 12:36:25,13
OE001548,order_lifecycle,O00263,C0437,R014,Pizza Kitchen 14,Delhi NCR,Gurugram Cyber City,Pizza,2,1566.13,Wallet,accepted,2026-08-07 12:48:25,13
OE001549,order_lifecycle,O00263,C0437,R014,Pizza Kitchen 14,Delhi NCR,Gurugram Cyber City,Pizza,2,1566.13,Wallet,preparing,2026-08-07 12:51:25,13
OE001550,order_lifecycle,O00263,C0437,R014,Pizza Kitchen 14,Delhi NCR,Gurugram Cyber City,Pizza,2,1566.13,Wallet,picked_up,2026-08-07 12:58:25,13
OE001551,order_lifecycle,O00263,C0437,R014,Pizza Kitchen 14,Delhi NCR,Gurugram Cyber City,Pizza,2,1566.13,Wallet,out_for_delivery,2026-08-07 13:07:25,13
OE001552,order_lifecycle,O00263,C0437,R014,Pizza Kitchen 14,Delhi NCR,Gurugram Cyber City,Pizza,2,1566.13,Wallet,delivered,2026-08-07 13:16:25,13
OE001553,order_lifecycle,O00264,C0360,R054,Cafe Kitchen 54,Meerut,Noida Sector 18,Cafe,4,1072.13,Card,placed,2026-08-02 14:29:02,34
OE001554,order_lifecycle,O00264,C0360,R054,Cafe Kitchen 54,Meerut,Noida Sector 18,Cafe,4,1072.13,Card,accepted,2026-08-02 14:36:02,34
OE001555,order_lifecycle,O00264,C0360,R054,Cafe Kitchen 54,Meerut,Noida Sector 18,Cafe,4,1072.13,Card,preparing,2026-08-02 14:47:02,34
OE001556,order_lifecycle,O00264,C0360,R054,Cafe Kitchen 54,Meerut,Noida Sector 18,Cafe,4,1072.13,Card,picked_up,2026-08-02 14:49:02,34
OE001557,order_lifecycle,O00264,C0360,R054,Cafe Kitchen 54,Meerut,Noida Sector 18,Cafe,4,1072.13,Card,out_for_delivery,2026-08-02 15:00:02,34
OE001558,order_lifecycle,O00264,C0360,R054,Cafe Kitchen 54,Meerut,Noida Sector 18,Cafe,4,1072.13,Card,delivered,2026-08-02 15:08:02,34
OE001559,order_lifecycle,O00265,C0365,R032,Biryani Kitchen 32,Meerut,Shastri Nagar,Biryani,1,615.12,UPI,placed,2026-08-09 13:42:57,32
OE001560,order_lifecycle,O00265,C0365,R032,Biryani Kitchen 32,Meerut,Shastri Nagar,Biryani,1,615.12,UPI,accepted,2026-08-09 13:50:57,32
OE001561,order_lifecycle,O00265,C0365,R032,Biryani Kitchen 32,Meerut,Shastri Nagar,Biryani,1,615.12,UPI,preparing,2026-08-09 13:57:57,32
OE001562,order_lifecycle,O00265,C0365,R032,Biryani Kitchen 32,Meerut,Shastri Nagar,Biryani,1,615.12,UPI,picked_up,2026-08-09 14:03:57,32
OE001563,order_lifecycle,O00265,C0365,R032,Biryani Kitchen 32,Meerut,Shastri Nagar,Biryani,1,615.12,UPI,out_for_delivery,2026-08-09 14:07:57,32
OE001564,order_lifecycle,O00265,C0365,R032,Biryani Kitchen 32,Meerut,Shastri Nagar,Biryani,1,615.12,UPI,delivered,2026-08-09 14:12:57,32
OE001565,order_lifecycle,O00266,C0075,R023,Healthy Kitchen 23,Meerut,Gurugram Cyber City,Healthy,3,1378.75,UPI,placed,2026-08-14 21:47:52,25
OE001566,order_lifecycle,O00266,C0075,R023,Healthy Kitchen 23,Meerut,Gurugram Cyber City,Healthy,3,1378.75,UPI,accepted,2026-08-14 21:56:52,25
OE001567,order_lifecycle,O00266,C0075,R023,Healthy Kitchen 23,Meerut,Gurugram Cyber City,Healthy,3,1378.75,UPI,preparing,2026-08-14 22:00:52,25
OE001568,order_lifecycle,O00266,C0075,R023,Healthy Kitchen 23,Meerut,Gurugram Cyber City,Healthy,3,1378.75,UPI,picked_up,2026-08-14 22:09:52,25
OE001569,order_lifecycle,O00266,C0075,R023,Healthy Kitchen 23,Meerut,Gurugram Cyber City,Healthy,3,1378.75,UPI,out_for_delivery,2026-08-14 22:16:52,25
OE001570,order_lifecycle,O00266,C0075,R023,Healthy Kitchen 23,Meerut,Gurugram Cyber City,Healthy,3,1378.75,UPI,delivered,2026-08-14 22:19:52,25
OE001571,order_lifecycle,O00267,C0348,R043,Chinese Kitchen 43,Meerut,Dwarka,Chinese,5,1634.65,UPI,placed,2026-08-06 15:01:19,19
OE001572,order_lifecycle,O00267,C0348,R043,Chinese Kitchen 43,Meerut,Dwarka,Chinese,5,1634.65,UPI,accepted,2026-08-06 15:13:19,19
OE001573,order_lifecycle,O00267,C0348,R043,Chinese Kitchen 43,Meerut,Dwarka,Chinese,5,1634.65,UPI,preparing,2026-08-06 15:22:19,19
OE001574,order_lifecycle,O00267,C0348,R043,Chinese Kitchen 43,Meerut,Dwarka,Chinese,5,1634.65,UPI,picked_up,2026-08-06 15:30:19,19
OE001575,order_lifecycle,O00267,C0348,R043,Chinese Kitchen 43,Meerut,Dwarka,Chinese,5,1634.65,UPI,out_for_delivery,2026-08-06 15:38:19,19
OE001576,order_lifecycle,O00267,C0348,R043,Chinese Kitchen 43,Meerut,Dwarka,Chinese,5,1634.65,UPI,delivered,2026-08-06 15:45:19,19
OE001577,order_lifecycle,O00268,C0349,R049,Biryani Kitchen 49,Delhi NCR,Connaught Place,Biryani,1,1649.41,UPI,placed,2026-08-05 21:39:59,13
OE001578,order_lifecycle,O00268,C0349,R049,Biryani Kitchen 49,Delhi NCR,Connaught Place,Biryani,1,1649.41,UPI,accepted,2026-08-05 21:42:59,13
OE001579,order_lifecycle,O00268,C0349,R049,Biryani Kitchen 49,Delhi NCR,Connaught Place,Biryani,1,1649.41,UPI,preparing,2026-08-05 21:45:59,13
OE001580,order_lifecycle,O00268,C0349,R049,Biryani Kitchen 49,Delhi NCR,Connaught Place,Biryani,1,1649.41,UPI,picked_up,2026-08-05 21:57:59,13
OE001581,order_lifecycle,O00268,C0349,R049,Biryani Kitchen 49,Delhi NCR,Connaught Place,Biryani,1,1649.41,UPI,out_for_delivery,2026-08-05 21:59:59,13
OE001582,order_lifecycle,O00268,C0349,R049,Biryani Kitchen 49,Delhi NCR,Connaught Place,Biryani,1,1649.41,UPI,delivered,2026-08-05 22:10:59,13
OE001583,order_lifecycle,O00269,C0059,R025,Pizza Kitchen 25,Delhi NCR,Rohini,Pizza,4,942.32,UPI,placed,2026-08-02 15:50:58,21
OE001584,order_lifecycle,O00269,C0059,R025,Pizza Kitchen 25,Delhi NCR,Rohini,Pizza,4,942.32,UPI,accepted,2026-08-02 15:55:58,21
OE001585,order_lifecycle,O00269,C0059,R025,Pizza Kitchen 25,Delhi NCR,Rohini,Pizza,4,942.32,UPI,preparing,2026-08-02 16:05:58,21
OE001586,order_lifecycle,O00269,C0059,R025,Pizza Kitchen 25,Delhi NCR,Rohini,Pizza,4,942.32,UPI,picked_up,2026-08-02 16:11:58,21
OE001587,order_lifecycle,O00269,C0059,R025,Pizza Kitchen 25,Delhi NCR,Rohini,Pizza,4,942.32,UPI,out_for_delivery,2026-08-02 16:17:58,21
OE001588,order_lifecycle,O00269,C0059,R025,Pizza Kitchen 25,Delhi NCR,Rohini,Pizza,4,942.32,UPI,delivered,2026-08-02 16:29:58,21
OE001589,order_lifecycle,O00270,C0293,R049,Biryani Kitchen 49,Delhi NCR,Connaught Place,Biryani,1,1231.09,Wallet,placed,2026-08-09 16:12:39,13
OE001590,order_lifecycle,O00270,C0293,R049,Biryani Kitchen 49,Delhi NCR,Connaught Place,Biryani,1,1231.09,Wallet,accepted,2026-08-09 16:24:39,13
OE001591,order_lifecycle,O00270,C0293,R049,Biryani Kitchen 49,Delhi NCR,Connaught Place,Biryani,1,1231.09,Wallet,preparing,2026-08-09 16:32:39,13
OE001592,order_lifecycle,O00270,C0293,R049,Biryani Kitchen 49,Delhi NCR,Connaught Place,Biryani,1,1231.09,Wallet,picked_up,2026-08-09 16:36:39,13
OE001593,order_lifecycle,O00270,C0293,R049,Biryani Kitchen 49,Delhi NCR,Connaught Place,Biryani,1,1231.09,Wallet,out_for_delivery,2026-08-09 16:44:39,13
OE001594,order_lifecycle,O00270,C0293,R049,Biryani Kitchen 49,Delhi NCR,Connaught Place,Biryani,1,1231.09,Wallet,delivered,2026-08-09 16:51:39,13
OE001595,order_lifecycle,O00271,C0048,R004,Healthy Kitchen 04,Meerut,Saket,Healthy,5,444.88,UPI,placed,2026-08-01 20:49:37,20
OE001596,order_lifecycle,O00271,C0048,R004,Healthy Kitchen 04,Meerut,Saket,Healthy,5,444.88,UPI,accepted,2026-08-01 20:51:37,20
OE001597,order_lifecycle,O00271,C0048,R004,Healthy Kitchen 04,Meerut,Saket,Healthy,5,444.88,UPI,preparing,2026-08-01 20:55:37,20
OE001598,order_lifecycle,O00271,C0048,R004,Healthy Kitchen 04,Meerut,Saket,Healthy,5,444.88,UPI,picked_up,2026-08-01 21:04:37,20
OE001599,order_lifecycle,O00271,C0048,R004,Healthy Kitchen 04,Meerut,Saket,Healthy,5,444.88,UPI,out_for_delivery,2026-08-01 21:16:37,20
OE001600,order_lifecycle,O00271,C0048,R004,Healthy Kitchen 04,Meerut,Saket,Healthy,5,444.88,UPI,delivered,2026-08-01 21:28:37,20
OE001601,order_lifecycle,O00272,C0297,R059,Biryani Kitchen 59,Meerut,Noida Sector 18,Biryani,2,396.29,Cash,placed,2026-08-02 17:59:38,29
OE001602,order_lifecycle,O00272,C0297,R059,Biryani Kitchen 59,Meerut,Noida Sector 18,Biryani,2,396.29,Cash,accepted,2026-08-02 18:03:38,29
OE001603,order_lifecycle,O00272,C0297,R059,Biryani Kitchen 59,Meerut,Noida Sector 18,Biryani,2,396.29,Cash,preparing,2026-08-02 18:06:38,29
OE001604,order_lifecycle,O00272,C0297,R059,Biryani Kitchen 59,Meerut,Noida Sector 18,Biryani,2,396.29,Cash,picked_up,2026-08-02 18:09:38,29
OE001605,order_lifecycle,O00272,C0297,R059,Biryani Kitchen 59,Meerut,Noida Sector 18,Biryani,2,396.29,Cash,out_for_delivery,2026-08-02 18:18:38,29
OE001606,order_lifecycle,O00272,C0297,R059,Biryani Kitchen 59,Meerut,Noida Sector 18,Biryani,2,396.29,Cash,delivered,2026-08-02 18:25:38,29
OE001607,order_lifecycle,O00273,C0500,R023,Healthy Kitchen 23,Meerut,Gurugram Cyber City,Healthy,5,208.02,Cash,placed,2026-08-08 19:38:34,25
OE001608,order_lifecycle,O00273,C0500,R023,Healthy Kitchen 23,Meerut,Gurugram Cyber City,Healthy,5,208.02,Cash,accepted,2026-08-08 19:43:34,25
OE001609,order_lifecycle,O00273,C0500,R023,Healthy Kitchen 23,Meerut,Gurugram Cyber City,Healthy,5,208.02,Cash,preparing,2026-08-08 19:54:34,25
OE001610,order_lifecycle,O00273,C0500,R023,Healthy Kitchen 23,Meerut,Gurugram Cyber City,Healthy,5,208.02,Cash,picked_up,2026-08-08 19:56:34,25
OE001611,order_lifecycle,O00273,C0500,R023,Healthy Kitchen 23,Meerut,Gurugram Cyber City,Healthy,5,208.02,Cash,out_for_delivery,2026-08-08 20:06:34,25
OE001612,order_lifecycle,O00273,C0500,R023,Healthy Kitchen 23,Meerut,Gurugram Cyber City,Healthy,5,208.02,Cash,delivered,2026-08-08 20:08:34,25
OE001613,order_lifecycle,O00274,C0240,R060,Pizza Kitchen 60,Delhi NCR,Noida Sector 18,Pizza,2,600.15,Cash,placed,2026-08-09 16:59:12,15
OE001614,order_lifecycle,O00274,C0240,R060,Pizza Kitchen 60,Delhi NCR,Noida Sector 18,Pizza,2,600.15,Cash,accepted,2026-08-09 17:02:12,15
OE001615,order_lifecycle,O00274,C0240,R060,Pizza Kitchen 60,Delhi NCR,Noida Sector 18,Pizza,2,600.15,Cash,preparing,2026-08-09 17:13:12,15
OE001616,order_lifecycle,O00274,C0240,R060,Pizza Kitchen 60,Delhi NCR,Noida Sector 18,Pizza,2,600.15,Cash,picked_up,2026-08-09 17:24:12,15
OE001617,order_lifecycle,O00274,C0240,R060,Pizza Kitchen 60,Delhi NCR,Noida Sector 18,Pizza,2,600.15,Cash,out_for_delivery,2026-08-09 17:30:12,15
OE001618,order_lifecycle,O00274,C0240,R060,Pizza Kitchen 60,Delhi NCR,Noida Sector 18,Pizza,2,600.15,Cash,delivered,2026-08-09 17:34:12,15
OE001619,order_lifecycle,O00275,C0310,R041,North Indian Kitchen 41,Delhi NCR,Connaught Place,North Indian,2,716.29,Cash,placed,2026-08-01 11:11:51,22
OE001620,order_lifecycle,O00275,C0310,R041,North Indian Kitchen 41,Delhi NCR,Connaught Place,North Indian,2,716.29,Cash,accepted,2026-08-01 11:16:51,22
OE001621,order_lifecycle,O00275,C0310,R041,North Indian Kitchen 41,Delhi NCR,Connaught Place,North Indian,2,716.29,Cash,preparing,2026-08-01 11:28:51,22
OE001622,order_lifecycle,O00275,C0310,R041,North Indian Kitchen 41,Delhi NCR,Connaught Place,North Indian,2,716.29,Cash,picked_up,2026-08-01 11:35:51,22
OE001623,order_lifecycle,O00275,C0310,R041,North Indian Kitchen 41,Delhi NCR,Connaught Place,North Indian,2,716.29,Cash,out_for_delivery,2026-08-01 11:42:51,22
OE001624,order_lifecycle,O00275,C0310,R041,North Indian Kitchen 41,Delhi NCR,Connaught Place,North Indian,2,716.29,Cash,delivered,2026-08-01 11:46:51,22
OE001625,order_lifecycle,O00276,C0344,R007,Burgers Kitchen 07,Meerut,Noida Sector 18,Burgers,3,896.33,Card,placed,2026-08-11 16:43:48,35
OE001626,order_lifecycle,O00276,C0344,R007,Burgers Kitchen 07,Meerut,Noida Sector 18,Burgers,3,896.33,Card,accepted,2026-08-11 16:52:48,35
OE001627,order_lifecycle,O00276,C0344,R007,Burgers Kitchen 07,Meerut,Noida Sector 18,Burgers,3,896.33,Card,preparing,2026-08-11 17:01:48,35
OE001628,order_lifecycle,O00276,C0344,R007,Burgers Kitchen 07,Meerut,Noida Sector 18,Burgers,3,896.33,Card,picked_up,2026-08-11 17:03:48,35
OE001629,order_lifecycle,O00276,C0344,R007,Burgers Kitchen 07,Meerut,Noida Sector 18,Burgers,3,896.33,Card,out_for_delivery,2026-08-11 17:09:48,35
OE001630,order_lifecycle,O00276,C0344,R007,Burgers Kitchen 07,Meerut,Noida Sector 18,Burgers,3,896.33,Card,delivered,2026-08-11 17:17:48,35
OE001631,order_lifecycle,O00277,C0471,R034,South Indian Kitchen 34,Meerut,Connaught Place,South Indian,4,951.83,Cash,placed,2026-08-06 20:01:04,19
OE001632,order_lifecycle,O00277,C0471,R034,South Indian Kitchen 34,Meerut,Connaught Place,South Indian,4,951.83,Cash,accepted,2026-08-06 20:08:04,19
OE001633,order_lifecycle,O00277,C0471,R034,South Indian Kitchen 34,Meerut,Connaught Place,South Indian,4,951.83,Cash,preparing,2026-08-06 20:16:04,19
OE001634,order_lifecycle,O00277,C0471,R034,South Indian Kitchen 34,Meerut,Connaught Place,South Indian,4,951.83,Cash,picked_up,2026-08-06 20:19:04,19
OE001635,order_lifecycle,O00277,C0471,R034,South Indian Kitchen 34,Meerut,Connaught Place,South Indian,4,951.83,Cash,out_for_delivery,2026-08-06 20:29:04,19
OE001636,order_lifecycle,O00277,C0471,R034,South Indian Kitchen 34,Meerut,Connaught Place,South Indian,4,951.83,Cash,delivered,2026-08-06 20:36:04,19
OE001637,order_lifecycle,O00278,C0462,R042,South Indian Kitchen 42,Delhi NCR,Saket,South Indian,1,615.5,UPI,placed,2026-08-01 21:55:03,26
OE001638,order_lifecycle,O00278,C0462,R042,South Indian Kitchen 42,Delhi NCR,Saket,South Indian,1,615.5,UPI,accepted,2026-08-01 21:58:03,26
OE001639,order_lifecycle,O00278,C0462,R042,South Indian Kitchen 42,Delhi NCR,Saket,South Indian,1,615.5,UPI,preparing,2026-08-01 22:04:03,26
OE001640,order_lifecycle,O00278,C0462,R042,South Indian Kitchen 42,Delhi NCR,Saket,South Indian,1,615.5,UPI,cancelled,2026-08-01 22:11:03,26
OE001641,order_lifecycle,O00279,C0406,R045,North Indian Kitchen 45,Delhi NCR,Saket,North Indian,1,1133.53,Card,placed,2026-08-12 12:59:08,27
OE001642,order_lifecycle,O00279,C0406,R045,North Indian Kitchen 45,Delhi NCR,Saket,North Indian,1,1133.53,Card,accepted,2026-08-12 13:03:08,27
OE001643,order_lifecycle,O00279,C0406,R045,North Indian Kitchen 45,Delhi NCR,Saket,North Indian,1,1133.53,Card,preparing,2026-08-12 13:14:08,27
OE001644,order_lifecycle,O00279,C0406,R045,North Indian Kitchen 45,Delhi NCR,Saket,North Indian,1,1133.53,Card,picked_up,2026-08-12 13:22:08,27
OE001645,order_lifecycle,O00279,C0406,R045,North Indian Kitchen 45,Delhi NCR,Saket,North Indian,1,1133.53,Card,out_for_delivery,2026-08-12 13:34:08,27
OE001646,order_lifecycle,O00279,C0406,R045,North Indian Kitchen 45,Delhi NCR,Saket,North Indian,1,1133.53,Card,delivered,2026-08-12 13:43:08,27
OE001647,order_lifecycle,O00280,C0031,R012,Chinese Kitchen 12,Meerut,Gurugram Cyber City,Chinese,4,816.1,UPI,placed,2026-08-11 13:29:52,20
OE001648,order_lifecycle,O00280,C0031,R012,Chinese Kitchen 12,Meerut,Gurugram Cyber City,Chinese,4,816.1,UPI,accepted,2026-08-11 13:40:52,20
OE001649,order_lifecycle,O00280,C0031,R012,Chinese Kitchen 12,Meerut,Gurugram Cyber City,Chinese,4,816.1,UPI,preparing,2026-08-11 13:50:52,20
OE001650,order_lifecycle,O00280,C0031,R012,Chinese Kitchen 12,Meerut,Gurugram Cyber City,Chinese,4,816.1,UPI,picked_up,2026-08-11 14:00:52,20
OE001651,order_lifecycle,O00280,C0031,R012,Chinese Kitchen 12,Meerut,Gurugram Cyber City,Chinese,4,816.1,UPI,out_for_delivery,2026-08-11 14:07:52,20
OE001652,order_lifecycle,O00280,C0031,R012,Chinese Kitchen 12,Meerut,Gurugram Cyber City,Chinese,4,816.1,UPI,delivered,2026-08-11 14:13:52,20
OE001653,order_lifecycle,O00281,C0446,R043,Chinese Kitchen 43,Meerut,Dwarka,Chinese,1,371.48,Card,placed,2026-08-02 12:29:56,19
OE001654,order_lifecycle,O00281,C0446,R043,Chinese Kitchen 43,Meerut,Dwarka,Chinese,1,371.48,Card,accepted,2026-08-02 12:33:56,19
OE001655,order_lifecycle,O00281,C0446,R043,Chinese Kitchen 43,Meerut,Dwarka,Chinese,1,371.48,Card,preparing,2026-08-02 12:39:56,19
OE001656,order_lifecycle,O00281,C0446,R043,Chinese Kitchen 43,Meerut,Dwarka,Chinese,1,371.48,Card,picked_up,2026-08-02 12:41:56,19
OE001657,order_lifecycle,O00281,C0446,R043,Chinese Kitchen 43,Meerut,Dwarka,Chinese,1,371.48,Card,cancelled,2026-08-02 12:50:56,19
OE001658,order_lifecycle,O00282,C0232,R024,Chinese Kitchen 24,Meerut,Connaught Place,Chinese,2,890.36,Wallet,placed,2026-08-02 18:05:22,35
OE001659,order_lifecycle,O00282,C0232,R024,Chinese Kitchen 24,Meerut,Connaught Place,Chinese,2,890.36,Wallet,accepted,2026-08-02 18:15:22,35
OE001660,order_lifecycle,O00282,C0232,R024,Chinese Kitchen 24,Meerut,Connaught Place,Chinese,2,890.36,Wallet,preparing,2026-08-02 18:22:22,35
OE001661,order_lifecycle,O00282,C0232,R024,Chinese Kitchen 24,Meerut,Connaught Place,Chinese,2,890.36,Wallet,picked_up,2026-08-02 18:24:22,35
OE001662,order_lifecycle,O00282,C0232,R024,Chinese Kitchen 24,Meerut,Connaught Place,Chinese,2,890.36,Wallet,out_for_delivery,2026-08-02 18:33:22,35
OE001663,order_lifecycle,O00282,C0232,R024,Chinese Kitchen 24,Meerut,Connaught Place,Chinese,2,890.36,Wallet,delivered,2026-08-02 18:39:22,35
OE001664,order_lifecycle,O00283,C0028,R006,Biryani Kitchen 06,Meerut,Rohini,Biryani,2,361.65,Wallet,placed,2026-08-05 13:04:34,15
OE001665,order_lifecycle,O00283,C0028,R006,Biryani Kitchen 06,Meerut,Rohini,Biryani,2,361.65,Wallet,accepted,2026-08-05 13:07:34,15
OE001666,order_lifecycle,O00283,C0028,R006,Biryani Kitchen 06,Meerut,Rohini,Biryani,2,361.65,Wallet,preparing,2026-08-05 13:12:34,15
OE001667,order_lifecycle,O00283,C0028,R006,Biryani Kitchen 06,Meerut,Rohini,Biryani,2,361.65,Wallet,picked_up,2026-08-05 13:18:34,15
OE001668,order_lifecycle,O00283,C0028,R006,Biryani Kitchen 06,Meerut,Rohini,Biryani,2,361.65,Wallet,out_for_delivery,2026-08-05 13:27:34,15
OE001669,order_lifecycle,O00283,C0028,R006,Biryani Kitchen 06,Meerut,Rohini,Biryani,2,361.65,Wallet,delivered,2026-08-05 13:32:34,15
OE001670,order_lifecycle,O00284,C0073,R001,South Indian Kitchen 01,Delhi NCR,Noida Sector 18,South Indian,3,484.02,UPI,placed,2026-08-08 16:21:01,16
OE001671,order_lifecycle,O00284,C0073,R001,South Indian Kitchen 01,Delhi NCR,Noida Sector 18,South Indian,3,484.02,UPI,accepted,2026-08-08 16:23:01,16
OE001672,order_lifecycle,O00284,C0073,R001,South Indian Kitchen 01,Delhi NCR,Noida Sector 18,South Indian,3,484.02,UPI,preparing,2026-08-08 16:34:01,16
OE001673,order_lifecycle,O00284,C0073,R001,South Indian Kitchen 01,Delhi NCR,Noida Sector 18,South Indian,3,484.02,UPI,picked_up,2026-08-08 16:41:01,16
OE001674,order_lifecycle,O00284,C0073,R001,South Indian Kitchen 01,Delhi NCR,Noida Sector 18,South Indian,3,484.02,UPI,out_for_delivery,2026-08-08 16:50:01,16
OE001675,order_lifecycle,O00284,C0073,R001,South Indian Kitchen 01,Delhi NCR,Noida Sector 18,South Indian,3,484.02,UPI,delivered,2026-08-08 17:01:01,16
OE001676,order_lifecycle,O00285,C0377,R023,Healthy Kitchen 23,Meerut,Gurugram Cyber City,Healthy,4,611.74,Cash,placed,2026-08-08 21:22:34,25
OE001677,order_lifecycle,O00285,C0377,R023,Healthy Kitchen 23,Meerut,Gurugram Cyber City,Healthy,4,611.74,Cash,accepted,2026-08-08 21:24:34,25
OE001678,order_lifecycle,O00285,C0377,R023,Healthy Kitchen 23,Meerut,Gurugram Cyber City,Healthy,4,611.74,Cash,preparing,2026-08-08 21:31:34,25
OE001679,order_lifecycle,O00285,C0377,R023,Healthy Kitchen 23,Meerut,Gurugram Cyber City,Healthy,4,611.74,Cash,picked_up,2026-08-08 21:37:34,25
OE001680,order_lifecycle,O00285,C0377,R023,Healthy Kitchen 23,Meerut,Gurugram Cyber City,Healthy,4,611.74,Cash,out_for_delivery,2026-08-08 21:44:34,25
OE001681,order_lifecycle,O00285,C0377,R023,Healthy Kitchen 23,Meerut,Gurugram Cyber City,Healthy,4,611.74,Cash,delivered,2026-08-08 21:54:34,25
OE001682,order_lifecycle,O00286,C0016,R029,South Indian Kitchen 29,Delhi NCR,Ganga Nagar,South Indian,1,530.09,Card,placed,2026-08-12 21:27:23,29
OE001683,order_lifecycle,O00286,C0016,R029,South Indian Kitchen 29,Delhi NCR,Ganga Nagar,South Indian,1,530.09,Card,accepted,2026-08-12 21:35:23,29
OE001684,order_lifecycle,O00286,C0016,R029,South Indian Kitchen 29,Delhi NCR,Ganga Nagar,South Indian,1,530.09,Card,preparing,2026-08-12 21:47:23,29
OE001685,order_lifecycle,O00286,C0016,R029,South Indian Kitchen 29,Delhi NCR,Ganga Nagar,South Indian,1,530.09,Card,picked_up,2026-08-12 21:50:23,29
OE001686,order_lifecycle,O00286,C0016,R029,South Indian Kitchen 29,Delhi NCR,Ganga Nagar,South Indian,1,530.09,Card,out_for_delivery,2026-08-12 21:56:23,29
OE001687,order_lifecycle,O00286,C0016,R029,South Indian Kitchen 29,Delhi NCR,Ganga Nagar,South Indian,1,530.09,Card,delivered,2026-08-12 22:08:23,29
OE001688,order_lifecycle,O00287,C0314,R009,Cafe Kitchen 09,Meerut,Saket,Cafe,3,1467.74,UPI,placed,2026-08-13 17:36:50,13
OE001689,order_lifecycle,O00287,C0314,R009,Cafe Kitchen 09,Meerut,Saket,Cafe,3,1467.74,UPI,accepted,2026-08-13 17:45:50,13
OE001690,order_lifecycle,O00287,C0314,R009,Cafe Kitchen 09,Meerut,Saket,Cafe,3,1467.74,UPI,preparing,2026-08-13 17:57:50,13
OE001691,order_lifecycle,O00287,C0314,R009,Cafe Kitchen 09,Meerut,Saket,Cafe,3,1467.74,UPI,picked_up,2026-08-13 18:01:50,13
OE001692,order_lifecycle,O00287,C0314,R009,Cafe Kitchen 09,Meerut,Saket,Cafe,3,1467.74,UPI,out_for_delivery,2026-08-13 18:10:50,13
OE001693,order_lifecycle,O00287,C0314,R009,Cafe Kitchen 09,Meerut,Saket,Cafe,3,1467.74,UPI,delivered,2026-08-13 18:22:50,13
OE001694,order_lifecycle,O00288,C0071,R041,North Indian Kitchen 41,Delhi NCR,Connaught Place,North Indian,1,1097.2,Cash,placed,2026-08-13 18:42:49,22
OE001695,order_lifecycle,O00288,C0071,R041,North Indian Kitchen 41,Delhi NCR,Connaught Place,North Indian,1,1097.2,Cash,accepted,2026-08-13 18:47:49,22
OE001696,order_lifecycle,O00288,C0071,R041,North Indian Kitchen 41,Delhi NCR,Connaught Place,North Indian,1,1097.2,Cash,preparing,2026-08-13 18:55:49,22
OE001697,order_lifecycle,O00288,C0071,R041,North Indian Kitchen 41,Delhi NCR,Connaught Place,North Indian,1,1097.2,Cash,picked_up,2026-08-13 19:06:49,22
OE001698,order_lifecycle,O00288,C0071,R041,North Indian Kitchen 41,Delhi NCR,Connaught Place,North Indian,1,1097.2,Cash,out_for_delivery,2026-08-13 19:09:49,22
OE001699,order_lifecycle,O00288,C0071,R041,North Indian Kitchen 41,Delhi NCR,Connaught Place,North Indian,1,1097.2,Cash,delivered,2026-08-13 19:15:49,22
OE001700,order_lifecycle,O00289,C0155,R037,South Indian Kitchen 37,Delhi NCR,Noida Sector 18,South Indian,2,937.85,Wallet,placed,2026-08-05 19:59:40,18
OE001701,order_lifecycle,O00289,C0155,R037,South Indian Kitchen 37,Delhi NCR,Noida Sector 18,South Indian,2,937.85,Wallet,accepted,2026-08-05 20:07:40,18
OE001702,order_lifecycle,O00289,C0155,R037,South Indian Kitchen 37,Delhi NCR,Noida Sector 18,South Indian,2,937.85,Wallet,preparing,2026-08-05 20:10:40,18
OE001703,order_lifecycle,O00289,C0155,R037,South Indian Kitchen 37,Delhi NCR,Noida Sector 18,South Indian,2,937.85,Wallet,picked_up,2026-08-05 20:14:40,18
OE001704,order_lifecycle,O00289,C0155,R037,South Indian Kitchen 37,Delhi NCR,Noida Sector 18,South Indian,2,937.85,Wallet,out_for_delivery,2026-08-05 20:24:40,18
OE001705,order_lifecycle,O00289,C0155,R037,South Indian Kitchen 37,Delhi NCR,Noida Sector 18,South Indian,2,937.85,Wallet,delivered,2026-08-05 20:33:40,18
OE001706,order_lifecycle,O00290,C0066,R036,North Indian Kitchen 36,Delhi NCR,Rohini,North Indian,4,1272.13,Wallet,placed,2026-08-13 16:08:25,22
OE001707,order_lifecycle,O00290,C0066,R036,North Indian Kitchen 36,Delhi NCR,Rohini,North Indian,4,1272.13,Wallet,accepted,2026-08-13 16:11:25,22
OE001708,order_lifecycle,O00290,C0066,R036,North Indian Kitchen 36,Delhi NCR,Rohini,North Indian,4,1272.13,Wallet,preparing,2026-08-13 16:13:25,22
OE001709,order_lifecycle,O00290,C0066,R036,North Indian Kitchen 36,Delhi NCR,Rohini,North Indian,4,1272.13,Wallet,picked_up,2026-08-13 16:19:25,22
OE001710,order_lifecycle,O00290,C0066,R036,North Indian Kitchen 36,Delhi NCR,Rohini,North Indian,4,1272.13,Wallet,out_for_delivery,2026-08-13 16:31:25,22
OE001711,order_lifecycle,O00290,C0066,R036,North Indian Kitchen 36,Delhi NCR,Rohini,North Indian,4,1272.13,Wallet,delivered,2026-08-13 16:34:25,22
OE001712,order_lifecycle,O00291,C0080,R037,South Indian Kitchen 37,Delhi NCR,Noida Sector 18,South Indian,5,1488.99,Card,placed,2026-08-05 21:59:00,18
OE001713,order_lifecycle,O00291,C0080,R037,South Indian Kitchen 37,Delhi NCR,Noida Sector 18,South Indian,5,1488.99,Card,accepted,2026-08-05 22:01:00,18
OE001714,order_lifecycle,O00291,C0080,R037,South Indian Kitchen 37,Delhi NCR,Noida Sector 18,South Indian,5,1488.99,Card,preparing,2026-08-05 22:05:00,18
OE001715,order_lifecycle,O00291,C0080,R037,South Indian Kitchen 37,Delhi NCR,Noida Sector 18,South Indian,5,1488.99,Card,picked_up,2026-08-05 22:16:00,18
OE001716,order_lifecycle,O00291,C0080,R037,South Indian Kitchen 37,Delhi NCR,Noida Sector 18,South Indian,5,1488.99,Card,out_for_delivery,2026-08-05 22:19:00,18
OE001717,order_lifecycle,O00291,C0080,R037,South Indian Kitchen 37,Delhi NCR,Noida Sector 18,South Indian,5,1488.99,Card,delivered,2026-08-05 22:29:00,18
OE001718,order_lifecycle,O00292,C0073,R029,South Indian Kitchen 29,Delhi NCR,Ganga Nagar,South Indian,4,520.56,Cash,placed,2026-08-09 21:44:34,29
OE001719,order_lifecycle,O00292,C0073,R029,South Indian Kitchen 29,Delhi NCR,Ganga Nagar,South Indian,4,520.56,Cash,accepted,2026-08-09 21:47:34,29
OE001720,order_lifecycle,O00292,C0073,R029,South Indian Kitchen 29,Delhi NCR,Ganga Nagar,South Indian,4,520.56,Cash,preparing,2026-08-09 21:58:34,29
OE001721,order_lifecycle,O00292,C0073,R029,South Indian Kitchen 29,Delhi NCR,Ganga Nagar,South Indian,4,520.56,Cash,picked_up,2026-08-09 22:07:34,29
OE001722,order_lifecycle,O00292,C0073,R029,South Indian Kitchen 29,Delhi NCR,Ganga Nagar,South Indian,4,520.56,Cash,out_for_delivery,2026-08-09 22:14:34,29
OE001723,order_lifecycle,O00292,C0073,R029,South Indian Kitchen 29,Delhi NCR,Ganga Nagar,South Indian,4,520.56,Cash,delivered,2026-08-09 22:26:34,29
OE001724,order_lifecycle,O00293,C0005,R011,Momos Kitchen 11,Meerut,Ganga Nagar,Momos,5,1644.08,Wallet,placed,2026-08-09 18:13:22,23
OE001725,order_lifecycle,O00293,C0005,R011,Momos Kitchen 11,Meerut,Ganga Nagar,Momos,5,1644.08,Wallet,accepted,2026-08-09 18:17:22,23
OE001726,order_lifecycle,O00293,C0005,R011,Momos Kitchen 11,Meerut,Ganga Nagar,Momos,5,1644.08,Wallet,preparing,2026-08-09 18:29:22,23
OE001727,order_lifecycle,O00293,C0005,R011,Momos Kitchen 11,Meerut,Ganga Nagar,Momos,5,1644.08,Wallet,picked_up,2026-08-09 18:33:22,23
OE001728,order_lifecycle,O00293,C0005,R011,Momos Kitchen 11,Meerut,Ganga Nagar,Momos,5,1644.08,Wallet,out_for_delivery,2026-08-09 18:40:22,23
OE001729,order_lifecycle,O00293,C0005,R011,Momos Kitchen 11,Meerut,Ganga Nagar,Momos,5,1644.08,Wallet,delivered,2026-08-09 18:52:22,23
OE001730,order_lifecycle,O00294,C0133,R017,Desserts Kitchen 17,Delhi NCR,Noida Sector 18,Desserts,4,1135.19,UPI,placed,2026-08-06 19:37:22,35
OE001731,order_lifecycle,O00294,C0133,R017,Desserts Kitchen 17,Delhi NCR,Noida Sector 18,Desserts,4,1135.19,UPI,accepted,2026-08-06 19:42:22,35
OE001732,order_lifecycle,O00294,C0133,R017,Desserts Kitchen 17,Delhi NCR,Noida Sector 18,Desserts,4,1135.19,UPI,cancelled,2026-08-06 19:45:22,35
OE001733,order_lifecycle,O00295,C0256,R050,North Indian Kitchen 50,Meerut,Dwarka,North Indian,2,1667.63,UPI,placed,2026-08-06 13:49:51,28
OE001734,order_lifecycle,O00295,C0256,R050,North Indian Kitchen 50,Meerut,Dwarka,North Indian,2,1667.63,UPI,accepted,2026-08-06 13:53:51,28
OE001735,order_lifecycle,O00295,C0256,R050,North Indian Kitchen 50,Meerut,Dwarka,North Indian,2,1667.63,UPI,preparing,2026-08-06 14:01:51,28
OE001736,order_lifecycle,O00295,C0256,R050,North Indian Kitchen 50,Meerut,Dwarka,North Indian,2,1667.63,UPI,picked_up,2026-08-06 14:09:51,28
OE001737,order_lifecycle,O00295,C0256,R050,North Indian Kitchen 50,Meerut,Dwarka,North Indian,2,1667.63,UPI,out_for_delivery,2026-08-06 14:12:51,28
OE001738,order_lifecycle,O00295,C0256,R050,North Indian Kitchen 50,Meerut,Dwarka,North Indian,2,1667.63,UPI,delivered,2026-08-06 14:14:51,28
OE001739,order_lifecycle,O00296,C0104,R020,North Indian Kitchen 20,Delhi NCR,Dwarka,North Indian,5,507.67,UPI,placed,2026-08-14 18:51:50,33
OE001740,order_lifecycle,O00296,C0104,R020,North Indian Kitchen 20,Delhi NCR,Dwarka,North Indian,5,507.67,UPI,accepted,2026-08-14 19:03:50,33
OE001741,order_lifecycle,O00296,C0104,R020,North Indian Kitchen 20,Delhi NCR,Dwarka,North Indian,5,507.67,UPI,preparing,2026-08-14 19:06:50,33
OE001742,order_lifecycle,O00296,C0104,R020,North Indian Kitchen 20,Delhi NCR,Dwarka,North Indian,5,507.67,UPI,picked_up,2026-08-14 19:11:50,33
OE001743,order_lifecycle,O00296,C0104,R020,North Indian Kitchen 20,Delhi NCR,Dwarka,North Indian,5,507.67,UPI,out_for_delivery,2026-08-14 19:13:50,33
OE001744,order_lifecycle,O00296,C0104,R020,North Indian Kitchen 20,Delhi NCR,Dwarka,North Indian,5,507.67,UPI,delivered,2026-08-14 19:17:50,33
OE001745,order_lifecycle,O00297,C0257,R041,North Indian Kitchen 41,Delhi NCR,Connaught Place,North Indian,4,1482.55,Wallet,placed,2026-08-10 18:54:08,22
OE001746,order_lifecycle,O00297,C0257,R041,North Indian Kitchen 41,Delhi NCR,Connaught Place,North Indian,4,1482.55,Wallet,accepted,2026-08-10 18:57:08,22
OE001747,order_lifecycle,O00297,C0257,R041,North Indian Kitchen 41,Delhi NCR,Connaught Place,North Indian,4,1482.55,Wallet,preparing,2026-08-10 19:08:08,22
OE001748,order_lifecycle,O00297,C0257,R041,North Indian Kitchen 41,Delhi NCR,Connaught Place,North Indian,4,1482.55,Wallet,picked_up,2026-08-10 19:11:08,22
OE001749,order_lifecycle,O00297,C0257,R041,North Indian Kitchen 41,Delhi NCR,Connaught Place,North Indian,4,1482.55,Wallet,out_for_delivery,2026-08-10 19:15:08,22
OE001750,order_lifecycle,O00297,C0257,R041,North Indian Kitchen 41,Delhi NCR,Connaught Place,North Indian,4,1482.55,Wallet,delivered,2026-08-10 19:25:08,22
OE001751,order_lifecycle,O00298,C0313,R037,South Indian Kitchen 37,Delhi NCR,Noida Sector 18,South Indian,5,1626.89,Wallet,placed,2026-08-10 10:34:44,18
OE001752,order_lifecycle,O00298,C0313,R037,South Indian Kitchen 37,Delhi NCR,Noida Sector 18,South Indian,5,1626.89,Wallet,accepted,2026-08-10 10:40:44,18
OE001753,order_lifecycle,O00298,C0313,R037,South Indian Kitchen 37,Delhi NCR,Noida Sector 18,South Indian,5,1626.89,Wallet,preparing,2026-08-10 10:52:44,18
OE001754,order_lifecycle,O00298,C0313,R037,South Indian Kitchen 37,Delhi NCR,Noida Sector 18,South Indian,5,1626.89,Wallet,picked_up,2026-08-10 10:54:44,18
OE001755,order_lifecycle,O00298,C0313,R037,South Indian Kitchen 37,Delhi NCR,Noida Sector 18,South Indian,5,1626.89,Wallet,out_for_delivery,2026-08-10 10:56:44,18
OE001756,order_lifecycle,O00298,C0313,R037,South Indian Kitchen 37,Delhi NCR,Noida Sector 18,South Indian,5,1626.89,Wallet,delivered,2026-08-10 11:03:44,18
OE001757,order_lifecycle,O00299,C0392,R003,Biryani Kitchen 03,Delhi NCR,Connaught Place,Biryani,1,1179.89,Wallet,placed,2026-08-02 16:38:47,34
OE001758,order_lifecycle,O00299,C0392,R003,Biryani Kitchen 03,Delhi NCR,Connaught Place,Biryani,1,1179.89,Wallet,accepted,2026-08-02 16:44:47,34
OE001759,order_lifecycle,O00299,C0392,R003,Biryani Kitchen 03,Delhi NCR,Connaught Place,Biryani,1,1179.89,Wallet,preparing,2026-08-02 16:46:47,34
OE001760,order_lifecycle,O00299,C0392,R003,Biryani Kitchen 03,Delhi NCR,Connaught Place,Biryani,1,1179.89,Wallet,picked_up,2026-08-02 16:49:47,34
OE001761,order_lifecycle,O00299,C0392,R003,Biryani Kitchen 03,Delhi NCR,Connaught Place,Biryani,1,1179.89,Wallet,out_for_delivery,2026-08-02 16:51:47,34
OE001762,order_lifecycle,O00299,C0392,R003,Biryani Kitchen 03,Delhi NCR,Connaught Place,Biryani,1,1179.89,Wallet,delivered,2026-08-02 17:00:47,34
OE001763,order_lifecycle,O00300,C0393,R045,North Indian Kitchen 45,Delhi NCR,Saket,North Indian,1,1079.27,Wallet,placed,2026-08-03 16:44:27,27
OE001764,order_lifecycle,O00300,C0393,R045,North Indian Kitchen 45,Delhi NCR,Saket,North Indian,1,1079.27,Wallet,accepted,2026-08-03 16:55:27,27
OE001765,order_lifecycle,O00300,C0393,R045,North Indian Kitchen 45,Delhi NCR,Saket,North Indian,1,1079.27,Wallet,preparing,2026-08-03 17:02:27,27
OE001766,order_lifecycle,O00300,C0393,R045,North Indian Kitchen 45,Delhi NCR,Saket,North Indian,1,1079.27,Wallet,picked_up,2026-08-03 17:09:27,27
OE001767,order_lifecycle,O00300,C0393,R045,North Indian Kitchen 45,Delhi NCR,Saket,North Indian,1,1079.27,Wallet,out_for_delivery,2026-08-03 17:14:27,27
OE001768,order_lifecycle,O00300,C0393,R045,North Indian Kitchen 45,Delhi NCR,Saket,North Indian,1,1079.27,Wallet,delivered,2026-08-03 17:21:27,27
OE001769,order_lifecycle,O00301,C0225,R011,Momos Kitchen 11,Meerut,Ganga Nagar,Momos,2,1248.33,Cash,placed,2026-08-01 15:22:38,23
OE001770,order_lifecycle,O00301,C0225,R011,Momos Kitchen 11,Meerut,Ganga Nagar,Momos,2,1248.33,Cash,accepted,2026-08-01 15:30:38,23
OE001771,order_lifecycle,O00301,C0225,R011,Momos Kitchen 11,Meerut,Ganga Nagar,Momos,2,1248.33,Cash,preparing,2026-08-01 15:39:38,23
OE001772,order_lifecycle,O00301,C0225,R011,Momos Kitchen 11,Meerut,Ganga Nagar,Momos,2,1248.33,Cash,picked_up,2026-08-01 15:51:38,23
OE001773,order_lifecycle,O00301,C0225,R011,Momos Kitchen 11,Meerut,Ganga Nagar,Momos,2,1248.33,Cash,out_for_delivery,2026-08-01 15:54:38,23
OE001774,order_lifecycle,O00301,C0225,R011,Momos Kitchen 11,Meerut,Ganga Nagar,Momos,2,1248.33,Cash,delivered,2026-08-01 16:06:38,23
OE001775,order_lifecycle,O00302,C0178,R047,Momos Kitchen 47,Delhi NCR,Shastri Nagar,Momos,2,525.69,Card,placed,2026-08-10 17:17:05,26
OE001776,order_lifecycle,O00302,C0178,R047,Momos Kitchen 47,Delhi NCR,Shastri Nagar,Momos,2,525.69,Card,accepted,2026-08-10 17:27:05,26
OE001777,order_lifecycle,O00302,C0178,R047,Momos Kitchen 47,Delhi NCR,Shastri Nagar,Momos,2,525.69,Card,preparing,2026-08-10 17:32:05,26
OE001778,order_lifecycle,O00302,C0178,R047,Momos Kitchen 47,Delhi NCR,Shastri Nagar,Momos,2,525.69,Card,picked_up,2026-08-10 17:35:05,26
OE001779,order_lifecycle,O00302,C0178,R047,Momos Kitchen 47,Delhi NCR,Shastri Nagar,Momos,2,525.69,Card,out_for_delivery,2026-08-10 17:42:05,26
OE001780,order_lifecycle,O00302,C0178,R047,Momos Kitchen 47,Delhi NCR,Shastri Nagar,Momos,2,525.69,Card,delivered,2026-08-10 17:46:05,26
OE001781,order_lifecycle,O00303,C0197,R060,Pizza Kitchen 60,Delhi NCR,Noida Sector 18,Pizza,2,271.06,Wallet,placed,2026-08-14 16:24:28,15
OE001782,order_lifecycle,O00303,C0197,R060,Pizza Kitchen 60,Delhi NCR,Noida Sector 18,Pizza,2,271.06,Wallet,accepted,2026-08-14 16:32:28,15
OE001783,order_lifecycle,O00303,C0197,R060,Pizza Kitchen 60,Delhi NCR,Noida Sector 18,Pizza,2,271.06,Wallet,preparing,2026-08-14 16:42:28,15
OE001784,order_lifecycle,O00303,C0197,R060,Pizza Kitchen 60,Delhi NCR,Noida Sector 18,Pizza,2,271.06,Wallet,picked_up,2026-08-14 16:44:28,15
OE001785,order_lifecycle,O00303,C0197,R060,Pizza Kitchen 60,Delhi NCR,Noida Sector 18,Pizza,2,271.06,Wallet,out_for_delivery,2026-08-14 16:56:28,15
OE001786,order_lifecycle,O00303,C0197,R060,Pizza Kitchen 60,Delhi NCR,Noida Sector 18,Pizza,2,271.06,Wallet,delivered,2026-08-14 17:02:28,15
OE001787,order_lifecycle,O00304,C0056,R045,North Indian Kitchen 45,Delhi NCR,Saket,North Indian,5,941.6,Cash,placed,2026-08-11 14:54:34,27
OE001788,order_lifecycle,O00304,C0056,R045,North Indian Kitchen 45,Delhi NCR,Saket,North Indian,5,941.6,Cash,accepted,2026-08-11 15:02:34,27
OE001789,order_lifecycle,O00304,C0056,R045,North Indian Kitchen 45,Delhi NCR,Saket,North Indian,5,941.6,Cash,preparing,2026-08-11 15:11:34,27
OE001790,order_lifecycle,O00304,C0056,R045,North Indian Kitchen 45,Delhi NCR,Saket,North Indian,5,941.6,Cash,picked_up,2026-08-11 15:16:34,27
OE001791,order_lifecycle,O00304,C0056,R045,North Indian Kitchen 45,Delhi NCR,Saket,North Indian,5,941.6,Cash,out_for_delivery,2026-08-11 15:20:34,27
OE001792,order_lifecycle,O00304,C0056,R045,North Indian Kitchen 45,Delhi NCR,Saket,North Indian,5,941.6,Cash,delivered,2026-08-11 15:22:34,27
OE001793,order_lifecycle,O00305,C0092,R051,South Indian Kitchen 51,Delhi NCR,Rohini,South Indian,3,259.21,Wallet,placed,2026-08-01 17:00:29,33
OE001794,order_lifecycle,O00305,C0092,R051,South Indian Kitchen 51,Delhi NCR,Rohini,South Indian,3,259.21,Wallet,accepted,2026-08-01 17:10:29,33
OE001795,order_lifecycle,O00305,C0092,R051,South Indian Kitchen 51,Delhi NCR,Rohini,South Indian,3,259.21,Wallet,preparing,2026-08-01 17:15:29,33
OE001796,order_lifecycle,O00305,C0092,R051,South Indian Kitchen 51,Delhi NCR,Rohini,South Indian,3,259.21,Wallet,picked_up,2026-08-01 17:23:29,33
OE001797,order_lifecycle,O00305,C0092,R051,South Indian Kitchen 51,Delhi NCR,Rohini,South Indian,3,259.21,Wallet,out_for_delivery,2026-08-01 17:25:29,33
OE001798,order_lifecycle,O00305,C0092,R051,South Indian Kitchen 51,Delhi NCR,Rohini,South Indian,3,259.21,Wallet,delivered,2026-08-01 17:36:29,33
OE001799,order_lifecycle,O00306,C0336,R006,Biryani Kitchen 06,Meerut,Rohini,Biryani,4,1295.11,Cash,placed,2026-08-02 20:02:11,15
OE001800,order_lifecycle,O00306,C0336,R006,Biryani Kitchen 06,Meerut,Rohini,Biryani,4,1295.11,Cash,accepted,2026-08-02 20:04:11,15
OE001801,order_lifecycle,O00306,C0336,R006,Biryani Kitchen 06,Meerut,Rohini,Biryani,4,1295.11,Cash,cancelled,2026-08-02 20:10:11,15
OE001802,order_lifecycle,O00307,C0009,R050,North Indian Kitchen 50,Meerut,Dwarka,North Indian,1,575.51,UPI,placed,2026-08-09 21:02:38,28
OE001803,order_lifecycle,O00307,C0009,R050,North Indian Kitchen 50,Meerut,Dwarka,North Indian,1,575.51,UPI,accepted,2026-08-09 21:05:38,28
OE001804,order_lifecycle,O00307,C0009,R050,North Indian Kitchen 50,Meerut,Dwarka,North Indian,1,575.51,UPI,preparing,2026-08-09 21:15:38,28
OE001805,order_lifecycle,O00307,C0009,R050,North Indian Kitchen 50,Meerut,Dwarka,North Indian,1,575.51,UPI,picked_up,2026-08-09 21:18:38,28
OE001806,order_lifecycle,O00307,C0009,R050,North Indian Kitchen 50,Meerut,Dwarka,North Indian,1,575.51,UPI,out_for_delivery,2026-08-09 21:23:38,28
OE001807,order_lifecycle,O00307,C0009,R050,North Indian Kitchen 50,Meerut,Dwarka,North Indian,1,575.51,UPI,delivered,2026-08-09 21:28:38,28
OE001808,order_lifecycle,O00308,C0014,R014,Pizza Kitchen 14,Delhi NCR,Gurugram Cyber City,Pizza,5,1449.4,Cash,placed,2026-08-04 15:32:45,13
OE001809,order_lifecycle,O00308,C0014,R014,Pizza Kitchen 14,Delhi NCR,Gurugram Cyber City,Pizza,5,1449.4,Cash,accepted,2026-08-04 15:40:45,13
OE001810,order_lifecycle,O00308,C0014,R014,Pizza Kitchen 14,Delhi NCR,Gurugram Cyber City,Pizza,5,1449.4,Cash,preparing,2026-08-04 15:51:45,13
OE001811,order_lifecycle,O00308,C0014,R014,Pizza Kitchen 14,Delhi NCR,Gurugram Cyber City,Pizza,5,1449.4,Cash,picked_up,2026-08-04 15:53:45,13
OE001812,order_lifecycle,O00308,C0014,R014,Pizza Kitchen 14,Delhi NCR,Gurugram Cyber City,Pizza,5,1449.4,Cash,out_for_delivery,2026-08-04 16:05:45,13
OE001813,order_lifecycle,O00308,C0014,R014,Pizza Kitchen 14,Delhi NCR,Gurugram Cyber City,Pizza,5,1449.4,Cash,delivered,2026-08-04 16:09:45,13
OE001814,order_lifecycle,O00309,C0267,R051,South Indian Kitchen 51,Delhi NCR,Rohini,South Indian,2,668.9,Cash,placed,2026-08-05 13:53:36,33
OE001815,order_lifecycle,O00309,C0267,R051,South Indian Kitchen 51,Delhi NCR,Rohini,South Indian,2,668.9,Cash,accepted,2026-08-05 14:00:36,33
OE001816,order_lifecycle,O00309,C0267,R051,South Indian Kitchen 51,Delhi NCR,Rohini,South Indian,2,668.9,Cash,preparing,2026-08-05 14:05:36,33
OE001817,order_lifecycle,O00309,C0267,R051,South Indian Kitchen 51,Delhi NCR,Rohini,South Indian,2,668.9,Cash,picked_up,2026-08-05 14:14:36,33
OE001818,order_lifecycle,O00309,C0267,R051,South Indian Kitchen 51,Delhi NCR,Rohini,South Indian,2,668.9,Cash,out_for_delivery,2026-08-05 14:21:36,33
OE001819,order_lifecycle,O00309,C0267,R051,South Indian Kitchen 51,Delhi NCR,Rohini,South Indian,2,668.9,Cash,delivered,2026-08-05 14:24:36,33
OE001820,order_lifecycle,O00310,C0424,R010,Biryani Kitchen 10,Meerut,Rohini,Biryani,5,1265.44,Cash,placed,2026-08-04 16:43:37,15
OE001821,order_lifecycle,O00310,C0424,R010,Biryani Kitchen 10,Meerut,Rohini,Biryani,5,1265.44,Cash,accepted,2026-08-04 16:50:37,15
OE001822,order_lifecycle,O00310,C0424,R010,Biryani Kitchen 10,Meerut,Rohini,Biryani,5,1265.44,Cash,preparing,2026-08-04 16:57:37,15
OE001823,order_lifecycle,O00310,C0424,R010,Biryani Kitchen 10,Meerut,Rohini,Biryani,5,1265.44,Cash,picked_up,2026-08-04 17:00:37,15
OE001824,order_lifecycle,O00310,C0424,R010,Biryani Kitchen 10,Meerut,Rohini,Biryani,5,1265.44,Cash,out_for_delivery,2026-08-04 17:03:37,15
OE001825,order_lifecycle,O00310,C0424,R010,Biryani Kitchen 10,Meerut,Rohini,Biryani,5,1265.44,Cash,delivered,2026-08-04 17:11:37,15
OE001826,order_lifecycle,O00311,C0221,R004,Healthy Kitchen 04,Meerut,Saket,Healthy,4,1587.01,Wallet,placed,2026-08-03 11:08:32,20
OE001827,order_lifecycle,O00311,C0221,R004,Healthy Kitchen 04,Meerut,Saket,Healthy,4,1587.01,Wallet,accepted,2026-08-03 11:16:32,20
OE001828,order_lifecycle,O00311,C0221,R004,Healthy Kitchen 04,Meerut,Saket,Healthy,4,1587.01,Wallet,preparing,2026-08-03 11:26:32,20
OE001829,order_lifecycle,O00311,C0221,R004,Healthy Kitchen 04,Meerut,Saket,Healthy,4,1587.01,Wallet,picked_up,2026-08-03 11:31:32,20
OE001830,order_lifecycle,O00311,C0221,R004,Healthy Kitchen 04,Meerut,Saket,Healthy,4,1587.01,Wallet,out_for_delivery,2026-08-03 11:37:32,20
OE001831,order_lifecycle,O00311,C0221,R004,Healthy Kitchen 04,Meerut,Saket,Healthy,4,1587.01,Wallet,delivered,2026-08-03 11:40:32,20
OE001832,order_lifecycle,O00312,C0149,R055,Burgers Kitchen 55,Delhi NCR,Noida Sector 18,Burgers,5,1425.53,UPI,placed,2026-08-03 21:11:46,33
OE001833,order_lifecycle,O00312,C0149,R055,Burgers Kitchen 55,Delhi NCR,Noida Sector 18,Burgers,5,1425.53,UPI,accepted,2026-08-03 21:13:46,33
OE001834,order_lifecycle,O00312,C0149,R055,Burgers Kitchen 55,Delhi NCR,Noida Sector 18,Burgers,5,1425.53,UPI,preparing,2026-08-03 21:24:46,33
OE001835,order_lifecycle,O00312,C0149,R055,Burgers Kitchen 55,Delhi NCR,Noida Sector 18,Burgers,5,1425.53,UPI,picked_up,2026-08-03 21:35:46,33
OE001836,order_lifecycle,O00312,C0149,R055,Burgers Kitchen 55,Delhi NCR,Noida Sector 18,Burgers,5,1425.53,UPI,out_for_delivery,2026-08-03 21:42:46,33
OE001837,order_lifecycle,O00312,C0149,R055,Burgers Kitchen 55,Delhi NCR,Noida Sector 18,Burgers,5,1425.53,UPI,delivered,2026-08-03 21:54:46,33
OE001838,order_lifecycle,O00313,C0074,R006,Biryani Kitchen 06,Meerut,Rohini,Biryani,5,645.21,Cash,placed,2026-08-12 13:27:33,15
OE001839,order_lifecycle,O00313,C0074,R006,Biryani Kitchen 06,Meerut,Rohini,Biryani,5,645.21,Cash,accepted,2026-08-12 13:33:33,15
OE001840,order_lifecycle,O00313,C0074,R006,Biryani Kitchen 06,Meerut,Rohini,Biryani,5,645.21,Cash,preparing,2026-08-12 13:37:33,15
OE001841,order_lifecycle,O00313,C0074,R006,Biryani Kitchen 06,Meerut,Rohini,Biryani,5,645.21,Cash,picked_up,2026-08-12 13:40:33,15
OE001842,order_lifecycle,O00313,C0074,R006,Biryani Kitchen 06,Meerut,Rohini,Biryani,5,645.21,Cash,out_for_delivery,2026-08-12 13:46:33,15
OE001843,order_lifecycle,O00313,C0074,R006,Biryani Kitchen 06,Meerut,Rohini,Biryani,5,645.21,Cash,delivered,2026-08-12 13:52:33,15
OE001844,order_lifecycle,O00314,C0410,R025,Pizza Kitchen 25,Delhi NCR,Rohini,Pizza,5,650.94,Wallet,placed,2026-08-08 10:23:13,21
OE001845,order_lifecycle,O00314,C0410,R025,Pizza Kitchen 25,Delhi NCR,Rohini,Pizza,5,650.94,Wallet,accepted,2026-08-08 10:33:13,21
OE001846,order_lifecycle,O00314,C0410,R025,Pizza Kitchen 25,Delhi NCR,Rohini,Pizza,5,650.94,Wallet,preparing,2026-08-08 10:37:13,21
OE001847,order_lifecycle,O00314,C0410,R025,Pizza Kitchen 25,Delhi NCR,Rohini,Pizza,5,650.94,Wallet,picked_up,2026-08-08 10:46:13,21
OE001848,order_lifecycle,O00314,C0410,R025,Pizza Kitchen 25,Delhi NCR,Rohini,Pizza,5,650.94,Wallet,out_for_delivery,2026-08-08 10:52:13,21
OE001849,order_lifecycle,O00314,C0410,R025,Pizza Kitchen 25,Delhi NCR,Rohini,Pizza,5,650.94,Wallet,delivered,2026-08-08 10:55:13,21
OE001850,order_lifecycle,O00315,C0398,R008,Desserts Kitchen 08,Delhi NCR,Shastri Nagar,Desserts,1,261.37,Cash,placed,2026-08-12 15:57:59,21
OE001851,order_lifecycle,O00315,C0398,R008,Desserts Kitchen 08,Delhi NCR,Shastri Nagar,Desserts,1,261.37,Cash,accepted,2026-08-12 16:07:59,21
OE001852,order_lifecycle,O00315,C0398,R008,Desserts Kitchen 08,Delhi NCR,Shastri Nagar,Desserts,1,261.37,Cash,preparing,2026-08-12 16:19:59,21
OE001853,order_lifecycle,O00315,C0398,R008,Desserts Kitchen 08,Delhi NCR,Shastri Nagar,Desserts,1,261.37,Cash,picked_up,2026-08-12 16:31:59,21
OE001854,order_lifecycle,O00315,C0398,R008,Desserts Kitchen 08,Delhi NCR,Shastri Nagar,Desserts,1,261.37,Cash,out_for_delivery,2026-08-12 16:33:59,21
OE001855,order_lifecycle,O00315,C0398,R008,Desserts Kitchen 08,Delhi NCR,Shastri Nagar,Desserts,1,261.37,Cash,delivered,2026-08-12 16:45:59,21
OE001856,order_lifecycle,O00316,C0384,R026,Healthy Kitchen 26,Delhi NCR,Dwarka,Healthy,2,1177.95,UPI,placed,2026-08-07 11:31:35,17
OE001857,order_lifecycle,O00316,C0384,R026,Healthy Kitchen 26,Delhi NCR,Dwarka,Healthy,2,1177.95,UPI,accepted,2026-08-07 11:37:35,17
OE001858,order_lifecycle,O00316,C0384,R026,Healthy Kitchen 26,Delhi NCR,Dwarka,Healthy,2,1177.95,UPI,preparing,2026-08-07 11:48:35,17
OE001859,order_lifecycle,O00316,C0384,R026,Healthy Kitchen 26,Delhi NCR,Dwarka,Healthy,2,1177.95,UPI,picked_up,2026-08-07 11:56:35,17
OE001860,order_lifecycle,O00316,C0384,R026,Healthy Kitchen 26,Delhi NCR,Dwarka,Healthy,2,1177.95,UPI,out_for_delivery,2026-08-07 12:08:35,17
OE001861,order_lifecycle,O00316,C0384,R026,Healthy Kitchen 26,Delhi NCR,Dwarka,Healthy,2,1177.95,UPI,delivered,2026-08-07 12:19:35,17
OE001862,order_lifecycle,O00317,C0215,R032,Biryani Kitchen 32,Meerut,Shastri Nagar,Biryani,3,481.91,UPI,placed,2026-08-04 20:27:07,32
OE001863,order_lifecycle,O00317,C0215,R032,Biryani Kitchen 32,Meerut,Shastri Nagar,Biryani,3,481.91,UPI,accepted,2026-08-04 20:35:07,32
OE001864,order_lifecycle,O00317,C0215,R032,Biryani Kitchen 32,Meerut,Shastri Nagar,Biryani,3,481.91,UPI,preparing,2026-08-04 20:39:07,32
OE001865,order_lifecycle,O00317,C0215,R032,Biryani Kitchen 32,Meerut,Shastri Nagar,Biryani,3,481.91,UPI,picked_up,2026-08-04 20:48:07,32
OE001866,order_lifecycle,O00317,C0215,R032,Biryani Kitchen 32,Meerut,Shastri Nagar,Biryani,3,481.91,UPI,out_for_delivery,2026-08-04 20:57:07,32
OE001867,order_lifecycle,O00317,C0215,R032,Biryani Kitchen 32,Meerut,Shastri Nagar,Biryani,3,481.91,UPI,delivered,2026-08-04 21:08:07,32
OE001868,order_lifecycle,O00318,C0294,R011,Momos Kitchen 11,Meerut,Ganga Nagar,Momos,2,1177.2,UPI,placed,2026-08-04 20:07:39,23
OE001869,order_lifecycle,O00318,C0294,R011,Momos Kitchen 11,Meerut,Ganga Nagar,Momos,2,1177.2,UPI,accepted,2026-08-04 20:09:39,23
OE001870,order_lifecycle,O00318,C0294,R011,Momos Kitchen 11,Meerut,Ganga Nagar,Momos,2,1177.2,UPI,preparing,2026-08-04 20:17:39,23
OE001871,order_lifecycle,O00318,C0294,R011,Momos Kitchen 11,Meerut,Ganga Nagar,Momos,2,1177.2,UPI,picked_up,2026-08-04 20:20:39,23
OE001872,order_lifecycle,O00318,C0294,R011,Momos Kitchen 11,Meerut,Ganga Nagar,Momos,2,1177.2,UPI,out_for_delivery,2026-08-04 20:27:39,23
OE001873,order_lifecycle,O00318,C0294,R011,Momos Kitchen 11,Meerut,Ganga Nagar,Momos,2,1177.2,UPI,delivered,2026-08-04 20:34:39,23
OE001874,order_lifecycle,O00319,C0433,R004,Healthy Kitchen 04,Meerut,Saket,Healthy,1,1466.15,Card,placed,2026-08-09 11:32:25,20
OE001875,order_lifecycle,O00319,C0433,R004,Healthy Kitchen 04,Meerut,Saket,Healthy,1,1466.15,Card,accepted,2026-08-09 11:34:25,20
OE001876,order_lifecycle,O00319,C0433,R004,Healthy Kitchen 04,Meerut,Saket,Healthy,1,1466.15,Card,preparing,2026-08-09 11:39:25,20
OE001877,order_lifecycle,O00319,C0433,R004,Healthy Kitchen 04,Meerut,Saket,Healthy,1,1466.15,Card,picked_up,2026-08-09 11:51:25,20
OE001878,order_lifecycle,O00319,C0433,R004,Healthy Kitchen 04,Meerut,Saket,Healthy,1,1466.15,Card,out_for_delivery,2026-08-09 11:56:25,20
OE001879,order_lifecycle,O00319,C0433,R004,Healthy Kitchen 04,Meerut,Saket,Healthy,1,1466.15,Card,delivered,2026-08-09 11:58:25,20
OE001880,order_lifecycle,O00320,C0471,R010,Biryani Kitchen 10,Meerut,Rohini,Biryani,5,510.85,Cash,placed,2026-08-12 19:50:25,15
OE001881,order_lifecycle,O00320,C0471,R010,Biryani Kitchen 10,Meerut,Rohini,Biryani,5,510.85,Cash,accepted,2026-08-12 19:58:25,15
OE001882,order_lifecycle,O00320,C0471,R010,Biryani Kitchen 10,Meerut,Rohini,Biryani,5,510.85,Cash,preparing,2026-08-12 20:08:25,15
OE001883,order_lifecycle,O00320,C0471,R010,Biryani Kitchen 10,Meerut,Rohini,Biryani,5,510.85,Cash,picked_up,2026-08-12 20:10:25,15
OE001884,order_lifecycle,O00320,C0471,R010,Biryani Kitchen 10,Meerut,Rohini,Biryani,5,510.85,Cash,out_for_delivery,2026-08-12 20:16:25,15
OE001885,order_lifecycle,O00320,C0471,R010,Biryani Kitchen 10,Meerut,Rohini,Biryani,5,510.85,Cash,delivered,2026-08-12 20:22:25,15
OE001886,order_lifecycle,O00321,C0115,R043,Chinese Kitchen 43,Meerut,Dwarka,Chinese,1,962.89,Cash,placed,2026-08-07 13:28:23,19
OE001887,order_lifecycle,O00321,C0115,R043,Chinese Kitchen 43,Meerut,Dwarka,Chinese,1,962.89,Cash,accepted,2026-08-07 13:40:23,19
OE001888,order_lifecycle,O00321,C0115,R043,Chinese Kitchen 43,Meerut,Dwarka,Chinese,1,962.89,Cash,preparing,2026-08-07 13:43:23,19
OE001889,order_lifecycle,O00321,C0115,R043,Chinese Kitchen 43,Meerut,Dwarka,Chinese,1,962.89,Cash,picked_up,2026-08-07 13:46:23,19
OE001890,order_lifecycle,O00321,C0115,R043,Chinese Kitchen 43,Meerut,Dwarka,Chinese,1,962.89,Cash,out_for_delivery,2026-08-07 13:56:23,19
OE001891,order_lifecycle,O00321,C0115,R043,Chinese Kitchen 43,Meerut,Dwarka,Chinese,1,962.89,Cash,delivered,2026-08-07 14:00:23,19
OE001892,order_lifecycle,O00322,C0354,R012,Chinese Kitchen 12,Meerut,Gurugram Cyber City,Chinese,2,700.83,Cash,placed,2026-08-09 17:34:31,20
OE001893,order_lifecycle,O00322,C0354,R012,Chinese Kitchen 12,Meerut,Gurugram Cyber City,Chinese,2,700.83,Cash,accepted,2026-08-09 17:43:31,20
OE001894,order_lifecycle,O00322,C0354,R012,Chinese Kitchen 12,Meerut,Gurugram Cyber City,Chinese,2,700.83,Cash,preparing,2026-08-09 17:53:31,20
OE001895,order_lifecycle,O00322,C0354,R012,Chinese Kitchen 12,Meerut,Gurugram Cyber City,Chinese,2,700.83,Cash,picked_up,2026-08-09 18:03:31,20
OE001896,order_lifecycle,O00322,C0354,R012,Chinese Kitchen 12,Meerut,Gurugram Cyber City,Chinese,2,700.83,Cash,out_for_delivery,2026-08-09 18:06:31,20
OE001897,order_lifecycle,O00322,C0354,R012,Chinese Kitchen 12,Meerut,Gurugram Cyber City,Chinese,2,700.83,Cash,delivered,2026-08-09 18:09:31,20
OE001898,order_lifecycle,O00323,C0384,R047,Momos Kitchen 47,Delhi NCR,Shastri Nagar,Momos,3,1793.19,Cash,placed,2026-08-01 14:07:27,26
OE001899,order_lifecycle,O00323,C0384,R047,Momos Kitchen 47,Delhi NCR,Shastri Nagar,Momos,3,1793.19,Cash,accepted,2026-08-01 14:14:27,26
OE001900,order_lifecycle,O00323,C0384,R047,Momos Kitchen 47,Delhi NCR,Shastri Nagar,Momos,3,1793.19,Cash,preparing,2026-08-01 14:25:27,26
OE001901,order_lifecycle,O00323,C0384,R047,Momos Kitchen 47,Delhi NCR,Shastri Nagar,Momos,3,1793.19,Cash,picked_up,2026-08-01 14:37:27,26
OE001902,order_lifecycle,O00323,C0384,R047,Momos Kitchen 47,Delhi NCR,Shastri Nagar,Momos,3,1793.19,Cash,out_for_delivery,2026-08-01 14:41:27,26
OE001903,order_lifecycle,O00323,C0384,R047,Momos Kitchen 47,Delhi NCR,Shastri Nagar,Momos,3,1793.19,Cash,delivered,2026-08-01 14:45:27,26
OE001904,order_lifecycle,O00324,C0077,R055,Burgers Kitchen 55,Delhi NCR,Noida Sector 18,Burgers,1,518.83,Wallet,placed,2026-08-01 14:44:12,33
OE001905,order_lifecycle,O00324,C0077,R055,Burgers Kitchen 55,Delhi NCR,Noida Sector 18,Burgers,1,518.83,Wallet,accepted,2026-08-01 14:46:12,33
OE001906,order_lifecycle,O00324,C0077,R055,Burgers Kitchen 55,Delhi NCR,Noida Sector 18,Burgers,1,518.83,Wallet,preparing,2026-08-01 14:57:12,33
OE001907,order_lifecycle,O00324,C0077,R055,Burgers Kitchen 55,Delhi NCR,Noida Sector 18,Burgers,1,518.83,Wallet,picked_up,2026-08-01 15:06:12,33
OE001908,order_lifecycle,O00324,C0077,R055,Burgers Kitchen 55,Delhi NCR,Noida Sector 18,Burgers,1,518.83,Wallet,out_for_delivery,2026-08-01 15:17:12,33
OE001909,order_lifecycle,O00324,C0077,R055,Burgers Kitchen 55,Delhi NCR,Noida Sector 18,Burgers,1,518.83,Wallet,delivered,2026-08-01 15:21:12,33
OE001910,order_lifecycle,O00325,C0131,R040,Burgers Kitchen 40,Meerut,Shastri Nagar,Burgers,1,1148.22,Card,placed,2026-08-11 20:12:04,35
OE001911,order_lifecycle,O00325,C0131,R040,Burgers Kitchen 40,Meerut,Shastri Nagar,Burgers,1,1148.22,Card,accepted,2026-08-11 20:18:04,35
OE001912,order_lifecycle,O00325,C0131,R040,Burgers Kitchen 40,Meerut,Shastri Nagar,Burgers,1,1148.22,Card,preparing,2026-08-11 20:29:04,35
OE001913,order_lifecycle,O00325,C0131,R040,Burgers Kitchen 40,Meerut,Shastri Nagar,Burgers,1,1148.22,Card,picked_up,2026-08-11 20:32:04,35
OE001914,order_lifecycle,O00325,C0131,R040,Burgers Kitchen 40,Meerut,Shastri Nagar,Burgers,1,1148.22,Card,out_for_delivery,2026-08-11 20:36:04,35
OE001915,order_lifecycle,O00325,C0131,R040,Burgers Kitchen 40,Meerut,Shastri Nagar,Burgers,1,1148.22,Card,delivered,2026-08-11 20:46:04,35
OE001916,order_lifecycle,O00326,C0001,R038,Healthy Kitchen 38,Delhi NCR,Ganga Nagar,Healthy,4,903.5,Cash,placed,2026-08-01 12:32:51,27
OE001917,order_lifecycle,O00326,C0001,R038,Healthy Kitchen 38,Delhi NCR,Ganga Nagar,Healthy,4,903.5,Cash,accepted,2026-08-01 12:35:51,27
OE001918,order_lifecycle,O00326,C0001,R038,Healthy Kitchen 38,Delhi NCR,Ganga Nagar,Healthy,4,903.5,Cash,preparing,2026-08-01 12:40:51,27
OE001919,order_lifecycle,O00326,C0001,R038,Healthy Kitchen 38,Delhi NCR,Ganga Nagar,Healthy,4,903.5,Cash,picked_up,2026-08-01 12:50:51,27
OE001920,order_lifecycle,O00326,C0001,R038,Healthy Kitchen 38,Delhi NCR,Ganga Nagar,Healthy,4,903.5,Cash,out_for_delivery,2026-08-01 12:58:51,27
OE001921,order_lifecycle,O00326,C0001,R038,Healthy Kitchen 38,Delhi NCR,Ganga Nagar,Healthy,4,903.5,Cash,delivered,2026-08-01 13:06:51,27
OE001922,order_lifecycle,O00327,C0286,R031,Pizza Kitchen 31,Meerut,Saket,Pizza,4,785.1,Cash,placed,2026-08-06 12:01:55,35
OE001923,order_lifecycle,O00327,C0286,R031,Pizza Kitchen 31,Meerut,Saket,Pizza,4,785.1,Cash,accepted,2026-08-06 12:06:55,35
OE001924,order_lifecycle,O00327,C0286,R031,Pizza Kitchen 31,Meerut,Saket,Pizza,4,785.1,Cash,preparing,2026-08-06 12:17:55,35
OE001925,order_lifecycle,O00327,C0286,R031,Pizza Kitchen 31,Meerut,Saket,Pizza,4,785.1,Cash,picked_up,2026-08-06 12:27:55,35
OE001926,order_lifecycle,O00327,C0286,R031,Pizza Kitchen 31,Meerut,Saket,Pizza,4,785.1,Cash,out_for_delivery,2026-08-06 12:32:55,35
OE001927,order_lifecycle,O00327,C0286,R031,Pizza Kitchen 31,Meerut,Saket,Pizza,4,785.1,Cash,delivered,2026-08-06 12:40:55,35
OE001928,order_lifecycle,O00328,C0357,R030,Chinese Kitchen 30,Delhi NCR,Ganga Nagar,Chinese,4,248.68,Wallet,placed,2026-08-11 10:36:52,17
OE001929,order_lifecycle,O00328,C0357,R030,Chinese Kitchen 30,Delhi NCR,Ganga Nagar,Chinese,4,248.68,Wallet,accepted,2026-08-11 10:45:52,17
OE001930,order_lifecycle,O00328,C0357,R030,Chinese Kitchen 30,Delhi NCR,Ganga Nagar,Chinese,4,248.68,Wallet,preparing,2026-08-11 10:57:52,17
OE001931,order_lifecycle,O00328,C0357,R030,Chinese Kitchen 30,Delhi NCR,Ganga Nagar,Chinese,4,248.68,Wallet,picked_up,2026-08-11 11:07:52,17
OE001932,order_lifecycle,O00328,C0357,R030,Chinese Kitchen 30,Delhi NCR,Ganga Nagar,Chinese,4,248.68,Wallet,out_for_delivery,2026-08-11 11:10:52,17
OE001933,order_lifecycle,O00328,C0357,R030,Chinese Kitchen 30,Delhi NCR,Ganga Nagar,Chinese,4,248.68,Wallet,delivered,2026-08-11 11:12:52,17
OE001934,order_lifecycle,O00329,C0100,R002,South Indian Kitchen 02,Delhi NCR,Shastri Nagar,South Indian,2,706.37,Cash,placed,2026-08-14 20:54:57,14
OE001935,order_lifecycle,O00329,C0100,R002,South Indian Kitchen 02,Delhi NCR,Shastri Nagar,South Indian,2,706.37,Cash,accepted,2026-08-14 21:06:57,14
OE001936,order_lifecycle,O00329,C0100,R002,South Indian Kitchen 02,Delhi NCR,Shastri Nagar,South Indian,2,706.37,Cash,preparing,2026-08-14 21:14:57,14
OE001937,order_lifecycle,O00329,C0100,R002,South Indian Kitchen 02,Delhi NCR,Shastri Nagar,South Indian,2,706.37,Cash,picked_up,2026-08-14 21:22:57,14
OE001938,order_lifecycle,O00329,C0100,R002,South Indian Kitchen 02,Delhi NCR,Shastri Nagar,South Indian,2,706.37,Cash,out_for_delivery,2026-08-14 21:34:57,14
OE001939,order_lifecycle,O00329,C0100,R002,South Indian Kitchen 02,Delhi NCR,Shastri Nagar,South Indian,2,706.37,Cash,delivered,2026-08-14 21:46:57,14
OE001940,order_lifecycle,O00330,C0291,R013,South Indian Kitchen 13,Delhi NCR,Saket,South Indian,1,344.9,Card,placed,2026-08-08 11:07:58,24
OE001941,order_lifecycle,O00330,C0291,R013,South Indian Kitchen 13,Delhi NCR,Saket,South Indian,1,344.9,Card,accepted,2026-08-08 11:19:58,24
OE001942,order_lifecycle,O00330,C0291,R013,South Indian Kitchen 13,Delhi NCR,Saket,South Indian,1,344.9,Card,preparing,2026-08-08 11:21:58,24
OE001943,order_lifecycle,O00330,C0291,R013,South Indian Kitchen 13,Delhi NCR,Saket,South Indian,1,344.9,Card,picked_up,2026-08-08 11:25:58,24
OE001944,order_lifecycle,O00330,C0291,R013,South Indian Kitchen 13,Delhi NCR,Saket,South Indian,1,344.9,Card,out_for_delivery,2026-08-08 11:27:58,24
OE001945,order_lifecycle,O00330,C0291,R013,South Indian Kitchen 13,Delhi NCR,Saket,South Indian,1,344.9,Card,delivered,2026-08-08 11:32:58,24
OE001946,order_lifecycle,O00331,C0097,R018,Healthy Kitchen 18,Meerut,Shastri Nagar,Healthy,1,903.36,Wallet,placed,2026-08-03 14:16:44,24
OE001947,order_lifecycle,O00331,C0097,R018,Healthy Kitchen 18,Meerut,Shastri Nagar,Healthy,1,903.36,Wallet,accepted,2026-08-03 14:23:44,24
OE001948,order_lifecycle,O00331,C0097,R018,Healthy Kitchen 18,Meerut,Shastri Nagar,Healthy,1,903.36,Wallet,preparing,2026-08-03 14:30:44,24
OE001949,order_lifecycle,O00331,C0097,R018,Healthy Kitchen 18,Meerut,Shastri Nagar,Healthy,1,903.36,Wallet,picked_up,2026-08-03 14:42:44,24
OE001950,order_lifecycle,O00331,C0097,R018,Healthy Kitchen 18,Meerut,Shastri Nagar,Healthy,1,903.36,Wallet,out_for_delivery,2026-08-03 14:52:44,24
OE001951,order_lifecycle,O00331,C0097,R018,Healthy Kitchen 18,Meerut,Shastri Nagar,Healthy,1,903.36,Wallet,delivered,2026-08-03 15:01:44,24
OE001952,order_lifecycle,O00332,C0112,R032,Biryani Kitchen 32,Meerut,Shastri Nagar,Biryani,4,1209.78,Card,placed,2026-08-01 11:33:42,32
OE001953,order_lifecycle,O00332,C0112,R032,Biryani Kitchen 32,Meerut,Shastri Nagar,Biryani,4,1209.78,Card,accepted,2026-08-01 11:40:42,32
OE001954,order_lifecycle,O00332,C0112,R032,Biryani Kitchen 32,Meerut,Shastri Nagar,Biryani,4,1209.78,Card,preparing,2026-08-01 11:47:42,32
OE001955,order_lifecycle,O00332,C0112,R032,Biryani Kitchen 32,Meerut,Shastri Nagar,Biryani,4,1209.78,Card,picked_up,2026-08-01 11:58:42,32
OE001956,order_lifecycle,O00332,C0112,R032,Biryani Kitchen 32,Meerut,Shastri Nagar,Biryani,4,1209.78,Card,out_for_delivery,2026-08-01 12:06:42,32
OE001957,order_lifecycle,O00332,C0112,R032,Biryani Kitchen 32,Meerut,Shastri Nagar,Biryani,4,1209.78,Card,delivered,2026-08-01 12:18:42,32
OE001958,order_lifecycle,O00333,C0386,R004,Healthy Kitchen 04,Meerut,Saket,Healthy,4,1121.54,Wallet,placed,2026-08-13 19:29:37,20
OE001959,order_lifecycle,O00333,C0386,R004,Healthy Kitchen 04,Meerut,Saket,Healthy,4,1121.54,Wallet,accepted,2026-08-13 19:34:37,20
OE001960,order_lifecycle,O00333,C0386,R004,Healthy Kitchen 04,Meerut,Saket,Healthy,4,1121.54,Wallet,preparing,2026-08-13 19:40:37,20
OE001961,order_lifecycle,O00333,C0386,R004,Healthy Kitchen 04,Meerut,Saket,Healthy,4,1121.54,Wallet,picked_up,2026-08-13 19:47:37,20
OE001962,order_lifecycle,O00333,C0386,R004,Healthy Kitchen 04,Meerut,Saket,Healthy,4,1121.54,Wallet,out_for_delivery,2026-08-13 19:58:37,20
OE001963,order_lifecycle,O00333,C0386,R004,Healthy Kitchen 04,Meerut,Saket,Healthy,4,1121.54,Wallet,delivered,2026-08-13 20:05:37,20
OE001964,order_lifecycle,O00334,C0454,R025,Pizza Kitchen 25,Delhi NCR,Rohini,Pizza,1,733.04,UPI,placed,2026-08-13 12:08:42,21
OE001965,order_lifecycle,O00334,C0454,R025,Pizza Kitchen 25,Delhi NCR,Rohini,Pizza,1,733.04,UPI,accepted,2026-08-13 12:12:42,21
OE001966,order_lifecycle,O00334,C0454,R025,Pizza Kitchen 25,Delhi NCR,Rohini,Pizza,1,733.04,UPI,preparing,2026-08-13 12:19:42,21
OE001967,order_lifecycle,O00334,C0454,R025,Pizza Kitchen 25,Delhi NCR,Rohini,Pizza,1,733.04,UPI,picked_up,2026-08-13 12:28:42,21
OE001968,order_lifecycle,O00334,C0454,R025,Pizza Kitchen 25,Delhi NCR,Rohini,Pizza,1,733.04,UPI,out_for_delivery,2026-08-13 12:36:42,21
OE001969,order_lifecycle,O00334,C0454,R025,Pizza Kitchen 25,Delhi NCR,Rohini,Pizza,1,733.04,UPI,delivered,2026-08-13 12:40:42,21
OE001970,order_lifecycle,O00335,C0358,R012,Chinese Kitchen 12,Meerut,Gurugram Cyber City,Chinese,1,1329.96,Wallet,placed,2026-08-11 16:53:29,20
OE001971,order_lifecycle,O00335,C0358,R012,Chinese Kitchen 12,Meerut,Gurugram Cyber City,Chinese,1,1329.96,Wallet,accepted,2026-08-11 16:57:29,20
OE001972,order_lifecycle,O00335,C0358,R012,Chinese Kitchen 12,Meerut,Gurugram Cyber City,Chinese,1,1329.96,Wallet,preparing,2026-08-11 17:05:29,20
OE001973,order_lifecycle,O00335,C0358,R012,Chinese Kitchen 12,Meerut,Gurugram Cyber City,Chinese,1,1329.96,Wallet,picked_up,2026-08-11 17:12:29,20
OE001974,order_lifecycle,O00335,C0358,R012,Chinese Kitchen 12,Meerut,Gurugram Cyber City,Chinese,1,1329.96,Wallet,out_for_delivery,2026-08-11 17:18:29,20
OE001975,order_lifecycle,O00335,C0358,R012,Chinese Kitchen 12,Meerut,Gurugram Cyber City,Chinese,1,1329.96,Wallet,delivered,2026-08-11 17:30:29,20
OE001976,order_lifecycle,O00336,C0023,R012,Chinese Kitchen 12,Meerut,Gurugram Cyber City,Chinese,4,1246.47,Card,placed,2026-08-07 11:21:24,20
OE001977,order_lifecycle,O00336,C0023,R012,Chinese Kitchen 12,Meerut,Gurugram Cyber City,Chinese,4,1246.47,Card,accepted,2026-08-07 11:29:24,20
OE001978,order_lifecycle,O00336,C0023,R012,Chinese Kitchen 12,Meerut,Gurugram Cyber City,Chinese,4,1246.47,Card,preparing,2026-08-07 11:41:24,20
OE001979,order_lifecycle,O00336,C0023,R012,Chinese Kitchen 12,Meerut,Gurugram Cyber City,Chinese,4,1246.47,Card,picked_up,2026-08-07 11:50:24,20
OE001980,order_lifecycle,O00336,C0023,R012,Chinese Kitchen 12,Meerut,Gurugram Cyber City,Chinese,4,1246.47,Card,out_for_delivery,2026-08-07 11:52:24,20
OE001981,order_lifecycle,O00336,C0023,R012,Chinese Kitchen 12,Meerut,Gurugram Cyber City,Chinese,4,1246.47,Card,delivered,2026-08-07 11:58:24,20
OE001982,order_lifecycle,O00337,C0295,R034,South Indian Kitchen 34,Meerut,Connaught Place,South Indian,4,1246.11,Wallet,placed,2026-08-11 17:00:31,19
OE001983,order_lifecycle,O00337,C0295,R034,South Indian Kitchen 34,Meerut,Connaught Place,South Indian,4,1246.11,Wallet,accepted,2026-08-11 17:06:31,19
OE001984,order_lifecycle,O00337,C0295,R034,South Indian Kitchen 34,Meerut,Connaught Place,South Indian,4,1246.11,Wallet,preparing,2026-08-11 17:14:31,19
OE001985,order_lifecycle,O00337,C0295,R034,South Indian Kitchen 34,Meerut,Connaught Place,South Indian,4,1246.11,Wallet,picked_up,2026-08-11 17:20:31,19
OE001986,order_lifecycle,O00337,C0295,R034,South Indian Kitchen 34,Meerut,Connaught Place,South Indian,4,1246.11,Wallet,out_for_delivery,2026-08-11 17:32:31,19
OE001987,order_lifecycle,O00337,C0295,R034,South Indian Kitchen 34,Meerut,Connaught Place,South Indian,4,1246.11,Wallet,delivered,2026-08-11 17:35:31,19
OE001988,order_lifecycle,O00338,C0315,R054,Cafe Kitchen 54,Meerut,Noida Sector 18,Cafe,4,263.75,Wallet,placed,2026-08-07 10:29:18,34
OE001989,order_lifecycle,O00338,C0315,R054,Cafe Kitchen 54,Meerut,Noida Sector 18,Cafe,4,263.75,Wallet,accepted,2026-08-07 10:40:18,34
OE001990,order_lifecycle,O00338,C0315,R054,Cafe Kitchen 54,Meerut,Noida Sector 18,Cafe,4,263.75,Wallet,preparing,2026-08-07 10:52:18,34
OE001991,order_lifecycle,O00338,C0315,R054,Cafe Kitchen 54,Meerut,Noida Sector 18,Cafe,4,263.75,Wallet,picked_up,2026-08-07 10:59:18,34
OE001992,order_lifecycle,O00338,C0315,R054,Cafe Kitchen 54,Meerut,Noida Sector 18,Cafe,4,263.75,Wallet,out_for_delivery,2026-08-07 11:05:18,34
OE001993,order_lifecycle,O00338,C0315,R054,Cafe Kitchen 54,Meerut,Noida Sector 18,Cafe,4,263.75,Wallet,delivered,2026-08-07 11:13:18,34
OE001994,order_lifecycle,O00339,C0274,R009,Cafe Kitchen 09,Meerut,Saket,Cafe,3,889.76,Cash,placed,2026-08-12 12:40:31,13
OE001995,order_lifecycle,O00339,C0274,R009,Cafe Kitchen 09,Meerut,Saket,Cafe,3,889.76,Cash,accepted,2026-08-12 12:51:31,13
OE001996,order_lifecycle,O00339,C0274,R009,Cafe Kitchen 09,Meerut,Saket,Cafe,3,889.76,Cash,preparing,2026-08-12 12:56:31,13
OE001997,order_lifecycle,O00339,C0274,R009,Cafe Kitchen 09,Meerut,Saket,Cafe,3,889.76,Cash,picked_up,2026-08-12 13:06:31,13
OE001998,order_lifecycle,O00339,C0274,R009,Cafe Kitchen 09,Meerut,Saket,Cafe,3,889.76,Cash,out_for_delivery,2026-08-12 13:17:31,13
OE001999,order_lifecycle,O00339,C0274,R009,Cafe Kitchen 09,Meerut,Saket,Cafe,3,889.76,Cash,delivered,2026-08-12 13:26:31,13
OE002000,order_lifecycle,O00340,C0132,R013,South Indian Kitchen 13,Delhi NCR,Saket,South Indian,5,1791.87,Card,placed,2026-08-02 13:36:16,24
OE002001,order_lifecycle,O00340,C0132,R013,South Indian Kitchen 13,Delhi NCR,Saket,South Indian,5,1791.87,Card,accepted,2026-08-02 13:38:16,24
OE002002,order_lifecycle,O00340,C0132,R013,South Indian Kitchen 13,Delhi NCR,Saket,South Indian,5,1791.87,Card,preparing,2026-08-02 13:45:16,24
OE002003,order_lifecycle,O00340,C0132,R013,South Indian Kitchen 13,Delhi NCR,Saket,South Indian,5,1791.87,Card,picked_up,2026-08-02 13:56:16,24
OE002004,order_lifecycle,O00340,C0132,R013,South Indian Kitchen 13,Delhi NCR,Saket,South Indian,5,1791.87,Card,out_for_delivery,2026-08-02 14:05:16,24
OE002005,order_lifecycle,O00340,C0132,R013,South Indian Kitchen 13,Delhi NCR,Saket,South Indian,5,1791.87,Card,delivered,2026-08-02 14:10:16,24
OE002006,order_lifecycle,O00341,C0326,R023,Healthy Kitchen 23,Meerut,Gurugram Cyber City,Healthy,1,719.37,Cash,placed,2026-08-04 13:01:45,25
OE002007,order_lifecycle,O00341,C0326,R023,Healthy Kitchen 23,Meerut,Gurugram Cyber City,Healthy,1,719.37,Cash,accepted,2026-08-04 13:12:45,25
OE002008,order_lifecycle,O00341,C0326,R023,Healthy Kitchen 23,Meerut,Gurugram Cyber City,Healthy,1,719.37,Cash,preparing,2026-08-04 13:21:45,25
OE002009,order_lifecycle,O00341,C0326,R023,Healthy Kitchen 23,Meerut,Gurugram Cyber City,Healthy,1,719.37,Cash,picked_up,2026-08-04 13:32:45,25
OE002010,order_lifecycle,O00341,C0326,R023,Healthy Kitchen 23,Meerut,Gurugram Cyber City,Healthy,1,719.37,Cash,out_for_delivery,2026-08-04 13:40:45,25
OE002011,order_lifecycle,O00341,C0326,R023,Healthy Kitchen 23,Meerut,Gurugram Cyber City,Healthy,1,719.37,Cash,delivered,2026-08-04 13:52:45,25
OE002012,order_lifecycle,O00342,C0324,R033,Burgers Kitchen 33,Meerut,Ganga Nagar,Burgers,3,1775.79,Cash,placed,2026-08-06 11:13:47,19
OE002013,order_lifecycle,O00342,C0324,R033,Burgers Kitchen 33,Meerut,Ganga Nagar,Burgers,3,1775.79,Cash,accepted,2026-08-06 11:20:47,19
OE002014,order_lifecycle,O00342,C0324,R033,Burgers Kitchen 33,Meerut,Ganga Nagar,Burgers,3,1775.79,Cash,preparing,2026-08-06 11:29:47,19
OE002015,order_lifecycle,O00342,C0324,R033,Burgers Kitchen 33,Meerut,Ganga Nagar,Burgers,3,1775.79,Cash,picked_up,2026-08-06 11:41:47,19
OE002016,order_lifecycle,O00342,C0324,R033,Burgers Kitchen 33,Meerut,Ganga Nagar,Burgers,3,1775.79,Cash,out_for_delivery,2026-08-06 11:50:47,19
OE002017,order_lifecycle,O00342,C0324,R033,Burgers Kitchen 33,Meerut,Ganga Nagar,Burgers,3,1775.79,Cash,delivered,2026-08-06 11:52:47,19
OE002018,order_lifecycle,O00343,C0092,R020,North Indian Kitchen 20,Delhi NCR,Dwarka,North Indian,2,853.63,Wallet,placed,2026-08-13 21:25:35,33
OE002019,order_lifecycle,O00343,C0092,R020,North Indian Kitchen 20,Delhi NCR,Dwarka,North Indian,2,853.63,Wallet,accepted,2026-08-13 21:31:35,33
OE002020,order_lifecycle,O00343,C0092,R020,North Indian Kitchen 20,Delhi NCR,Dwarka,North Indian,2,853.63,Wallet,preparing,2026-08-13 21:38:35,33
OE002021,order_lifecycle,O00343,C0092,R020,North Indian Kitchen 20,Delhi NCR,Dwarka,North Indian,2,853.63,Wallet,picked_up,2026-08-13 21:45:35,33
OE002022,order_lifecycle,O00343,C0092,R020,North Indian Kitchen 20,Delhi NCR,Dwarka,North Indian,2,853.63,Wallet,out_for_delivery,2026-08-13 21:57:35,33
OE002023,order_lifecycle,O00343,C0092,R020,North Indian Kitchen 20,Delhi NCR,Dwarka,North Indian,2,853.63,Wallet,delivered,2026-08-13 22:00:35,33
OE002024,order_lifecycle,O00344,C0298,R048,Pizza Kitchen 48,Meerut,Ganga Nagar,Pizza,2,246.47,Card,placed,2026-08-07 16:12:40,21
OE002025,order_lifecycle,O00344,C0298,R048,Pizza Kitchen 48,Meerut,Ganga Nagar,Pizza,2,246.47,Card,accepted,2026-08-07 16:22:40,21
OE002026,order_lifecycle,O00344,C0298,R048,Pizza Kitchen 48,Meerut,Ganga Nagar,Pizza,2,246.47,Card,preparing,2026-08-07 16:25:40,21
OE002027,order_lifecycle,O00344,C0298,R048,Pizza Kitchen 48,Meerut,Ganga Nagar,Pizza,2,246.47,Card,picked_up,2026-08-07 16:36:40,21
OE002028,order_lifecycle,O00344,C0298,R048,Pizza Kitchen 48,Meerut,Ganga Nagar,Pizza,2,246.47,Card,out_for_delivery,2026-08-07 16:47:40,21
OE002029,order_lifecycle,O00344,C0298,R048,Pizza Kitchen 48,Meerut,Ganga Nagar,Pizza,2,246.47,Card,delivered,2026-08-07 16:55:40,21
OE002030,order_lifecycle,O00345,C0103,R038,Healthy Kitchen 38,Delhi NCR,Ganga Nagar,Healthy,4,531.21,Wallet,placed,2026-08-05 11:57:01,27
OE002031,order_lifecycle,O00345,C0103,R038,Healthy Kitchen 38,Delhi NCR,Ganga Nagar,Healthy,4,531.21,Wallet,accepted,2026-08-05 12:08:01,27
OE002032,order_lifecycle,O00345,C0103,R038,Healthy Kitchen 38,Delhi NCR,Ganga Nagar,Healthy,4,531.21,Wallet,preparing,2026-08-05 12:17:01,27
OE002033,order_lifecycle,O00345,C0103,R038,Healthy Kitchen 38,Delhi NCR,Ganga Nagar,Healthy,4,531.21,Wallet,picked_up,2026-08-05 12:22:01,27
OE002034,order_lifecycle,O00345,C0103,R038,Healthy Kitchen 38,Delhi NCR,Ganga Nagar,Healthy,4,531.21,Wallet,out_for_delivery,2026-08-05 12:26:01,27
OE002035,order_lifecycle,O00345,C0103,R038,Healthy Kitchen 38,Delhi NCR,Ganga Nagar,Healthy,4,531.21,Wallet,delivered,2026-08-05 12:35:01,27
OE002036,order_lifecycle,O00346,C0491,R030,Chinese Kitchen 30,Delhi NCR,Ganga Nagar,Chinese,5,1171.16,UPI,placed,2026-08-09 11:45:49,17
OE002037,order_lifecycle,O00346,C0491,R030,Chinese Kitchen 30,Delhi NCR,Ganga Nagar,Chinese,5,1171.16,UPI,accepted,2026-08-09 11:47:49,17
OE002038,order_lifecycle,O00346,C0491,R030,Chinese Kitchen 30,Delhi NCR,Ganga Nagar,Chinese,5,1171.16,UPI,preparing,2026-08-09 11:53:49,17
OE002039,order_lifecycle,O00346,C0491,R030,Chinese Kitchen 30,Delhi NCR,Ganga Nagar,Chinese,5,1171.16,UPI,picked_up,2026-08-09 12:01:49,17
OE002040,order_lifecycle,O00346,C0491,R030,Chinese Kitchen 30,Delhi NCR,Ganga Nagar,Chinese,5,1171.16,UPI,out_for_delivery,2026-08-09 12:03:49,17
OE002041,order_lifecycle,O00346,C0491,R030,Chinese Kitchen 30,Delhi NCR,Ganga Nagar,Chinese,5,1171.16,UPI,delivered,2026-08-09 12:10:49,17
OE002042,order_lifecycle,O00347,C0073,R029,South Indian Kitchen 29,Delhi NCR,Ganga Nagar,South Indian,1,1227.26,Wallet,placed,2026-08-04 14:06:21,29
OE002043,order_lifecycle,O00347,C0073,R029,South Indian Kitchen 29,Delhi NCR,Ganga Nagar,South Indian,1,1227.26,Wallet,accepted,2026-08-04 14:15:21,29
OE002044,order_lifecycle,O00347,C0073,R029,South Indian Kitchen 29,Delhi NCR,Ganga Nagar,South Indian,1,1227.26,Wallet,preparing,2026-08-04 14:20:21,29
OE002045,order_lifecycle,O00347,C0073,R029,South Indian Kitchen 29,Delhi NCR,Ganga Nagar,South Indian,1,1227.26,Wallet,picked_up,2026-08-04 14:26:21,29
OE002046,order_lifecycle,O00347,C0073,R029,South Indian Kitchen 29,Delhi NCR,Ganga Nagar,South Indian,1,1227.26,Wallet,out_for_delivery,2026-08-04 14:33:21,29
OE002047,order_lifecycle,O00347,C0073,R029,South Indian Kitchen 29,Delhi NCR,Ganga Nagar,South Indian,1,1227.26,Wallet,delivered,2026-08-04 14:39:21,29
OE002048,order_lifecycle,O00348,C0226,R036,North Indian Kitchen 36,Delhi NCR,Rohini,North Indian,4,1171.92,Cash,placed,2026-08-12 21:08:09,22
OE002049,order_lifecycle,O00348,C0226,R036,North Indian Kitchen 36,Delhi NCR,Rohini,North Indian,4,1171.92,Cash,accepted,2026-08-12 21:10:09,22
OE002050,order_lifecycle,O00348,C0226,R036,North Indian Kitchen 36,Delhi NCR,Rohini,North Indian,4,1171.92,Cash,preparing,2026-08-12 21:15:09,22
OE002051,order_lifecycle,O00348,C0226,R036,North Indian Kitchen 36,Delhi NCR,Rohini,North Indian,4,1171.92,Cash,picked_up,2026-08-12 21:26:09,22
OE002052,order_lifecycle,O00348,C0226,R036,North Indian Kitchen 36,Delhi NCR,Rohini,North Indian,4,1171.92,Cash,out_for_delivery,2026-08-12 21:32:09,22
OE002053,order_lifecycle,O00348,C0226,R036,North Indian Kitchen 36,Delhi NCR,Rohini,North Indian,4,1171.92,Cash,delivered,2026-08-12 21:36:09,22
OE002054,order_lifecycle,O00349,C0343,R007,Burgers Kitchen 07,Meerut,Noida Sector 18,Burgers,5,440.14,UPI,placed,2026-08-04 14:13:14,35
OE002055,order_lifecycle,O00349,C0343,R007,Burgers Kitchen 07,Meerut,Noida Sector 18,Burgers,5,440.14,UPI,accepted,2026-08-04 14:20:14,35
OE002056,order_lifecycle,O00349,C0343,R007,Burgers Kitchen 07,Meerut,Noida Sector 18,Burgers,5,440.14,UPI,preparing,2026-08-04 14:29:14,35
OE002057,order_lifecycle,O00349,C0343,R007,Burgers Kitchen 07,Meerut,Noida Sector 18,Burgers,5,440.14,UPI,picked_up,2026-08-04 14:38:14,35
OE002058,order_lifecycle,O00349,C0343,R007,Burgers Kitchen 07,Meerut,Noida Sector 18,Burgers,5,440.14,UPI,out_for_delivery,2026-08-04 14:49:14,35
OE002059,order_lifecycle,O00349,C0343,R007,Burgers Kitchen 07,Meerut,Noida Sector 18,Burgers,5,440.14,UPI,delivered,2026-08-04 15:01:14,35
OE002060,order_lifecycle,O00350,C0041,R057,North Indian Kitchen 57,Meerut,Rohini,North Indian,2,591.51,Card,placed,2026-08-08 19:33:15,18
OE002061,order_lifecycle,O00350,C0041,R057,North Indian Kitchen 57,Meerut,Rohini,North Indian,2,591.51,Card,accepted,2026-08-08 19:42:15,18
OE002062,order_lifecycle,O00350,C0041,R057,North Indian Kitchen 57,Meerut,Rohini,North Indian,2,591.51,Card,preparing,2026-08-08 19:46:15,18
OE002063,order_lifecycle,O00350,C0041,R057,North Indian Kitchen 57,Meerut,Rohini,North Indian,2,591.51,Card,picked_up,2026-08-08 19:48:15,18
OE002064,order_lifecycle,O00350,C0041,R057,North Indian Kitchen 57,Meerut,Rohini,North Indian,2,591.51,Card,out_for_delivery,2026-08-08 19:59:15,18
OE002065,order_lifecycle,O00350,C0041,R057,North Indian Kitchen 57,Meerut,Rohini,North Indian,2,591.51,Card,delivered,2026-08-08 20:05:15,18
OE002066,order_lifecycle,O00351,C0452,R057,North Indian Kitchen 57,Meerut,Rohini,North Indian,4,965.28,UPI,placed,2026-08-06 20:04:12,18
OE002067,order_lifecycle,O00351,C0452,R057,North Indian Kitchen 57,Meerut,Rohini,North Indian,4,965.28,UPI,accepted,2026-08-06 20:07:12,18
OE002068,order_lifecycle,O00351,C0452,R057,North Indian Kitchen 57,Meerut,Rohini,North Indian,4,965.28,UPI,preparing,2026-08-06 20:17:12,18
OE002069,order_lifecycle,O00351,C0452,R057,North Indian Kitchen 57,Meerut,Rohini,North Indian,4,965.28,UPI,picked_up,2026-08-06 20:28:12,18
OE002070,order_lifecycle,O00351,C0452,R057,North Indian Kitchen 57,Meerut,Rohini,North Indian,4,965.28,UPI,out_for_delivery,2026-08-06 20:33:12,18
OE002071,order_lifecycle,O00351,C0452,R057,North Indian Kitchen 57,Meerut,Rohini,North Indian,4,965.28,UPI,delivered,2026-08-06 20:44:12,18
OE002072,order_lifecycle,O00352,C0209,R044,South Indian Kitchen 44,Meerut,Rohini,South Indian,5,1011.67,Cash,placed,2026-08-08 20:11:21,29
OE002073,order_lifecycle,O00352,C0209,R044,South Indian Kitchen 44,Meerut,Rohini,South Indian,5,1011.67,Cash,accepted,2026-08-08 20:17:21,29
OE002074,order_lifecycle,O00352,C0209,R044,South Indian Kitchen 44,Meerut,Rohini,South Indian,5,1011.67,Cash,preparing,2026-08-08 20:23:21,29
OE002075,order_lifecycle,O00352,C0209,R044,South Indian Kitchen 44,Meerut,Rohini,South Indian,5,1011.67,Cash,picked_up,2026-08-08 20:33:21,29
OE002076,order_lifecycle,O00352,C0209,R044,South Indian Kitchen 44,Meerut,Rohini,South Indian,5,1011.67,Cash,out_for_delivery,2026-08-08 20:38:21,29
OE002077,order_lifecycle,O00352,C0209,R044,South Indian Kitchen 44,Meerut,Rohini,South Indian,5,1011.67,Cash,delivered,2026-08-08 20:45:21,29
OE002078,order_lifecycle,O00353,C0327,R021,Momos Kitchen 21,Delhi NCR,Shastri Nagar,Momos,5,541.15,Cash,placed,2026-08-13 11:48:14,26
OE002079,order_lifecycle,O00353,C0327,R021,Momos Kitchen 21,Delhi NCR,Shastri Nagar,Momos,5,541.15,Cash,accepted,2026-08-13 11:58:14,26
OE002080,order_lifecycle,O00353,C0327,R021,Momos Kitchen 21,Delhi NCR,Shastri Nagar,Momos,5,541.15,Cash,preparing,2026-08-13 12:07:14,26
OE002081,order_lifecycle,O00353,C0327,R021,Momos Kitchen 21,Delhi NCR,Shastri Nagar,Momos,5,541.15,Cash,picked_up,2026-08-13 12:10:14,26
OE002082,order_lifecycle,O00353,C0327,R021,Momos Kitchen 21,Delhi NCR,Shastri Nagar,Momos,5,541.15,Cash,out_for_delivery,2026-08-13 12:22:14,26
OE002083,order_lifecycle,O00353,C0327,R021,Momos Kitchen 21,Delhi NCR,Shastri Nagar,Momos,5,541.15,Cash,delivered,2026-08-13 12:28:14,26
OE002084,order_lifecycle,O00354,C0138,R027,Healthy Kitchen 27,Delhi NCR,Gurugram Cyber City,Healthy,3,689.97,Cash,placed,2026-08-08 14:23:09,15
OE002085,order_lifecycle,O00354,C0138,R027,Healthy Kitchen 27,Delhi NCR,Gurugram Cyber City,Healthy,3,689.97,Cash,accepted,2026-08-08 14:31:09,15
OE002086,order_lifecycle,O00354,C0138,R027,Healthy Kitchen 27,Delhi NCR,Gurugram Cyber City,Healthy,3,689.97,Cash,preparing,2026-08-08 14:42:09,15
OE002087,order_lifecycle,O00354,C0138,R027,Healthy Kitchen 27,Delhi NCR,Gurugram Cyber City,Healthy,3,689.97,Cash,picked_up,2026-08-08 14:50:09,15
OE002088,order_lifecycle,O00354,C0138,R027,Healthy Kitchen 27,Delhi NCR,Gurugram Cyber City,Healthy,3,689.97,Cash,out_for_delivery,2026-08-08 14:58:09,15
OE002089,order_lifecycle,O00354,C0138,R027,Healthy Kitchen 27,Delhi NCR,Gurugram Cyber City,Healthy,3,689.97,Cash,delivered,2026-08-08 15:00:09,15
OE002090,order_lifecycle,O00355,C0167,R040,Burgers Kitchen 40,Meerut,Shastri Nagar,Burgers,4,1188.09,Cash,placed,2026-08-12 13:51:13,35
OE002091,order_lifecycle,O00355,C0167,R040,Burgers Kitchen 40,Meerut,Shastri Nagar,Burgers,4,1188.09,Cash,accepted,2026-08-12 13:56:13,35
OE002092,order_lifecycle,O00355,C0167,R040,Burgers Kitchen 40,Meerut,Shastri Nagar,Burgers,4,1188.09,Cash,preparing,2026-08-12 14:00:13,35
OE002093,order_lifecycle,O00355,C0167,R040,Burgers Kitchen 40,Meerut,Shastri Nagar,Burgers,4,1188.09,Cash,picked_up,2026-08-12 14:07:13,35
OE002094,order_lifecycle,O00355,C0167,R040,Burgers Kitchen 40,Meerut,Shastri Nagar,Burgers,4,1188.09,Cash,out_for_delivery,2026-08-12 14:16:13,35
OE002095,order_lifecycle,O00355,C0167,R040,Burgers Kitchen 40,Meerut,Shastri Nagar,Burgers,4,1188.09,Cash,delivered,2026-08-12 14:27:13,35
OE002096,order_lifecycle,O00356,C0423,R010,Biryani Kitchen 10,Meerut,Rohini,Biryani,4,1098.94,Card,placed,2026-08-10 14:36:12,15
OE002097,order_lifecycle,O00356,C0423,R010,Biryani Kitchen 10,Meerut,Rohini,Biryani,4,1098.94,Card,accepted,2026-08-10 14:46:12,15
OE002098,order_lifecycle,O00356,C0423,R010,Biryani Kitchen 10,Meerut,Rohini,Biryani,4,1098.94,Card,preparing,2026-08-10 14:58:12,15
OE002099,order_lifecycle,O00356,C0423,R010,Biryani Kitchen 10,Meerut,Rohini,Biryani,4,1098.94,Card,picked_up,2026-08-10 15:04:12,15
OE002100,order_lifecycle,O00356,C0423,R010,Biryani Kitchen 10,Meerut,Rohini,Biryani,4,1098.94,Card,out_for_delivery,2026-08-10 15:14:12,15
OE002101,order_lifecycle,O00356,C0423,R010,Biryani Kitchen 10,Meerut,Rohini,Biryani,4,1098.94,Card,delivered,2026-08-10 15:24:12,15
OE002102,order_lifecycle,O00357,C0478,R002,South Indian Kitchen 02,Delhi NCR,Shastri Nagar,South Indian,4,834.09,UPI,placed,2026-08-02 20:26:27,14
OE002103,order_lifecycle,O00357,C0478,R002,South Indian Kitchen 02,Delhi NCR,Shastri Nagar,South Indian,4,834.09,UPI,accepted,2026-08-02 20:28:27,14
OE002104,order_lifecycle,O00357,C0478,R002,South Indian Kitchen 02,Delhi NCR,Shastri Nagar,South Indian,4,834.09,UPI,preparing,2026-08-02 20:38:27,14
OE002105,order_lifecycle,O00357,C0478,R002,South Indian Kitchen 02,Delhi NCR,Shastri Nagar,South Indian,4,834.09,UPI,picked_up,2026-08-02 20:45:27,14
OE002106,order_lifecycle,O00357,C0478,R002,South Indian Kitchen 02,Delhi NCR,Shastri Nagar,South Indian,4,834.09,UPI,out_for_delivery,2026-08-02 20:47:27,14
OE002107,order_lifecycle,O00357,C0478,R002,South Indian Kitchen 02,Delhi NCR,Shastri Nagar,South Indian,4,834.09,UPI,delivered,2026-08-02 20:58:27,14
OE002108,order_lifecycle,O00358,C0038,R049,Biryani Kitchen 49,Delhi NCR,Connaught Place,Biryani,2,1790.96,Cash,placed,2026-08-08 17:56:56,13
OE002109,order_lifecycle,O00358,C0038,R049,Biryani Kitchen 49,Delhi NCR,Connaught Place,Biryani,2,1790.96,Cash,accepted,2026-08-08 18:05:56,13
OE002110,order_lifecycle,O00358,C0038,R049,Biryani Kitchen 49,Delhi NCR,Connaught Place,Biryani,2,1790.96,Cash,preparing,2026-08-08 18:15:56,13
OE002111,order_lifecycle,O00358,C0038,R049,Biryani Kitchen 49,Delhi NCR,Connaught Place,Biryani,2,1790.96,Cash,cancelled,2026-08-08 18:23:56,13
OE002112,order_lifecycle,O00359,C0206,R043,Chinese Kitchen 43,Meerut,Dwarka,Chinese,2,230.19,Cash,placed,2026-08-01 19:53:24,19
OE002113,order_lifecycle,O00359,C0206,R043,Chinese Kitchen 43,Meerut,Dwarka,Chinese,2,230.19,Cash,accepted,2026-08-01 19:59:24,19
OE002114,order_lifecycle,O00359,C0206,R043,Chinese Kitchen 43,Meerut,Dwarka,Chinese,2,230.19,Cash,preparing,2026-08-01 20:04:24,19
OE002115,order_lifecycle,O00359,C0206,R043,Chinese Kitchen 43,Meerut,Dwarka,Chinese,2,230.19,Cash,picked_up,2026-08-01 20:15:24,19
OE002116,order_lifecycle,O00359,C0206,R043,Chinese Kitchen 43,Meerut,Dwarka,Chinese,2,230.19,Cash,out_for_delivery,2026-08-01 20:27:24,19
OE002117,order_lifecycle,O00359,C0206,R043,Chinese Kitchen 43,Meerut,Dwarka,Chinese,2,230.19,Cash,delivered,2026-08-01 20:34:24,19
OE002118,order_lifecycle,O00360,C0036,R023,Healthy Kitchen 23,Meerut,Gurugram Cyber City,Healthy,4,684.69,Cash,placed,2026-08-04 20:13:12,25
OE002119,order_lifecycle,O00360,C0036,R023,Healthy Kitchen 23,Meerut,Gurugram Cyber City,Healthy,4,684.69,Cash,accepted,2026-08-04 20:18:12,25
OE002120,order_lifecycle,O00360,C0036,R023,Healthy Kitchen 23,Meerut,Gurugram Cyber City,Healthy,4,684.69,Cash,preparing,2026-08-04 20:25:12,25
OE002121,order_lifecycle,O00360,C0036,R023,Healthy Kitchen 23,Meerut,Gurugram Cyber City,Healthy,4,684.69,Cash,picked_up,2026-08-04 20:27:12,25
OE002122,order_lifecycle,O00360,C0036,R023,Healthy Kitchen 23,Meerut,Gurugram Cyber City,Healthy,4,684.69,Cash,out_for_delivery,2026-08-04 20:31:12,25
OE002123,order_lifecycle,O00360,C0036,R023,Healthy Kitchen 23,Meerut,Gurugram Cyber City,Healthy,4,684.69,Cash,delivered,2026-08-04 20:40:12,25
OE002124,order_lifecycle,O00361,C0063,R011,Momos Kitchen 11,Meerut,Ganga Nagar,Momos,3,1167.76,Wallet,placed,2026-08-04 11:31:47,23
OE002125,order_lifecycle,O00361,C0063,R011,Momos Kitchen 11,Meerut,Ganga Nagar,Momos,3,1167.76,Wallet,accepted,2026-08-04 11:34:47,23
OE002126,order_lifecycle,O00361,C0063,R011,Momos Kitchen 11,Meerut,Ganga Nagar,Momos,3,1167.76,Wallet,preparing,2026-08-04 11:44:47,23
OE002127,order_lifecycle,O00361,C0063,R011,Momos Kitchen 11,Meerut,Ganga Nagar,Momos,3,1167.76,Wallet,picked_up,2026-08-04 11:51:47,23
OE002128,order_lifecycle,O00361,C0063,R011,Momos Kitchen 11,Meerut,Ganga Nagar,Momos,3,1167.76,Wallet,out_for_delivery,2026-08-04 12:00:47,23
OE002129,order_lifecycle,O00361,C0063,R011,Momos Kitchen 11,Meerut,Ganga Nagar,Momos,3,1167.76,Wallet,delivered,2026-08-04 12:06:47,23
OE002130,order_lifecycle,O00362,C0141,R038,Healthy Kitchen 38,Delhi NCR,Ganga Nagar,Healthy,5,214.84,Card,placed,2026-08-03 13:11:36,27
OE002131,order_lifecycle,O00362,C0141,R038,Healthy Kitchen 38,Delhi NCR,Ganga Nagar,Healthy,5,214.84,Card,accepted,2026-08-03 13:20:36,27
OE002132,order_lifecycle,O00362,C0141,R038,Healthy Kitchen 38,Delhi NCR,Ganga Nagar,Healthy,5,214.84,Card,preparing,2026-08-03 13:22:36,27
OE002133,order_lifecycle,O00362,C0141,R038,Healthy Kitchen 38,Delhi NCR,Ganga Nagar,Healthy,5,214.84,Card,picked_up,2026-08-03 13:24:36,27
OE002134,order_lifecycle,O00362,C0141,R038,Healthy Kitchen 38,Delhi NCR,Ganga Nagar,Healthy,5,214.84,Card,out_for_delivery,2026-08-03 13:35:36,27
OE002135,order_lifecycle,O00362,C0141,R038,Healthy Kitchen 38,Delhi NCR,Ganga Nagar,Healthy,5,214.84,Card,delivered,2026-08-03 13:40:36,27
OE002136,order_lifecycle,O00363,C0105,R022,Healthy Kitchen 22,Meerut,Connaught Place,Healthy,3,624.29,UPI,placed,2026-08-11 15:58:53,15
OE002137,order_lifecycle,O00363,C0105,R022,Healthy Kitchen 22,Meerut,Connaught Place,Healthy,3,624.29,UPI,accepted,2026-08-11 16:05:53,15
OE002138,order_lifecycle,O00363,C0105,R022,Healthy Kitchen 22,Meerut,Connaught Place,Healthy,3,624.29,UPI,preparing,2026-08-11 16:07:53,15
OE002139,order_lifecycle,O00363,C0105,R022,Healthy Kitchen 22,Meerut,Connaught Place,Healthy,3,624.29,UPI,picked_up,2026-08-11 16:16:53,15
OE002140,order_lifecycle,O00363,C0105,R022,Healthy Kitchen 22,Meerut,Connaught Place,Healthy,3,624.29,UPI,out_for_delivery,2026-08-11 16:18:53,15
OE002141,order_lifecycle,O00363,C0105,R022,Healthy Kitchen 22,Meerut,Connaught Place,Healthy,3,624.29,UPI,delivered,2026-08-11 16:22:53,15
OE002142,order_lifecycle,O00364,C0069,R059,Biryani Kitchen 59,Meerut,Noida Sector 18,Biryani,3,961.99,Card,placed,2026-08-13 20:00:19,29
OE002143,order_lifecycle,O00364,C0069,R059,Biryani Kitchen 59,Meerut,Noida Sector 18,Biryani,3,961.99,Card,accepted,2026-08-13 20:10:19,29
OE002144,order_lifecycle,O00364,C0069,R059,Biryani Kitchen 59,Meerut,Noida Sector 18,Biryani,3,961.99,Card,preparing,2026-08-13 20:17:19,29
OE002145,order_lifecycle,O00364,C0069,R059,Biryani Kitchen 59,Meerut,Noida Sector 18,Biryani,3,961.99,Card,picked_up,2026-08-13 20:28:19,29
OE002146,order_lifecycle,O00364,C0069,R059,Biryani Kitchen 59,Meerut,Noida Sector 18,Biryani,3,961.99,Card,out_for_delivery,2026-08-13 20:40:19,29
OE002147,order_lifecycle,O00364,C0069,R059,Biryani Kitchen 59,Meerut,Noida Sector 18,Biryani,3,961.99,Card,delivered,2026-08-13 20:43:19,29
OE002148,order_lifecycle,O00365,C0374,R037,South Indian Kitchen 37,Delhi NCR,Noida Sector 18,South Indian,5,1031.87,Cash,placed,2026-08-12 17:42:37,18
OE002149,order_lifecycle,O00365,C0374,R037,South Indian Kitchen 37,Delhi NCR,Noida Sector 18,South Indian,5,1031.87,Cash,accepted,2026-08-12 17:46:37,18
OE002150,order_lifecycle,O00365,C0374,R037,South Indian Kitchen 37,Delhi NCR,Noida Sector 18,South Indian,5,1031.87,Cash,preparing,2026-08-12 17:53:37,18
OE002151,order_lifecycle,O00365,C0374,R037,South Indian Kitchen 37,Delhi NCR,Noida Sector 18,South Indian,5,1031.87,Cash,picked_up,2026-08-12 18:01:37,18
OE002152,order_lifecycle,O00365,C0374,R037,South Indian Kitchen 37,Delhi NCR,Noida Sector 18,South Indian,5,1031.87,Cash,out_for_delivery,2026-08-12 18:08:37,18
OE002153,order_lifecycle,O00365,C0374,R037,South Indian Kitchen 37,Delhi NCR,Noida Sector 18,South Indian,5,1031.87,Cash,delivered,2026-08-12 18:20:37,18
OE002154,order_lifecycle,O00366,C0208,R051,South Indian Kitchen 51,Delhi NCR,Rohini,South Indian,3,903.78,Cash,placed,2026-08-08 19:16:34,33
OE002155,order_lifecycle,O00366,C0208,R051,South Indian Kitchen 51,Delhi NCR,Rohini,South Indian,3,903.78,Cash,accepted,2026-08-08 19:20:34,33
OE002156,order_lifecycle,O00366,C0208,R051,South Indian Kitchen 51,Delhi NCR,Rohini,South Indian,3,903.78,Cash,preparing,2026-08-08 19:26:34,33
OE002157,order_lifecycle,O00366,C0208,R051,South Indian Kitchen 51,Delhi NCR,Rohini,South Indian,3,903.78,Cash,picked_up,2026-08-08 19:33:34,33
OE002158,order_lifecycle,O00366,C0208,R051,South Indian Kitchen 51,Delhi NCR,Rohini,South Indian,3,903.78,Cash,out_for_delivery,2026-08-08 19:42:34,33
OE002159,order_lifecycle,O00366,C0208,R051,South Indian Kitchen 51,Delhi NCR,Rohini,South Indian,3,903.78,Cash,delivered,2026-08-08 19:52:34,33
OE002160,order_lifecycle,O00367,C0224,R013,South Indian Kitchen 13,Delhi NCR,Saket,South Indian,2,1797.67,Card,placed,2026-08-03 16:52:56,24
OE002161,order_lifecycle,O00367,C0224,R013,South Indian Kitchen 13,Delhi NCR,Saket,South Indian,2,1797.67,Card,accepted,2026-08-03 16:57:56,24
OE002162,order_lifecycle,O00367,C0224,R013,South Indian Kitchen 13,Delhi NCR,Saket,South Indian,2,1797.67,Card,preparing,2026-08-03 16:59:56,24
OE002163,order_lifecycle,O00367,C0224,R013,South Indian Kitchen 13,Delhi NCR,Saket,South Indian,2,1797.67,Card,picked_up,2026-08-03 17:04:56,24
OE002164,order_lifecycle,O00367,C0224,R013,South Indian Kitchen 13,Delhi NCR,Saket,South Indian,2,1797.67,Card,out_for_delivery,2026-08-03 17:11:56,24
OE002165,order_lifecycle,O00367,C0224,R013,South Indian Kitchen 13,Delhi NCR,Saket,South Indian,2,1797.67,Card,delivered,2026-08-03 17:21:56,24
OE002166,order_lifecycle,O00368,C0490,R049,Biryani Kitchen 49,Delhi NCR,Connaught Place,Biryani,5,823.64,Wallet,placed,2026-08-05 10:25:18,13
OE002167,order_lifecycle,O00368,C0490,R049,Biryani Kitchen 49,Delhi NCR,Connaught Place,Biryani,5,823.64,Wallet,accepted,2026-08-05 10:34:18,13
OE002168,order_lifecycle,O00368,C0490,R049,Biryani Kitchen 49,Delhi NCR,Connaught Place,Biryani,5,823.64,Wallet,preparing,2026-08-05 10:41:18,13
OE002169,order_lifecycle,O00368,C0490,R049,Biryani Kitchen 49,Delhi NCR,Connaught Place,Biryani,5,823.64,Wallet,picked_up,2026-08-05 10:45:18,13
OE002170,order_lifecycle,O00368,C0490,R049,Biryani Kitchen 49,Delhi NCR,Connaught Place,Biryani,5,823.64,Wallet,out_for_delivery,2026-08-05 10:51:18,13
OE002171,order_lifecycle,O00368,C0490,R049,Biryani Kitchen 49,Delhi NCR,Connaught Place,Biryani,5,823.64,Wallet,delivered,2026-08-05 10:53:18,13
OE002172,order_lifecycle,O00369,C0403,R020,North Indian Kitchen 20,Delhi NCR,Dwarka,North Indian,3,597.72,UPI,placed,2026-08-07 16:37:12,33
OE002173,order_lifecycle,O00369,C0403,R020,North Indian Kitchen 20,Delhi NCR,Dwarka,North Indian,3,597.72,UPI,accepted,2026-08-07 16:43:12,33
OE002174,order_lifecycle,O00369,C0403,R020,North Indian Kitchen 20,Delhi NCR,Dwarka,North Indian,3,597.72,UPI,preparing,2026-08-07 16:47:12,33
OE002175,order_lifecycle,O00369,C0403,R020,North Indian Kitchen 20,Delhi NCR,Dwarka,North Indian,3,597.72,UPI,picked_up,2026-08-07 16:55:12,33
OE002176,order_lifecycle,O00369,C0403,R020,North Indian Kitchen 20,Delhi NCR,Dwarka,North Indian,3,597.72,UPI,out_for_delivery,2026-08-07 16:58:12,33
OE002177,order_lifecycle,O00369,C0403,R020,North Indian Kitchen 20,Delhi NCR,Dwarka,North Indian,3,597.72,UPI,delivered,2026-08-07 17:09:12,33
OE002178,order_lifecycle,O00370,C0387,R054,Cafe Kitchen 54,Meerut,Noida Sector 18,Cafe,1,1625.79,Wallet,placed,2026-08-05 10:24:53,34
OE002179,order_lifecycle,O00370,C0387,R054,Cafe Kitchen 54,Meerut,Noida Sector 18,Cafe,1,1625.79,Wallet,accepted,2026-08-05 10:28:53,34
OE002180,order_lifecycle,O00370,C0387,R054,Cafe Kitchen 54,Meerut,Noida Sector 18,Cafe,1,1625.79,Wallet,preparing,2026-08-05 10:37:53,34
OE002181,order_lifecycle,O00370,C0387,R054,Cafe Kitchen 54,Meerut,Noida Sector 18,Cafe,1,1625.79,Wallet,picked_up,2026-08-05 10:43:53,34
OE002182,order_lifecycle,O00370,C0387,R054,Cafe Kitchen 54,Meerut,Noida Sector 18,Cafe,1,1625.79,Wallet,out_for_delivery,2026-08-05 10:48:53,34
OE002183,order_lifecycle,O00370,C0387,R054,Cafe Kitchen 54,Meerut,Noida Sector 18,Cafe,1,1625.79,Wallet,delivered,2026-08-05 10:58:53,34
OE002184,order_lifecycle,O00371,C0169,R047,Momos Kitchen 47,Delhi NCR,Shastri Nagar,Momos,4,220.68,Card,placed,2026-08-14 14:22:05,26
OE002185,order_lifecycle,O00371,C0169,R047,Momos Kitchen 47,Delhi NCR,Shastri Nagar,Momos,4,220.68,Card,accepted,2026-08-14 14:27:05,26
OE002186,order_lifecycle,O00371,C0169,R047,Momos Kitchen 47,Delhi NCR,Shastri Nagar,Momos,4,220.68,Card,preparing,2026-08-14 14:38:05,26
OE002187,order_lifecycle,O00371,C0169,R047,Momos Kitchen 47,Delhi NCR,Shastri Nagar,Momos,4,220.68,Card,picked_up,2026-08-14 14:46:05,26
OE002188,order_lifecycle,O00371,C0169,R047,Momos Kitchen 47,Delhi NCR,Shastri Nagar,Momos,4,220.68,Card,out_for_delivery,2026-08-14 14:58:05,26
OE002189,order_lifecycle,O00371,C0169,R047,Momos Kitchen 47,Delhi NCR,Shastri Nagar,Momos,4,220.68,Card,delivered,2026-08-14 15:04:05,26
OE002190,order_lifecycle,O00372,C0418,R046,Desserts Kitchen 46,Delhi NCR,Shastri Nagar,Desserts,4,1461.02,UPI,placed,2026-08-12 10:22:41,17
OE002191,order_lifecycle,O00372,C0418,R046,Desserts Kitchen 46,Delhi NCR,Shastri Nagar,Desserts,4,1461.02,UPI,accepted,2026-08-12 10:34:41,17
OE002192,order_lifecycle,O00372,C0418,R046,Desserts Kitchen 46,Delhi NCR,Shastri Nagar,Desserts,4,1461.02,UPI,preparing,2026-08-12 10:42:41,17
OE002193,order_lifecycle,O00372,C0418,R046,Desserts Kitchen 46,Delhi NCR,Shastri Nagar,Desserts,4,1461.02,UPI,picked_up,2026-08-12 10:54:41,17
OE002194,order_lifecycle,O00372,C0418,R046,Desserts Kitchen 46,Delhi NCR,Shastri Nagar,Desserts,4,1461.02,UPI,out_for_delivery,2026-08-12 10:56:41,17
OE002195,order_lifecycle,O00372,C0418,R046,Desserts Kitchen 46,Delhi NCR,Shastri Nagar,Desserts,4,1461.02,UPI,delivered,2026-08-12 11:01:41,17
OE002196,order_lifecycle,O00373,C0108,R040,Burgers Kitchen 40,Meerut,Shastri Nagar,Burgers,3,1385.13,Card,placed,2026-08-14 18:41:20,35
OE002197,order_lifecycle,O00373,C0108,R040,Burgers Kitchen 40,Meerut,Shastri Nagar,Burgers,3,1385.13,Card,accepted,2026-08-14 18:44:20,35
OE002198,order_lifecycle,O00373,C0108,R040,Burgers Kitchen 40,Meerut,Shastri Nagar,Burgers,3,1385.13,Card,preparing,2026-08-14 18:51:20,35
OE002199,order_lifecycle,O00373,C0108,R040,Burgers Kitchen 40,Meerut,Shastri Nagar,Burgers,3,1385.13,Card,picked_up,2026-08-14 18:58:20,35
OE002200,order_lifecycle,O00373,C0108,R040,Burgers Kitchen 40,Meerut,Shastri Nagar,Burgers,3,1385.13,Card,out_for_delivery,2026-08-14 19:09:20,35
OE002201,order_lifecycle,O00373,C0108,R040,Burgers Kitchen 40,Meerut,Shastri Nagar,Burgers,3,1385.13,Card,delivered,2026-08-14 19:19:20,35
OE002202,order_lifecycle,O00374,C0249,R024,Chinese Kitchen 24,Meerut,Connaught Place,Chinese,2,1407.63,Cash,placed,2026-08-13 17:57:23,35
OE002203,order_lifecycle,O00374,C0249,R024,Chinese Kitchen 24,Meerut,Connaught Place,Chinese,2,1407.63,Cash,accepted,2026-08-13 18:08:23,35
OE002204,order_lifecycle,O00374,C0249,R024,Chinese Kitchen 24,Meerut,Connaught Place,Chinese,2,1407.63,Cash,cancelled,2026-08-13 18:14:23,35
OE002205,order_lifecycle,O00375,C0359,R048,Pizza Kitchen 48,Meerut,Ganga Nagar,Pizza,1,836.75,Card,placed,2026-08-05 18:34:11,21
OE002206,order_lifecycle,O00375,C0359,R048,Pizza Kitchen 48,Meerut,Ganga Nagar,Pizza,1,836.75,Card,accepted,2026-08-05 18:45:11,21
OE002207,order_lifecycle,O00375,C0359,R048,Pizza Kitchen 48,Meerut,Ganga Nagar,Pizza,1,836.75,Card,preparing,2026-08-05 18:57:11,21
OE002208,order_lifecycle,O00375,C0359,R048,Pizza Kitchen 48,Meerut,Ganga Nagar,Pizza,1,836.75,Card,picked_up,2026-08-05 19:05:11,21
OE002209,order_lifecycle,O00375,C0359,R048,Pizza Kitchen 48,Meerut,Ganga Nagar,Pizza,1,836.75,Card,out_for_delivery,2026-08-05 19:11:11,21
OE002210,order_lifecycle,O00375,C0359,R048,Pizza Kitchen 48,Meerut,Ganga Nagar,Pizza,1,836.75,Card,delivered,2026-08-05 19:15:11,21
OE002211,order_lifecycle,O00376,C0423,R006,Biryani Kitchen 06,Meerut,Rohini,Biryani,2,242.17,Card,placed,2026-08-09 12:42:17,15
OE002212,order_lifecycle,O00376,C0423,R006,Biryani Kitchen 06,Meerut,Rohini,Biryani,2,242.17,Card,accepted,2026-08-09 12:47:17,15
OE002213,order_lifecycle,O00376,C0423,R006,Biryani Kitchen 06,Meerut,Rohini,Biryani,2,242.17,Card,preparing,2026-08-09 12:56:17,15
OE002214,order_lifecycle,O00376,C0423,R006,Biryani Kitchen 06,Meerut,Rohini,Biryani,2,242.17,Card,picked_up,2026-08-09 13:08:17,15
OE002215,order_lifecycle,O00376,C0423,R006,Biryani Kitchen 06,Meerut,Rohini,Biryani,2,242.17,Card,out_for_delivery,2026-08-09 13:13:17,15
OE002216,order_lifecycle,O00376,C0423,R006,Biryani Kitchen 06,Meerut,Rohini,Biryani,2,242.17,Card,delivered,2026-08-09 13:17:17,15
OE002217,order_lifecycle,O00377,C0190,R042,South Indian Kitchen 42,Delhi NCR,Saket,South Indian,2,1732.95,Cash,placed,2026-08-06 18:22:04,26
OE002218,order_lifecycle,O00377,C0190,R042,South Indian Kitchen 42,Delhi NCR,Saket,South Indian,2,1732.95,Cash,accepted,2026-08-06 18:27:04,26
OE002219,order_lifecycle,O00377,C0190,R042,South Indian Kitchen 42,Delhi NCR,Saket,South Indian,2,1732.95,Cash,preparing,2026-08-06 18:37:04,26
OE002220,order_lifecycle,O00377,C0190,R042,South Indian Kitchen 42,Delhi NCR,Saket,South Indian,2,1732.95,Cash,picked_up,2026-08-06 18:48:04,26
OE002221,order_lifecycle,O00377,C0190,R042,South Indian Kitchen 42,Delhi NCR,Saket,South Indian,2,1732.95,Cash,out_for_delivery,2026-08-06 18:52:04,26
OE002222,order_lifecycle,O00377,C0190,R042,South Indian Kitchen 42,Delhi NCR,Saket,South Indian,2,1732.95,Cash,delivered,2026-08-06 18:55:04,26
OE002223,order_lifecycle,O00378,C0303,R031,Pizza Kitchen 31,Meerut,Saket,Pizza,1,1094.39,Cash,placed,2026-08-03 10:35:28,35
OE002224,order_lifecycle,O00378,C0303,R031,Pizza Kitchen 31,Meerut,Saket,Pizza,1,1094.39,Cash,accepted,2026-08-03 10:39:28,35
OE002225,order_lifecycle,O00378,C0303,R031,Pizza Kitchen 31,Meerut,Saket,Pizza,1,1094.39,Cash,preparing,2026-08-03 10:42:28,35
OE002226,order_lifecycle,O00378,C0303,R031,Pizza Kitchen 31,Meerut,Saket,Pizza,1,1094.39,Cash,picked_up,2026-08-03 10:54:28,35
OE002227,order_lifecycle,O00378,C0303,R031,Pizza Kitchen 31,Meerut,Saket,Pizza,1,1094.39,Cash,out_for_delivery,2026-08-03 11:01:28,35
OE002228,order_lifecycle,O00378,C0303,R031,Pizza Kitchen 31,Meerut,Saket,Pizza,1,1094.39,Cash,delivered,2026-08-03 11:04:28,35
OE002229,order_lifecycle,O00379,C0346,R022,Healthy Kitchen 22,Meerut,Connaught Place,Healthy,4,1012.73,Card,placed,2026-08-04 19:51:56,15
OE002230,order_lifecycle,O00379,C0346,R022,Healthy Kitchen 22,Meerut,Connaught Place,Healthy,4,1012.73,Card,accepted,2026-08-04 20:03:56,15
OE002231,order_lifecycle,O00379,C0346,R022,Healthy Kitchen 22,Meerut,Connaught Place,Healthy,4,1012.73,Card,preparing,2026-08-04 20:14:56,15
OE002232,order_lifecycle,O00379,C0346,R022,Healthy Kitchen 22,Meerut,Connaught Place,Healthy,4,1012.73,Card,picked_up,2026-08-04 20:21:56,15
OE002233,order_lifecycle,O00379,C0346,R022,Healthy Kitchen 22,Meerut,Connaught Place,Healthy,4,1012.73,Card,out_for_delivery,2026-08-04 20:23:56,15
OE002234,order_lifecycle,O00379,C0346,R022,Healthy Kitchen 22,Meerut,Connaught Place,Healthy,4,1012.73,Card,delivered,2026-08-04 20:34:56,15
OE002235,order_lifecycle,O00380,C0093,R002,South Indian Kitchen 02,Delhi NCR,Shastri Nagar,South Indian,4,342.57,Wallet,placed,2026-08-08 21:07:21,14
OE002236,order_lifecycle,O00380,C0093,R002,South Indian Kitchen 02,Delhi NCR,Shastri Nagar,South Indian,4,342.57,Wallet,accepted,2026-08-08 21:15:21,14
OE002237,order_lifecycle,O00380,C0093,R002,South Indian Kitchen 02,Delhi NCR,Shastri Nagar,South Indian,4,342.57,Wallet,preparing,2026-08-08 21:24:21,14
OE002238,order_lifecycle,O00380,C0093,R002,South Indian Kitchen 02,Delhi NCR,Shastri Nagar,South Indian,4,342.57,Wallet,picked_up,2026-08-08 21:28:21,14
OE002239,order_lifecycle,O00380,C0093,R002,South Indian Kitchen 02,Delhi NCR,Shastri Nagar,South Indian,4,342.57,Wallet,out_for_delivery,2026-08-08 21:35:21,14
OE002240,order_lifecycle,O00380,C0093,R002,South Indian Kitchen 02,Delhi NCR,Shastri Nagar,South Indian,4,342.57,Wallet,delivered,2026-08-08 21:39:21,14
OE002241,order_lifecycle,O00381,C0001,R001,South Indian Kitchen 01,Delhi NCR,Noida Sector 18,South Indian,5,1480.06,Cash,placed,2026-08-06 16:19:01,16
OE002242,order_lifecycle,O00381,C0001,R001,South Indian Kitchen 01,Delhi NCR,Noida Sector 18,South Indian,5,1480.06,Cash,accepted,2026-08-06 16:23:01,16
OE002243,order_lifecycle,O00381,C0001,R001,South Indian Kitchen 01,Delhi NCR,Noida Sector 18,South Indian,5,1480.06,Cash,preparing,2026-08-06 16:28:01,16
OE002244,order_lifecycle,O00381,C0001,R001,South Indian Kitchen 01,Delhi NCR,Noida Sector 18,South Indian,5,1480.06,Cash,picked_up,2026-08-06 16:40:01,16
OE002245,order_lifecycle,O00381,C0001,R001,South Indian Kitchen 01,Delhi NCR,Noida Sector 18,South Indian,5,1480.06,Cash,out_for_delivery,2026-08-06 16:51:01,16
OE002246,order_lifecycle,O00381,C0001,R001,South Indian Kitchen 01,Delhi NCR,Noida Sector 18,South Indian,5,1480.06,Cash,delivered,2026-08-06 17:00:01,16
OE002247,order_lifecycle,O00382,C0276,R057,North Indian Kitchen 57,Meerut,Rohini,North Indian,2,372.44,Card,placed,2026-08-13 14:59:18,18
OE002248,order_lifecycle,O00382,C0276,R057,North Indian Kitchen 57,Meerut,Rohini,North Indian,2,372.44,Card,accepted,2026-08-13 15:08:18,18
OE002249,order_lifecycle,O00382,C0276,R057,North Indian Kitchen 57,Meerut,Rohini,North Indian,2,372.44,Card,preparing,2026-08-13 15:13:18,18
OE002250,order_lifecycle,O00382,C0276,R057,North Indian Kitchen 57,Meerut,Rohini,North Indian,2,372.44,Card,picked_up,2026-08-13 15:24:18,18
OE002251,order_lifecycle,O00382,C0276,R057,North Indian Kitchen 57,Meerut,Rohini,North Indian,2,372.44,Card,out_for_delivery,2026-08-13 15:28:18,18
OE002252,order_lifecycle,O00382,C0276,R057,North Indian Kitchen 57,Meerut,Rohini,North Indian,2,372.44,Card,delivered,2026-08-13 15:39:18,18
OE002253,order_lifecycle,O00383,C0338,R014,Pizza Kitchen 14,Delhi NCR,Gurugram Cyber City,Pizza,5,1658.99,Wallet,placed,2026-08-02 20:41:20,13
OE002254,order_lifecycle,O00383,C0338,R014,Pizza Kitchen 14,Delhi NCR,Gurugram Cyber City,Pizza,5,1658.99,Wallet,accepted,2026-08-02 20:53:20,13
OE002255,order_lifecycle,O00383,C0338,R014,Pizza Kitchen 14,Delhi NCR,Gurugram Cyber City,Pizza,5,1658.99,Wallet,preparing,2026-08-02 20:58:20,13
OE002256,order_lifecycle,O00383,C0338,R014,Pizza Kitchen 14,Delhi NCR,Gurugram Cyber City,Pizza,5,1658.99,Wallet,picked_up,2026-08-02 21:04:20,13
OE002257,order_lifecycle,O00383,C0338,R014,Pizza Kitchen 14,Delhi NCR,Gurugram Cyber City,Pizza,5,1658.99,Wallet,out_for_delivery,2026-08-02 21:11:20,13
OE002258,order_lifecycle,O00383,C0338,R014,Pizza Kitchen 14,Delhi NCR,Gurugram Cyber City,Pizza,5,1658.99,Wallet,delivered,2026-08-02 21:15:20,13
OE002259,order_lifecycle,O00384,C0457,R043,Chinese Kitchen 43,Meerut,Dwarka,Chinese,1,701.85,UPI,placed,2026-08-10 18:11:41,19
OE002260,order_lifecycle,O00384,C0457,R043,Chinese Kitchen 43,Meerut,Dwarka,Chinese,1,701.85,UPI,accepted,2026-08-10 18:19:41,19
OE002261,order_lifecycle,O00384,C0457,R043,Chinese Kitchen 43,Meerut,Dwarka,Chinese,1,701.85,UPI,preparing,2026-08-10 18:24:41,19
OE002262,order_lifecycle,O00384,C0457,R043,Chinese Kitchen 43,Meerut,Dwarka,Chinese,1,701.85,UPI,cancelled,2026-08-10 18:31:41,19
OE002263,order_lifecycle,O00385,C0027,R058,Healthy Kitchen 58,Meerut,Dwarka,Healthy,2,1038.38,Cash,placed,2026-08-14 16:47:32,14
OE002264,order_lifecycle,O00385,C0027,R058,Healthy Kitchen 58,Meerut,Dwarka,Healthy,2,1038.38,Cash,accepted,2026-08-14 16:49:32,14
OE002265,order_lifecycle,O00385,C0027,R058,Healthy Kitchen 58,Meerut,Dwarka,Healthy,2,1038.38,Cash,preparing,2026-08-14 16:54:32,14
OE002266,order_lifecycle,O00385,C0027,R058,Healthy Kitchen 58,Meerut,Dwarka,Healthy,2,1038.38,Cash,picked_up,2026-08-14 16:57:32,14
OE002267,order_lifecycle,O00385,C0027,R058,Healthy Kitchen 58,Meerut,Dwarka,Healthy,2,1038.38,Cash,out_for_delivery,2026-08-14 17:06:32,14
OE002268,order_lifecycle,O00385,C0027,R058,Healthy Kitchen 58,Meerut,Dwarka,Healthy,2,1038.38,Cash,delivered,2026-08-14 17:10:32,14
OE002269,order_lifecycle,O00386,C0170,R011,Momos Kitchen 11,Meerut,Ganga Nagar,Momos,1,1540.46,Card,placed,2026-08-14 13:23:58,23
OE002270,order_lifecycle,O00386,C0170,R011,Momos Kitchen 11,Meerut,Ganga Nagar,Momos,1,1540.46,Card,accepted,2026-08-14 13:28:58,23
OE002271,order_lifecycle,O00386,C0170,R011,Momos Kitchen 11,Meerut,Ganga Nagar,Momos,1,1540.46,Card,preparing,2026-08-14 13:39:58,23
OE002272,order_lifecycle,O00386,C0170,R011,Momos Kitchen 11,Meerut,Ganga Nagar,Momos,1,1540.46,Card,picked_up,2026-08-14 13:51:58,23
OE002273,order_lifecycle,O00386,C0170,R011,Momos Kitchen 11,Meerut,Ganga Nagar,Momos,1,1540.46,Card,out_for_delivery,2026-08-14 13:57:58,23
OE002274,order_lifecycle,O00386,C0170,R011,Momos Kitchen 11,Meerut,Ganga Nagar,Momos,1,1540.46,Card,delivered,2026-08-14 14:05:58,23
OE002275,order_lifecycle,O00387,C0066,R027,Healthy Kitchen 27,Delhi NCR,Gurugram Cyber City,Healthy,4,1643.55,UPI,placed,2026-08-11 11:07:10,15
OE002276,order_lifecycle,O00387,C0066,R027,Healthy Kitchen 27,Delhi NCR,Gurugram Cyber City,Healthy,4,1643.55,UPI,accepted,2026-08-11 11:14:10,15
OE002277,order_lifecycle,O00387,C0066,R027,Healthy Kitchen 27,Delhi NCR,Gurugram Cyber City,Healthy,4,1643.55,UPI,preparing,2026-08-11 11:18:10,15
OE002278,order_lifecycle,O00387,C0066,R027,Healthy Kitchen 27,Delhi NCR,Gurugram Cyber City,Healthy,4,1643.55,UPI,picked_up,2026-08-11 11:24:10,15
OE002279,order_lifecycle,O00387,C0066,R027,Healthy Kitchen 27,Delhi NCR,Gurugram Cyber City,Healthy,4,1643.55,UPI,out_for_delivery,2026-08-11 11:36:10,15
OE002280,order_lifecycle,O00387,C0066,R027,Healthy Kitchen 27,Delhi NCR,Gurugram Cyber City,Healthy,4,1643.55,UPI,delivered,2026-08-11 11:44:10,15
OE002281,order_lifecycle,O00388,C0246,R009,Cafe Kitchen 09,Meerut,Saket,Cafe,1,495.17,Card,placed,2026-08-04 10:53:24,13
OE002282,order_lifecycle,O00388,C0246,R009,Cafe Kitchen 09,Meerut,Saket,Cafe,1,495.17,Card,accepted,2026-08-04 11:00:24,13
OE002283,order_lifecycle,O00388,C0246,R009,Cafe Kitchen 09,Meerut,Saket,Cafe,1,495.17,Card,preparing,2026-08-04 11:09:24,13
OE002284,order_lifecycle,O00388,C0246,R009,Cafe Kitchen 09,Meerut,Saket,Cafe,1,495.17,Card,picked_up,2026-08-04 11:13:24,13
OE002285,order_lifecycle,O00388,C0246,R009,Cafe Kitchen 09,Meerut,Saket,Cafe,1,495.17,Card,out_for_delivery,2026-08-04 11:22:24,13
OE002286,order_lifecycle,O00388,C0246,R009,Cafe Kitchen 09,Meerut,Saket,Cafe,1,495.17,Card,delivered,2026-08-04 11:33:24,13
OE002287,order_lifecycle,O00389,C0195,R010,Biryani Kitchen 10,Meerut,Rohini,Biryani,3,1203.54,Wallet,placed,2026-08-09 11:14:11,15
OE002288,order_lifecycle,O00389,C0195,R010,Biryani Kitchen 10,Meerut,Rohini,Biryani,3,1203.54,Wallet,accepted,2026-08-09 11:17:11,15
OE002289,order_lifecycle,O00389,C0195,R010,Biryani Kitchen 10,Meerut,Rohini,Biryani,3,1203.54,Wallet,preparing,2026-08-09 11:22:11,15
OE002290,order_lifecycle,O00389,C0195,R010,Biryani Kitchen 10,Meerut,Rohini,Biryani,3,1203.54,Wallet,picked_up,2026-08-09 11:33:11,15
OE002291,order_lifecycle,O00389,C0195,R010,Biryani Kitchen 10,Meerut,Rohini,Biryani,3,1203.54,Wallet,cancelled,2026-08-09 11:43:11,15
OE002292,order_lifecycle,O00390,C0083,R010,Biryani Kitchen 10,Meerut,Rohini,Biryani,5,304.21,UPI,placed,2026-08-06 10:07:43,15
OE002293,order_lifecycle,O00390,C0083,R010,Biryani Kitchen 10,Meerut,Rohini,Biryani,5,304.21,UPI,accepted,2026-08-06 10:11:43,15
OE002294,order_lifecycle,O00390,C0083,R010,Biryani Kitchen 10,Meerut,Rohini,Biryani,5,304.21,UPI,preparing,2026-08-06 10:18:43,15
OE002295,order_lifecycle,O00390,C0083,R010,Biryani Kitchen 10,Meerut,Rohini,Biryani,5,304.21,UPI,picked_up,2026-08-06 10:25:43,15
OE002296,order_lifecycle,O00390,C0083,R010,Biryani Kitchen 10,Meerut,Rohini,Biryani,5,304.21,UPI,out_for_delivery,2026-08-06 10:27:43,15
OE002297,order_lifecycle,O00390,C0083,R010,Biryani Kitchen 10,Meerut,Rohini,Biryani,5,304.21,UPI,delivered,2026-08-06 10:31:43,15
OE002298,order_lifecycle,O00391,C0467,R055,Burgers Kitchen 55,Delhi NCR,Noida Sector 18,Burgers,4,1185.68,Card,placed,2026-08-11 16:18:43,33
OE002299,order_lifecycle,O00391,C0467,R055,Burgers Kitchen 55,Delhi NCR,Noida Sector 18,Burgers,4,1185.68,Card,accepted,2026-08-11 16:29:43,33
OE002300,order_lifecycle,O00391,C0467,R055,Burgers Kitchen 55,Delhi NCR,Noida Sector 18,Burgers,4,1185.68,Card,preparing,2026-08-11 16:35:43,33
OE002301,order_lifecycle,O00391,C0467,R055,Burgers Kitchen 55,Delhi NCR,Noida Sector 18,Burgers,4,1185.68,Card,picked_up,2026-08-11 16:42:43,33
OE002302,order_lifecycle,O00391,C0467,R055,Burgers Kitchen 55,Delhi NCR,Noida Sector 18,Burgers,4,1185.68,Card,out_for_delivery,2026-08-11 16:54:43,33
OE002303,order_lifecycle,O00391,C0467,R055,Burgers Kitchen 55,Delhi NCR,Noida Sector 18,Burgers,4,1185.68,Card,delivered,2026-08-11 17:03:43,33
OE002304,order_lifecycle,O00392,C0236,R031,Pizza Kitchen 31,Meerut,Saket,Pizza,3,1544.22,Card,placed,2026-08-09 13:25:08,35
OE002305,order_lifecycle,O00392,C0236,R031,Pizza Kitchen 31,Meerut,Saket,Pizza,3,1544.22,Card,accepted,2026-08-09 13:33:08,35
OE002306,order_lifecycle,O00392,C0236,R031,Pizza Kitchen 31,Meerut,Saket,Pizza,3,1544.22,Card,preparing,2026-08-09 13:41:08,35
OE002307,order_lifecycle,O00392,C0236,R031,Pizza Kitchen 31,Meerut,Saket,Pizza,3,1544.22,Card,picked_up,2026-08-09 13:50:08,35
OE002308,order_lifecycle,O00392,C0236,R031,Pizza Kitchen 31,Meerut,Saket,Pizza,3,1544.22,Card,out_for_delivery,2026-08-09 13:59:08,35
OE002309,order_lifecycle,O00392,C0236,R031,Pizza Kitchen 31,Meerut,Saket,Pizza,3,1544.22,Card,delivered,2026-08-09 14:08:08,35
OE002310,order_lifecycle,O00393,C0392,R047,Momos Kitchen 47,Delhi NCR,Shastri Nagar,Momos,1,426.13,Wallet,placed,2026-08-11 14:13:25,26
OE002311,order_lifecycle,O00393,C0392,R047,Momos Kitchen 47,Delhi NCR,Shastri Nagar,Momos,1,426.13,Wallet,accepted,2026-08-11 14:24:25,26
OE002312,order_lifecycle,O00393,C0392,R047,Momos Kitchen 47,Delhi NCR,Shastri Nagar,Momos,1,426.13,Wallet,preparing,2026-08-11 14:32:25,26
OE002313,order_lifecycle,O00393,C0392,R047,Momos Kitchen 47,Delhi NCR,Shastri Nagar,Momos,1,426.13,Wallet,picked_up,2026-08-11 14:34:25,26
OE002314,order_lifecycle,O00393,C0392,R047,Momos Kitchen 47,Delhi NCR,Shastri Nagar,Momos,1,426.13,Wallet,out_for_delivery,2026-08-11 14:39:25,26
OE002315,order_lifecycle,O00393,C0392,R047,Momos Kitchen 47,Delhi NCR,Shastri Nagar,Momos,1,426.13,Wallet,delivered,2026-08-11 14:44:25,26
OE002316,order_lifecycle,O00394,C0445,R017,Desserts Kitchen 17,Delhi NCR,Noida Sector 18,Desserts,5,1421.43,UPI,placed,2026-08-08 15:39:59,35
OE002317,order_lifecycle,O00394,C0445,R017,Desserts Kitchen 17,Delhi NCR,Noida Sector 18,Desserts,5,1421.43,UPI,accepted,2026-08-08 15:42:59,35
OE002318,order_lifecycle,O00394,C0445,R017,Desserts Kitchen 17,Delhi NCR,Noida Sector 18,Desserts,5,1421.43,UPI,preparing,2026-08-08 15:45:59,35
OE002319,order_lifecycle,O00394,C0445,R017,Desserts Kitchen 17,Delhi NCR,Noida Sector 18,Desserts,5,1421.43,UPI,picked_up,2026-08-08 15:47:59,35
OE002320,order_lifecycle,O00394,C0445,R017,Desserts Kitchen 17,Delhi NCR,Noida Sector 18,Desserts,5,1421.43,UPI,out_for_delivery,2026-08-08 15:49:59,35
OE002321,order_lifecycle,O00394,C0445,R017,Desserts Kitchen 17,Delhi NCR,Noida Sector 18,Desserts,5,1421.43,UPI,delivered,2026-08-08 15:51:59,35
OE002322,order_lifecycle,O00395,C0411,R020,North Indian Kitchen 20,Delhi NCR,Dwarka,North Indian,4,1656.37,Card,placed,2026-08-03 16:07:34,33
OE002323,order_lifecycle,O00395,C0411,R020,North Indian Kitchen 20,Delhi NCR,Dwarka,North Indian,4,1656.37,Card,accepted,2026-08-03 16:19:34,33
OE002324,order_lifecycle,O00395,C0411,R020,North Indian Kitchen 20,Delhi NCR,Dwarka,North Indian,4,1656.37,Card,preparing,2026-08-03 16:28:34,33
OE002325,order_lifecycle,O00395,C0411,R020,North Indian Kitchen 20,Delhi NCR,Dwarka,North Indian,4,1656.37,Card,picked_up,2026-08-03 16:34:34,33
OE002326,order_lifecycle,O00395,C0411,R020,North Indian Kitchen 20,Delhi NCR,Dwarka,North Indian,4,1656.37,Card,out_for_delivery,2026-08-03 16:39:34,33
OE002327,order_lifecycle,O00395,C0411,R020,North Indian Kitchen 20,Delhi NCR,Dwarka,North Indian,4,1656.37,Card,delivered,2026-08-03 16:42:34,33
OE002328,order_lifecycle,O00396,C0011,R060,Pizza Kitchen 60,Delhi NCR,Noida Sector 18,Pizza,3,1780.5,UPI,placed,2026-08-10 15:56:21,15
OE002329,order_lifecycle,O00396,C0011,R060,Pizza Kitchen 60,Delhi NCR,Noida Sector 18,Pizza,3,1780.5,UPI,accepted,2026-08-10 16:07:21,15
OE002330,order_lifecycle,O00396,C0011,R060,Pizza Kitchen 60,Delhi NCR,Noida Sector 18,Pizza,3,1780.5,UPI,preparing,2026-08-10 16:13:21,15
OE002331,order_lifecycle,O00396,C0011,R060,Pizza Kitchen 60,Delhi NCR,Noida Sector 18,Pizza,3,1780.5,UPI,picked_up,2026-08-10 16:25:21,15
OE002332,order_lifecycle,O00396,C0011,R060,Pizza Kitchen 60,Delhi NCR,Noida Sector 18,Pizza,3,1780.5,UPI,out_for_delivery,2026-08-10 16:33:21,15
OE002333,order_lifecycle,O00396,C0011,R060,Pizza Kitchen 60,Delhi NCR,Noida Sector 18,Pizza,3,1780.5,UPI,delivered,2026-08-10 16:37:21,15
OE002334,order_lifecycle,O00397,C0267,R002,South Indian Kitchen 02,Delhi NCR,Shastri Nagar,South Indian,3,582.09,Cash,placed,2026-08-06 12:03:41,14
OE002335,order_lifecycle,O00397,C0267,R002,South Indian Kitchen 02,Delhi NCR,Shastri Nagar,South Indian,3,582.09,Cash,accepted,2026-08-06 12:11:41,14
OE002336,order_lifecycle,O00397,C0267,R002,South Indian Kitchen 02,Delhi NCR,Shastri Nagar,South Indian,3,582.09,Cash,preparing,2026-08-06 12:18:41,14
OE002337,order_lifecycle,O00397,C0267,R002,South Indian Kitchen 02,Delhi NCR,Shastri Nagar,South Indian,3,582.09,Cash,picked_up,2026-08-06 12:20:41,14
OE002338,order_lifecycle,O00397,C0267,R002,South Indian Kitchen 02,Delhi NCR,Shastri Nagar,South Indian,3,582.09,Cash,out_for_delivery,2026-08-06 12:26:41,14
OE002339,order_lifecycle,O00397,C0267,R002,South Indian Kitchen 02,Delhi NCR,Shastri Nagar,South Indian,3,582.09,Cash,delivered,2026-08-06 12:38:41,14
OE002340,order_lifecycle,O00398,C0172,R042,South Indian Kitchen 42,Delhi NCR,Saket,South Indian,3,747.41,Cash,placed,2026-08-14 16:26:45,26
OE002341,order_lifecycle,O00398,C0172,R042,South Indian Kitchen 42,Delhi NCR,Saket,South Indian,3,747.41,Cash,accepted,2026-08-14 16:35:45,26
OE002342,order_lifecycle,O00398,C0172,R042,South Indian Kitchen 42,Delhi NCR,Saket,South Indian,3,747.41,Cash,preparing,2026-08-14 16:41:45,26
OE002343,order_lifecycle,O00398,C0172,R042,South Indian Kitchen 42,Delhi NCR,Saket,South Indian,3,747.41,Cash,picked_up,2026-08-14 16:47:45,26
OE002344,order_lifecycle,O00398,C0172,R042,South Indian Kitchen 42,Delhi NCR,Saket,South Indian,3,747.41,Cash,out_for_delivery,2026-08-14 16:50:45,26
OE002345,order_lifecycle,O00398,C0172,R042,South Indian Kitchen 42,Delhi NCR,Saket,South Indian,3,747.41,Cash,delivered,2026-08-14 16:59:45,26
OE002346,order_lifecycle,O00399,C0045,R008,Desserts Kitchen 08,Delhi NCR,Shastri Nagar,Desserts,5,745.82,UPI,placed,2026-08-12 10:47:51,21
OE002347,order_lifecycle,O00399,C0045,R008,Desserts Kitchen 08,Delhi NCR,Shastri Nagar,Desserts,5,745.82,UPI,accepted,2026-08-12 10:59:51,21
OE002348,order_lifecycle,O00399,C0045,R008,Desserts Kitchen 08,Delhi NCR,Shastri Nagar,Desserts,5,745.82,UPI,preparing,2026-08-12 11:08:51,21
OE002349,order_lifecycle,O00399,C0045,R008,Desserts Kitchen 08,Delhi NCR,Shastri Nagar,Desserts,5,745.82,UPI,picked_up,2026-08-12 11:20:51,21
OE002350,order_lifecycle,O00399,C0045,R008,Desserts Kitchen 08,Delhi NCR,Shastri Nagar,Desserts,5,745.82,UPI,out_for_delivery,2026-08-12 11:27:51,21
OE002351,order_lifecycle,O00399,C0045,R008,Desserts Kitchen 08,Delhi NCR,Shastri Nagar,Desserts,5,745.82,UPI,delivered,2026-08-12 11:39:51,21
OE002352,order_lifecycle,O00400,C0321,R034,South Indian Kitchen 34,Meerut,Connaught Place,South Indian,2,1168.73,Wallet,placed,2026-08-08 13:45:31,19
OE002353,order_lifecycle,O00400,C0321,R034,South Indian Kitchen 34,Meerut,Connaught Place,South Indian,2,1168.73,Wallet,accepted,2026-08-08 13:57:31,19
OE002354,order_lifecycle,O00400,C0321,R034,South Indian Kitchen 34,Meerut,Connaught Place,South Indian,2,1168.73,Wallet,preparing,2026-08-08 14:08:31,19
OE002355,order_lifecycle,O00400,C0321,R034,South Indian Kitchen 34,Meerut,Connaught Place,South Indian,2,1168.73,Wallet,picked_up,2026-08-08 14:10:31,19
OE002356,order_lifecycle,O00400,C0321,R034,South Indian Kitchen 34,Meerut,Connaught Place,South Indian,2,1168.73,Wallet,out_for_delivery,2026-08-08 14:19:31,19
OE002357,order_lifecycle,O00400,C0321,R034,South Indian Kitchen 34,Meerut,Connaught Place,South Indian,2,1168.73,Wallet,delivered,2026-08-08 14:23:31,19
OE002358,order_lifecycle,O00401,C0260,R048,Pizza Kitchen 48,Meerut,Ganga Nagar,Pizza,2,751.61,UPI,placed,2026-08-04 16:16:52,21
OE002359,order_lifecycle,O00401,C0260,R048,Pizza Kitchen 48,Meerut,Ganga Nagar,Pizza,2,751.61,UPI,accepted,2026-08-04 16:28:52,21
OE002360,order_lifecycle,O00401,C0260,R048,Pizza Kitchen 48,Meerut,Ganga Nagar,Pizza,2,751.61,UPI,preparing,2026-08-04 16:34:52,21
OE002361,order_lifecycle,O00401,C0260,R048,Pizza Kitchen 48,Meerut,Ganga Nagar,Pizza,2,751.61,UPI,picked_up,2026-08-04 16:40:52,21
OE002362,order_lifecycle,O00401,C0260,R048,Pizza Kitchen 48,Meerut,Ganga Nagar,Pizza,2,751.61,UPI,out_for_delivery,2026-08-04 16:44:52,21
OE002363,order_lifecycle,O00401,C0260,R048,Pizza Kitchen 48,Meerut,Ganga Nagar,Pizza,2,751.61,UPI,delivered,2026-08-04 16:47:52,21
OE002364,order_lifecycle,O00402,C0231,R041,North Indian Kitchen 41,Delhi NCR,Connaught Place,North Indian,4,680.4,Cash,placed,2026-08-13 17:23:31,22
OE002365,order_lifecycle,O00402,C0231,R041,North Indian Kitchen 41,Delhi NCR,Connaught Place,North Indian,4,680.4,Cash,accepted,2026-08-13 17:28:31,22
OE002366,order_lifecycle,O00402,C0231,R041,North Indian Kitchen 41,Delhi NCR,Connaught Place,North Indian,4,680.4,Cash,preparing,2026-08-13 17:33:31,22
OE002367,order_lifecycle,O00402,C0231,R041,North Indian Kitchen 41,Delhi NCR,Connaught Place,North Indian,4,680.4,Cash,picked_up,2026-08-13 17:44:31,22
OE002368,order_lifecycle,O00402,C0231,R041,North Indian Kitchen 41,Delhi NCR,Connaught Place,North Indian,4,680.4,Cash,out_for_delivery,2026-08-13 17:48:31,22
OE002369,order_lifecycle,O00402,C0231,R041,North Indian Kitchen 41,Delhi NCR,Connaught Place,North Indian,4,680.4,Cash,delivered,2026-08-13 17:50:31,22
OE002370,order_lifecycle,O00403,C0339,R011,Momos Kitchen 11,Meerut,Ganga Nagar,Momos,4,226.22,Card,placed,2026-08-10 12:13:06,23
OE002371,order_lifecycle,O00403,C0339,R011,Momos Kitchen 11,Meerut,Ganga Nagar,Momos,4,226.22,Card,accepted,2026-08-10 12:18:06,23
OE002372,order_lifecycle,O00403,C0339,R011,Momos Kitchen 11,Meerut,Ganga Nagar,Momos,4,226.22,Card,preparing,2026-08-10 12:20:06,23
OE002373,order_lifecycle,O00403,C0339,R011,Momos Kitchen 11,Meerut,Ganga Nagar,Momos,4,226.22,Card,picked_up,2026-08-10 12:29:06,23
OE002374,order_lifecycle,O00403,C0339,R011,Momos Kitchen 11,Meerut,Ganga Nagar,Momos,4,226.22,Card,out_for_delivery,2026-08-10 12:37:06,23
OE002375,order_lifecycle,O00403,C0339,R011,Momos Kitchen 11,Meerut,Ganga Nagar,Momos,4,226.22,Card,delivered,2026-08-10 12:41:06,23
OE002376,order_lifecycle,O00404,C0111,R047,Momos Kitchen 47,Delhi NCR,Shastri Nagar,Momos,3,741.73,Wallet,placed,2026-08-01 14:40:10,26
OE002377,order_lifecycle,O00404,C0111,R047,Momos Kitchen 47,Delhi NCR,Shastri Nagar,Momos,3,741.73,Wallet,accepted,2026-08-01 14:51:10,26
OE002378,order_lifecycle,O00404,C0111,R047,Momos Kitchen 47,Delhi NCR,Shastri Nagar,Momos,3,741.73,Wallet,preparing,2026-08-01 14:55:10,26
OE002379,order_lifecycle,O00404,C0111,R047,Momos Kitchen 47,Delhi NCR,Shastri Nagar,Momos,3,741.73,Wallet,picked_up,2026-08-01 15:05:10,26
OE002380,order_lifecycle,O00404,C0111,R047,Momos Kitchen 47,Delhi NCR,Shastri Nagar,Momos,3,741.73,Wallet,out_for_delivery,2026-08-01 15:11:10,26
OE002381,order_lifecycle,O00404,C0111,R047,Momos Kitchen 47,Delhi NCR,Shastri Nagar,Momos,3,741.73,Wallet,delivered,2026-08-01 15:18:10,26
OE002382,order_lifecycle,O00405,C0100,R017,Desserts Kitchen 17,Delhi NCR,Noida Sector 18,Desserts,5,566.28,Card,placed,2026-08-13 20:36:58,35
OE002383,order_lifecycle,O00405,C0100,R017,Desserts Kitchen 17,Delhi NCR,Noida Sector 18,Desserts,5,566.28,Card,accepted,2026-08-13 20:41:58,35
OE002384,order_lifecycle,O00405,C0100,R017,Desserts Kitchen 17,Delhi NCR,Noida Sector 18,Desserts,5,566.28,Card,preparing,2026-08-13 20:50:58,35
OE002385,order_lifecycle,O00405,C0100,R017,Desserts Kitchen 17,Delhi NCR,Noida Sector 18,Desserts,5,566.28,Card,picked_up,2026-08-13 21:01:58,35
OE002386,order_lifecycle,O00405,C0100,R017,Desserts Kitchen 17,Delhi NCR,Noida Sector 18,Desserts,5,566.28,Card,out_for_delivery,2026-08-13 21:10:58,35
OE002387,order_lifecycle,O00405,C0100,R017,Desserts Kitchen 17,Delhi NCR,Noida Sector 18,Desserts,5,566.28,Card,delivered,2026-08-13 21:12:58,35
OE002388,order_lifecycle,O00406,C0031,R033,Burgers Kitchen 33,Meerut,Ganga Nagar,Burgers,5,769.87,Wallet,placed,2026-08-04 20:00:20,19
OE002389,order_lifecycle,O00406,C0031,R033,Burgers Kitchen 33,Meerut,Ganga Nagar,Burgers,5,769.87,Wallet,accepted,2026-08-04 20:06:20,19
OE002390,order_lifecycle,O00406,C0031,R033,Burgers Kitchen 33,Meerut,Ganga Nagar,Burgers,5,769.87,Wallet,preparing,2026-08-04 20:13:20,19
OE002391,order_lifecycle,O00406,C0031,R033,Burgers Kitchen 33,Meerut,Ganga Nagar,Burgers,5,769.87,Wallet,picked_up,2026-08-04 20:22:20,19
OE002392,order_lifecycle,O00406,C0031,R033,Burgers Kitchen 33,Meerut,Ganga Nagar,Burgers,5,769.87,Wallet,out_for_delivery,2026-08-04 20:29:20,19
OE002393,order_lifecycle,O00406,C0031,R033,Burgers Kitchen 33,Meerut,Ganga Nagar,Burgers,5,769.87,Wallet,delivered,2026-08-04 20:40:20,19
OE002394,order_lifecycle,O00407,C0437,R001,South Indian Kitchen 01,Delhi NCR,Noida Sector 18,South Indian,4,240.45,UPI,placed,2026-08-05 13:09:18,16
OE002395,order_lifecycle,O00407,C0437,R001,South Indian Kitchen 01,Delhi NCR,Noida Sector 18,South Indian,4,240.45,UPI,accepted,2026-08-05 13:13:18,16
OE002396,order_lifecycle,O00407,C0437,R001,South Indian Kitchen 01,Delhi NCR,Noida Sector 18,South Indian,4,240.45,UPI,preparing,2026-08-05 13:22:18,16
OE002397,order_lifecycle,O00407,C0437,R001,South Indian Kitchen 01,Delhi NCR,Noida Sector 18,South Indian,4,240.45,UPI,picked_up,2026-08-05 13:34:18,16
OE002398,order_lifecycle,O00407,C0437,R001,South Indian Kitchen 01,Delhi NCR,Noida Sector 18,South Indian,4,240.45,UPI,out_for_delivery,2026-08-05 13:42:18,16
OE002399,order_lifecycle,O00407,C0437,R001,South Indian Kitchen 01,Delhi NCR,Noida Sector 18,South Indian,4,240.45,UPI,delivered,2026-08-05 13:52:18,16
OE002400,order_lifecycle,O00408,C0331,R038,Healthy Kitchen 38,Delhi NCR,Ganga Nagar,Healthy,3,1416.85,Cash,placed,2026-08-03 15:39:53,27
OE002401,order_lifecycle,O00408,C0331,R038,Healthy Kitchen 38,Delhi NCR,Ganga Nagar,Healthy,3,1416.85,Cash,accepted,2026-08-03 15:50:53,27
OE002402,order_lifecycle,O00408,C0331,R038,Healthy Kitchen 38,Delhi NCR,Ganga Nagar,Healthy,3,1416.85,Cash,preparing,2026-08-03 15:52:53,27
OE002403,order_lifecycle,O00408,C0331,R038,Healthy Kitchen 38,Delhi NCR,Ganga Nagar,Healthy,3,1416.85,Cash,picked_up,2026-08-03 16:02:53,27
OE002404,order_lifecycle,O00408,C0331,R038,Healthy Kitchen 38,Delhi NCR,Ganga Nagar,Healthy,3,1416.85,Cash,out_for_delivery,2026-08-03 16:04:53,27
OE002405,order_lifecycle,O00408,C0331,R038,Healthy Kitchen 38,Delhi NCR,Ganga Nagar,Healthy,3,1416.85,Cash,delivered,2026-08-03 16:08:53,27
OE002406,order_lifecycle,O00409,C0329,R057,North Indian Kitchen 57,Meerut,Rohini,North Indian,2,343.16,Wallet,placed,2026-08-12 12:35:52,18
OE002407,order_lifecycle,O00409,C0329,R057,North Indian Kitchen 57,Meerut,Rohini,North Indian,2,343.16,Wallet,accepted,2026-08-12 12:41:52,18
OE002408,order_lifecycle,O00409,C0329,R057,North Indian Kitchen 57,Meerut,Rohini,North Indian,2,343.16,Wallet,preparing,2026-08-12 12:46:52,18
OE002409,order_lifecycle,O00409,C0329,R057,North Indian Kitchen 57,Meerut,Rohini,North Indian,2,343.16,Wallet,picked_up,2026-08-12 12:51:52,18
OE002410,order_lifecycle,O00409,C0329,R057,North Indian Kitchen 57,Meerut,Rohini,North Indian,2,343.16,Wallet,out_for_delivery,2026-08-12 12:53:52,18
OE002411,order_lifecycle,O00409,C0329,R057,North Indian Kitchen 57,Meerut,Rohini,North Indian,2,343.16,Wallet,delivered,2026-08-12 13:05:52,18
OE002412,order_lifecycle,O00410,C0282,R008,Desserts Kitchen 08,Delhi NCR,Shastri Nagar,Desserts,4,567.21,UPI,placed,2026-08-04 19:02:13,21
OE002413,order_lifecycle,O00410,C0282,R008,Desserts Kitchen 08,Delhi NCR,Shastri Nagar,Desserts,4,567.21,UPI,accepted,2026-08-04 19:05:13,21
OE002414,order_lifecycle,O00410,C0282,R008,Desserts Kitchen 08,Delhi NCR,Shastri Nagar,Desserts,4,567.21,UPI,preparing,2026-08-04 19:16:13,21
OE002415,order_lifecycle,O00410,C0282,R008,Desserts Kitchen 08,Delhi NCR,Shastri Nagar,Desserts,4,567.21,UPI,picked_up,2026-08-04 19:23:13,21
OE002416,order_lifecycle,O00410,C0282,R008,Desserts Kitchen 08,Delhi NCR,Shastri Nagar,Desserts,4,567.21,UPI,out_for_delivery,2026-08-04 19:33:13,21
OE002417,order_lifecycle,O00410,C0282,R008,Desserts Kitchen 08,Delhi NCR,Shastri Nagar,Desserts,4,567.21,UPI,delivered,2026-08-04 19:37:13,21
OE002418,order_lifecycle,O00411,C0496,R046,Desserts Kitchen 46,Delhi NCR,Shastri Nagar,Desserts,2,1487.42,Card,placed,2026-08-03 11:02:24,17
OE002419,order_lifecycle,O00411,C0496,R046,Desserts Kitchen 46,Delhi NCR,Shastri Nagar,Desserts,2,1487.42,Card,accepted,2026-08-03 11:08:24,17
OE002420,order_lifecycle,O00411,C0496,R046,Desserts Kitchen 46,Delhi NCR,Shastri Nagar,Desserts,2,1487.42,Card,preparing,2026-08-03 11:20:24,17
OE002421,order_lifecycle,O00411,C0496,R046,Desserts Kitchen 46,Delhi NCR,Shastri Nagar,Desserts,2,1487.42,Card,picked_up,2026-08-03 11:25:24,17
OE002422,order_lifecycle,O00411,C0496,R046,Desserts Kitchen 46,Delhi NCR,Shastri Nagar,Desserts,2,1487.42,Card,out_for_delivery,2026-08-03 11:36:24,17
OE002423,order_lifecycle,O00411,C0496,R046,Desserts Kitchen 46,Delhi NCR,Shastri Nagar,Desserts,2,1487.42,Card,delivered,2026-08-03 11:42:24,17
OE002424,order_lifecycle,O00412,C0252,R033,Burgers Kitchen 33,Meerut,Ganga Nagar,Burgers,2,1571.77,UPI,placed,2026-08-10 14:50:42,19
OE002425,order_lifecycle,O00412,C0252,R033,Burgers Kitchen 33,Meerut,Ganga Nagar,Burgers,2,1571.77,UPI,accepted,2026-08-10 14:52:42,19
OE002426,order_lifecycle,O00412,C0252,R033,Burgers Kitchen 33,Meerut,Ganga Nagar,Burgers,2,1571.77,UPI,preparing,2026-08-10 14:54:42,19
OE002427,order_lifecycle,O00412,C0252,R033,Burgers Kitchen 33,Meerut,Ganga Nagar,Burgers,2,1571.77,UPI,picked_up,2026-08-10 15:05:42,19
OE002428,order_lifecycle,O00412,C0252,R033,Burgers Kitchen 33,Meerut,Ganga Nagar,Burgers,2,1571.77,UPI,out_for_delivery,2026-08-10 15:07:42,19
OE002429,order_lifecycle,O00412,C0252,R033,Burgers Kitchen 33,Meerut,Ganga Nagar,Burgers,2,1571.77,UPI,delivered,2026-08-10 15:09:42,19
OE002430,order_lifecycle,O00413,C0062,R037,South Indian Kitchen 37,Delhi NCR,Noida Sector 18,South Indian,2,1619.78,UPI,placed,2026-08-05 17:59:59,18
OE002431,order_lifecycle,O00413,C0062,R037,South Indian Kitchen 37,Delhi NCR,Noida Sector 18,South Indian,2,1619.78,UPI,accepted,2026-08-05 18:11:59,18
OE002432,order_lifecycle,O00413,C0062,R037,South Indian Kitchen 37,Delhi NCR,Noida Sector 18,South Indian,2,1619.78,UPI,preparing,2026-08-05 18:13:59,18
OE002433,order_lifecycle,O00413,C0062,R037,South Indian Kitchen 37,Delhi NCR,Noida Sector 18,South Indian,2,1619.78,UPI,picked_up,2026-08-05 18:22:59,18
OE002434,order_lifecycle,O00413,C0062,R037,South Indian Kitchen 37,Delhi NCR,Noida Sector 18,South Indian,2,1619.78,UPI,out_for_delivery,2026-08-05 18:26:59,18
OE002435,order_lifecycle,O00413,C0062,R037,South Indian Kitchen 37,Delhi NCR,Noida Sector 18,South Indian,2,1619.78,UPI,delivered,2026-08-05 18:28:59,18
OE002436,order_lifecycle,O00414,C0296,R003,Biryani Kitchen 03,Delhi NCR,Connaught Place,Biryani,2,1350.19,Cash,placed,2026-08-02 14:45:18,34
OE002437,order_lifecycle,O00414,C0296,R003,Biryani Kitchen 03,Delhi NCR,Connaught Place,Biryani,2,1350.19,Cash,accepted,2026-08-02 14:50:18,34
OE002438,order_lifecycle,O00414,C0296,R003,Biryani Kitchen 03,Delhi NCR,Connaught Place,Biryani,2,1350.19,Cash,preparing,2026-08-02 14:55:18,34
OE002439,order_lifecycle,O00414,C0296,R003,Biryani Kitchen 03,Delhi NCR,Connaught Place,Biryani,2,1350.19,Cash,cancelled,2026-08-02 15:04:18,34
OE002440,order_lifecycle,O00415,C0333,R006,Biryani Kitchen 06,Meerut,Rohini,Biryani,2,981.64,UPI,placed,2026-08-14 16:35:44,15
OE002441,order_lifecycle,O00415,C0333,R006,Biryani Kitchen 06,Meerut,Rohini,Biryani,2,981.64,UPI,accepted,2026-08-14 16:38:44,15
OE002442,order_lifecycle,O00415,C0333,R006,Biryani Kitchen 06,Meerut,Rohini,Biryani,2,981.64,UPI,preparing,2026-08-14 16:49:44,15
OE002443,order_lifecycle,O00415,C0333,R006,Biryani Kitchen 06,Meerut,Rohini,Biryani,2,981.64,UPI,picked_up,2026-08-14 16:56:44,15
OE002444,order_lifecycle,O00415,C0333,R006,Biryani Kitchen 06,Meerut,Rohini,Biryani,2,981.64,UPI,out_for_delivery,2026-08-14 17:05:44,15
OE002445,order_lifecycle,O00415,C0333,R006,Biryani Kitchen 06,Meerut,Rohini,Biryani,2,981.64,UPI,delivered,2026-08-14 17:14:44,15
OE002446,order_lifecycle,O00416,C0346,R040,Burgers Kitchen 40,Meerut,Shastri Nagar,Burgers,2,605.12,Cash,placed,2026-08-06 16:05:38,35
OE002447,order_lifecycle,O00416,C0346,R040,Burgers Kitchen 40,Meerut,Shastri Nagar,Burgers,2,605.12,Cash,accepted,2026-08-06 16:17:38,35
OE002448,order_lifecycle,O00416,C0346,R040,Burgers Kitchen 40,Meerut,Shastri Nagar,Burgers,2,605.12,Cash,preparing,2026-08-06 16:26:38,35
OE002449,order_lifecycle,O00416,C0346,R040,Burgers Kitchen 40,Meerut,Shastri Nagar,Burgers,2,605.12,Cash,picked_up,2026-08-06 16:35:38,35
OE002450,order_lifecycle,O00416,C0346,R040,Burgers Kitchen 40,Meerut,Shastri Nagar,Burgers,2,605.12,Cash,out_for_delivery,2026-08-06 16:45:38,35
OE002451,order_lifecycle,O00416,C0346,R040,Burgers Kitchen 40,Meerut,Shastri Nagar,Burgers,2,605.12,Cash,delivered,2026-08-06 16:57:38,35
OE002452,order_lifecycle,O00417,C0215,R009,Cafe Kitchen 09,Meerut,Saket,Cafe,3,1120.74,Card,placed,2026-08-09 10:33:06,13
OE002453,order_lifecycle,O00417,C0215,R009,Cafe Kitchen 09,Meerut,Saket,Cafe,3,1120.74,Card,accepted,2026-08-09 10:45:06,13
OE002454,order_lifecycle,O00417,C0215,R009,Cafe Kitchen 09,Meerut,Saket,Cafe,3,1120.74,Card,preparing,2026-08-09 10:52:06,13
OE002455,order_lifecycle,O00417,C0215,R009,Cafe Kitchen 09,Meerut,Saket,Cafe,3,1120.74,Card,picked_up,2026-08-09 11:01:06,13
OE002456,order_lifecycle,O00417,C0215,R009,Cafe Kitchen 09,Meerut,Saket,Cafe,3,1120.74,Card,out_for_delivery,2026-08-09 11:04:06,13
OE002457,order_lifecycle,O00417,C0215,R009,Cafe Kitchen 09,Meerut,Saket,Cafe,3,1120.74,Card,delivered,2026-08-09 11:11:06,13
OE002458,order_lifecycle,O00418,C0074,R007,Burgers Kitchen 07,Meerut,Noida Sector 18,Burgers,2,684.57,UPI,placed,2026-08-05 13:48:25,35
OE002459,order_lifecycle,O00418,C0074,R007,Burgers Kitchen 07,Meerut,Noida Sector 18,Burgers,2,684.57,UPI,accepted,2026-08-05 13:53:25,35
OE002460,order_lifecycle,O00418,C0074,R007,Burgers Kitchen 07,Meerut,Noida Sector 18,Burgers,2,684.57,UPI,preparing,2026-08-05 13:55:25,35
OE002461,order_lifecycle,O00418,C0074,R007,Burgers Kitchen 07,Meerut,Noida Sector 18,Burgers,2,684.57,UPI,picked_up,2026-08-05 13:57:25,35
OE002462,order_lifecycle,O00418,C0074,R007,Burgers Kitchen 07,Meerut,Noida Sector 18,Burgers,2,684.57,UPI,out_for_delivery,2026-08-05 13:59:25,35
OE002463,order_lifecycle,O00418,C0074,R007,Burgers Kitchen 07,Meerut,Noida Sector 18,Burgers,2,684.57,UPI,delivered,2026-08-05 14:05:25,35
OE002464,order_lifecycle,O00419,C0304,R006,Biryani Kitchen 06,Meerut,Rohini,Biryani,3,762.4,Wallet,placed,2026-08-08 10:31:20,15
OE002465,order_lifecycle,O00419,C0304,R006,Biryani Kitchen 06,Meerut,Rohini,Biryani,3,762.4,Wallet,accepted,2026-08-08 10:39:20,15
OE002466,order_lifecycle,O00419,C0304,R006,Biryani Kitchen 06,Meerut,Rohini,Biryani,3,762.4,Wallet,preparing,2026-08-08 10:49:20,15
OE002467,order_lifecycle,O00419,C0304,R006,Biryani Kitchen 06,Meerut,Rohini,Biryani,3,762.4,Wallet,picked_up,2026-08-08 10:52:20,15
OE002468,order_lifecycle,O00419,C0304,R006,Biryani Kitchen 06,Meerut,Rohini,Biryani,3,762.4,Wallet,out_for_delivery,2026-08-08 11:00:20,15
OE002469,order_lifecycle,O00419,C0304,R006,Biryani Kitchen 06,Meerut,Rohini,Biryani,3,762.4,Wallet,delivered,2026-08-08 11:11:20,15
OE002470,order_lifecycle,O00420,C0324,R009,Cafe Kitchen 09,Meerut,Saket,Cafe,4,1165.77,UPI,placed,2026-08-07 21:21:15,13
OE002471,order_lifecycle,O00420,C0324,R009,Cafe Kitchen 09,Meerut,Saket,Cafe,4,1165.77,UPI,accepted,2026-08-07 21:31:15,13
OE002472,order_lifecycle,O00420,C0324,R009,Cafe Kitchen 09,Meerut,Saket,Cafe,4,1165.77,UPI,preparing,2026-08-07 21:40:15,13
OE002473,order_lifecycle,O00420,C0324,R009,Cafe Kitchen 09,Meerut,Saket,Cafe,4,1165.77,UPI,picked_up,2026-08-07 21:45:15,13
OE002474,order_lifecycle,O00420,C0324,R009,Cafe Kitchen 09,Meerut,Saket,Cafe,4,1165.77,UPI,out_for_delivery,2026-08-07 21:56:15,13
OE002475,order_lifecycle,O00420,C0324,R009,Cafe Kitchen 09,Meerut,Saket,Cafe,4,1165.77,UPI,delivered,2026-08-07 22:04:15,13
OE002476,order_lifecycle,O00421,C0025,R030,Chinese Kitchen 30,Delhi NCR,Ganga Nagar,Chinese,4,478.27,Cash,placed,2026-08-02 21:33:31,17
OE002477,order_lifecycle,O00421,C0025,R030,Chinese Kitchen 30,Delhi NCR,Ganga Nagar,Chinese,4,478.27,Cash,accepted,2026-08-02 21:35:31,17
OE002478,order_lifecycle,O00421,C0025,R030,Chinese Kitchen 30,Delhi NCR,Ganga Nagar,Chinese,4,478.27,Cash,preparing,2026-08-02 21:41:31,17
OE002479,order_lifecycle,O00421,C0025,R030,Chinese Kitchen 30,Delhi NCR,Ganga Nagar,Chinese,4,478.27,Cash,picked_up,2026-08-02 21:52:31,17
OE002480,order_lifecycle,O00421,C0025,R030,Chinese Kitchen 30,Delhi NCR,Ganga Nagar,Chinese,4,478.27,Cash,out_for_delivery,2026-08-02 21:59:31,17
OE002481,order_lifecycle,O00421,C0025,R030,Chinese Kitchen 30,Delhi NCR,Ganga Nagar,Chinese,4,478.27,Cash,delivered,2026-08-02 22:07:31,17
OE002482,order_lifecycle,O00422,C0060,R009,Cafe Kitchen 09,Meerut,Saket,Cafe,4,1100.43,Wallet,placed,2026-08-03 12:47:38,13
OE002483,order_lifecycle,O00422,C0060,R009,Cafe Kitchen 09,Meerut,Saket,Cafe,4,1100.43,Wallet,accepted,2026-08-03 12:55:38,13
OE002484,order_lifecycle,O00422,C0060,R009,Cafe Kitchen 09,Meerut,Saket,Cafe,4,1100.43,Wallet,preparing,2026-08-03 12:57:38,13
OE002485,order_lifecycle,O00422,C0060,R009,Cafe Kitchen 09,Meerut,Saket,Cafe,4,1100.43,Wallet,picked_up,2026-08-03 13:07:38,13
OE002486,order_lifecycle,O00422,C0060,R009,Cafe Kitchen 09,Meerut,Saket,Cafe,4,1100.43,Wallet,out_for_delivery,2026-08-03 13:14:38,13
OE002487,order_lifecycle,O00422,C0060,R009,Cafe Kitchen 09,Meerut,Saket,Cafe,4,1100.43,Wallet,delivered,2026-08-03 13:26:38,13
OE002488,order_lifecycle,O00423,C0280,R042,South Indian Kitchen 42,Delhi NCR,Saket,South Indian,5,1250.02,Wallet,placed,2026-08-05 17:04:50,26
OE002489,order_lifecycle,O00423,C0280,R042,South Indian Kitchen 42,Delhi NCR,Saket,South Indian,5,1250.02,Wallet,accepted,2026-08-05 17:06:50,26
OE002490,order_lifecycle,O00423,C0280,R042,South Indian Kitchen 42,Delhi NCR,Saket,South Indian,5,1250.02,Wallet,preparing,2026-08-05 17:11:50,26
OE002491,order_lifecycle,O00423,C0280,R042,South Indian Kitchen 42,Delhi NCR,Saket,South Indian,5,1250.02,Wallet,picked_up,2026-08-05 17:16:50,26
OE002492,order_lifecycle,O00423,C0280,R042,South Indian Kitchen 42,Delhi NCR,Saket,South Indian,5,1250.02,Wallet,out_for_delivery,2026-08-05 17:20:50,26
OE002493,order_lifecycle,O00423,C0280,R042,South Indian Kitchen 42,Delhi NCR,Saket,South Indian,5,1250.02,Wallet,delivered,2026-08-05 17:26:50,26
OE002494,order_lifecycle,O00424,C0411,R026,Healthy Kitchen 26,Delhi NCR,Dwarka,Healthy,2,542.6,Wallet,placed,2026-08-11 17:30:30,17
OE002495,order_lifecycle,O00424,C0411,R026,Healthy Kitchen 26,Delhi NCR,Dwarka,Healthy,2,542.6,Wallet,accepted,2026-08-11 17:42:30,17
OE002496,order_lifecycle,O00424,C0411,R026,Healthy Kitchen 26,Delhi NCR,Dwarka,Healthy,2,542.6,Wallet,preparing,2026-08-11 17:52:30,17
OE002497,order_lifecycle,O00424,C0411,R026,Healthy Kitchen 26,Delhi NCR,Dwarka,Healthy,2,542.6,Wallet,picked_up,2026-08-11 17:55:30,17
OE002498,order_lifecycle,O00424,C0411,R026,Healthy Kitchen 26,Delhi NCR,Dwarka,Healthy,2,542.6,Wallet,out_for_delivery,2026-08-11 17:59:30,17
OE002499,order_lifecycle,O00424,C0411,R026,Healthy Kitchen 26,Delhi NCR,Dwarka,Healthy,2,542.6,Wallet,delivered,2026-08-11 18:11:30,17
OE002500,order_lifecycle,O00425,C0222,R006,Biryani Kitchen 06,Meerut,Rohini,Biryani,3,1274.65,Wallet,placed,2026-08-13 16:01:12,15
OE002501,order_lifecycle,O00425,C0222,R006,Biryani Kitchen 06,Meerut,Rohini,Biryani,3,1274.65,Wallet,accepted,2026-08-13 16:06:12,15
OE002502,order_lifecycle,O00425,C0222,R006,Biryani Kitchen 06,Meerut,Rohini,Biryani,3,1274.65,Wallet,preparing,2026-08-13 16:10:12,15
OE002503,order_lifecycle,O00425,C0222,R006,Biryani Kitchen 06,Meerut,Rohini,Biryani,3,1274.65,Wallet,picked_up,2026-08-13 16:19:12,15
OE002504,order_lifecycle,O00425,C0222,R006,Biryani Kitchen 06,Meerut,Rohini,Biryani,3,1274.65,Wallet,out_for_delivery,2026-08-13 16:30:12,15
OE002505,order_lifecycle,O00425,C0222,R006,Biryani Kitchen 06,Meerut,Rohini,Biryani,3,1274.65,Wallet,delivered,2026-08-13 16:40:12,15
OE002506,order_lifecycle,O00426,C0470,R023,Healthy Kitchen 23,Meerut,Gurugram Cyber City,Healthy,4,1670.92,Wallet,placed,2026-08-14 18:38:20,25
OE002507,order_lifecycle,O00426,C0470,R023,Healthy Kitchen 23,Meerut,Gurugram Cyber City,Healthy,4,1670.92,Wallet,accepted,2026-08-14 18:49:20,25
OE002508,order_lifecycle,O00426,C0470,R023,Healthy Kitchen 23,Meerut,Gurugram Cyber City,Healthy,4,1670.92,Wallet,preparing,2026-08-14 18:59:20,25
OE002509,order_lifecycle,O00426,C0470,R023,Healthy Kitchen 23,Meerut,Gurugram Cyber City,Healthy,4,1670.92,Wallet,picked_up,2026-08-14 19:11:20,25
OE002510,order_lifecycle,O00426,C0470,R023,Healthy Kitchen 23,Meerut,Gurugram Cyber City,Healthy,4,1670.92,Wallet,out_for_delivery,2026-08-14 19:22:20,25
OE002511,order_lifecycle,O00426,C0470,R023,Healthy Kitchen 23,Meerut,Gurugram Cyber City,Healthy,4,1670.92,Wallet,delivered,2026-08-14 19:33:20,25
OE002512,order_lifecycle,O00427,C0099,R058,Healthy Kitchen 58,Meerut,Dwarka,Healthy,4,622.26,Card,placed,2026-08-09 20:26:17,14
OE002513,order_lifecycle,O00427,C0099,R058,Healthy Kitchen 58,Meerut,Dwarka,Healthy,4,622.26,Card,accepted,2026-08-09 20:30:17,14
OE002514,order_lifecycle,O00427,C0099,R058,Healthy Kitchen 58,Meerut,Dwarka,Healthy,4,622.26,Card,preparing,2026-08-09 20:36:17,14
OE002515,order_lifecycle,O00427,C0099,R058,Healthy Kitchen 58,Meerut,Dwarka,Healthy,4,622.26,Card,picked_up,2026-08-09 20:41:17,14
OE002516,order_lifecycle,O00427,C0099,R058,Healthy Kitchen 58,Meerut,Dwarka,Healthy,4,622.26,Card,out_for_delivery,2026-08-09 20:53:17,14
OE002517,order_lifecycle,O00427,C0099,R058,Healthy Kitchen 58,Meerut,Dwarka,Healthy,4,622.26,Card,delivered,2026-08-09 21:05:17,14
OE002518,order_lifecycle,O00428,C0201,R033,Burgers Kitchen 33,Meerut,Ganga Nagar,Burgers,3,746.24,UPI,placed,2026-08-05 19:29:34,19
OE002519,order_lifecycle,O00428,C0201,R033,Burgers Kitchen 33,Meerut,Ganga Nagar,Burgers,3,746.24,UPI,accepted,2026-08-05 19:37:34,19
OE002520,order_lifecycle,O00428,C0201,R033,Burgers Kitchen 33,Meerut,Ganga Nagar,Burgers,3,746.24,UPI,preparing,2026-08-05 19:47:34,19
OE002521,order_lifecycle,O00428,C0201,R033,Burgers Kitchen 33,Meerut,Ganga Nagar,Burgers,3,746.24,UPI,picked_up,2026-08-05 19:55:34,19
OE002522,order_lifecycle,O00428,C0201,R033,Burgers Kitchen 33,Meerut,Ganga Nagar,Burgers,3,746.24,UPI,out_for_delivery,2026-08-05 19:57:34,19
OE002523,order_lifecycle,O00428,C0201,R033,Burgers Kitchen 33,Meerut,Ganga Nagar,Burgers,3,746.24,UPI,delivered,2026-08-05 20:00:34,19
OE002524,order_lifecycle,O00429,C0028,R006,Biryani Kitchen 06,Meerut,Rohini,Biryani,1,629.46,Wallet,placed,2026-08-05 11:35:34,15
OE002525,order_lifecycle,O00429,C0028,R006,Biryani Kitchen 06,Meerut,Rohini,Biryani,1,629.46,Wallet,accepted,2026-08-05 11:47:34,15
OE002526,order_lifecycle,O00429,C0028,R006,Biryani Kitchen 06,Meerut,Rohini,Biryani,1,629.46,Wallet,preparing,2026-08-05 11:58:34,15
OE002527,order_lifecycle,O00429,C0028,R006,Biryani Kitchen 06,Meerut,Rohini,Biryani,1,629.46,Wallet,picked_up,2026-08-05 12:00:34,15
OE002528,order_lifecycle,O00429,C0028,R006,Biryani Kitchen 06,Meerut,Rohini,Biryani,1,629.46,Wallet,out_for_delivery,2026-08-05 12:02:34,15
OE002529,order_lifecycle,O00429,C0028,R006,Biryani Kitchen 06,Meerut,Rohini,Biryani,1,629.46,Wallet,delivered,2026-08-05 12:05:34,15
OE002530,order_lifecycle,O00430,C0495,R058,Healthy Kitchen 58,Meerut,Dwarka,Healthy,1,1727.16,Cash,placed,2026-08-04 18:39:01,14
OE002531,order_lifecycle,O00430,C0495,R058,Healthy Kitchen 58,Meerut,Dwarka,Healthy,1,1727.16,Cash,accepted,2026-08-04 18:42:01,14
OE002532,order_lifecycle,O00430,C0495,R058,Healthy Kitchen 58,Meerut,Dwarka,Healthy,1,1727.16,Cash,preparing,2026-08-04 18:45:01,14
OE002533,order_lifecycle,O00430,C0495,R058,Healthy Kitchen 58,Meerut,Dwarka,Healthy,1,1727.16,Cash,picked_up,2026-08-04 18:50:01,14
OE002534,order_lifecycle,O00430,C0495,R058,Healthy Kitchen 58,Meerut,Dwarka,Healthy,1,1727.16,Cash,out_for_delivery,2026-08-04 18:58:01,14
OE002535,order_lifecycle,O00430,C0495,R058,Healthy Kitchen 58,Meerut,Dwarka,Healthy,1,1727.16,Cash,delivered,2026-08-04 19:03:01,14
OE002536,order_lifecycle,O00431,C0197,R045,North Indian Kitchen 45,Delhi NCR,Saket,North Indian,4,1277.3,Cash,placed,2026-08-09 14:13:56,27
OE002537,order_lifecycle,O00431,C0197,R045,North Indian Kitchen 45,Delhi NCR,Saket,North Indian,4,1277.3,Cash,accepted,2026-08-09 14:22:56,27
OE002538,order_lifecycle,O00431,C0197,R045,North Indian Kitchen 45,Delhi NCR,Saket,North Indian,4,1277.3,Cash,preparing,2026-08-09 14:32:56,27
OE002539,order_lifecycle,O00431,C0197,R045,North Indian Kitchen 45,Delhi NCR,Saket,North Indian,4,1277.3,Cash,picked_up,2026-08-09 14:43:56,27
OE002540,order_lifecycle,O00431,C0197,R045,North Indian Kitchen 45,Delhi NCR,Saket,North Indian,4,1277.3,Cash,out_for_delivery,2026-08-09 14:51:56,27
OE002541,order_lifecycle,O00431,C0197,R045,North Indian Kitchen 45,Delhi NCR,Saket,North Indian,4,1277.3,Cash,delivered,2026-08-09 15:00:56,27
OE002542,order_lifecycle,O00432,C0366,R057,North Indian Kitchen 57,Meerut,Rohini,North Indian,4,809.55,Wallet,placed,2026-08-07 19:22:23,18
OE002543,order_lifecycle,O00432,C0366,R057,North Indian Kitchen 57,Meerut,Rohini,North Indian,4,809.55,Wallet,accepted,2026-08-07 19:30:23,18
OE002544,order_lifecycle,O00432,C0366,R057,North Indian Kitchen 57,Meerut,Rohini,North Indian,4,809.55,Wallet,preparing,2026-08-07 19:33:23,18
OE002545,order_lifecycle,O00432,C0366,R057,North Indian Kitchen 57,Meerut,Rohini,North Indian,4,809.55,Wallet,picked_up,2026-08-07 19:41:23,18
OE002546,order_lifecycle,O00432,C0366,R057,North Indian Kitchen 57,Meerut,Rohini,North Indian,4,809.55,Wallet,out_for_delivery,2026-08-07 19:47:23,18
OE002547,order_lifecycle,O00432,C0366,R057,North Indian Kitchen 57,Meerut,Rohini,North Indian,4,809.55,Wallet,delivered,2026-08-07 19:54:23,18
OE002548,order_lifecycle,O00433,C0082,R013,South Indian Kitchen 13,Delhi NCR,Saket,South Indian,3,326.81,Wallet,placed,2026-08-12 18:03:16,24
OE002549,order_lifecycle,O00433,C0082,R013,South Indian Kitchen 13,Delhi NCR,Saket,South Indian,3,326.81,Wallet,accepted,2026-08-12 18:07:16,24
OE002550,order_lifecycle,O00433,C0082,R013,South Indian Kitchen 13,Delhi NCR,Saket,South Indian,3,326.81,Wallet,preparing,2026-08-12 18:15:16,24
OE002551,order_lifecycle,O00433,C0082,R013,South Indian Kitchen 13,Delhi NCR,Saket,South Indian,3,326.81,Wallet,picked_up,2026-08-12 18:21:16,24
OE002552,order_lifecycle,O00433,C0082,R013,South Indian Kitchen 13,Delhi NCR,Saket,South Indian,3,326.81,Wallet,out_for_delivery,2026-08-12 18:25:16,24
OE002553,order_lifecycle,O00433,C0082,R013,South Indian Kitchen 13,Delhi NCR,Saket,South Indian,3,326.81,Wallet,delivered,2026-08-12 18:30:16,24
OE002554,order_lifecycle,O00434,C0086,R016,Biryani Kitchen 16,Meerut,Saket,Biryani,1,323.28,Cash,placed,2026-08-13 13:38:45,24
OE002555,order_lifecycle,O00434,C0086,R016,Biryani Kitchen 16,Meerut,Saket,Biryani,1,323.28,Cash,accepted,2026-08-13 13:42:45,24
OE002556,order_lifecycle,O00434,C0086,R016,Biryani Kitchen 16,Meerut,Saket,Biryani,1,323.28,Cash,preparing,2026-08-13 13:52:45,24
OE002557,order_lifecycle,O00434,C0086,R016,Biryani Kitchen 16,Meerut,Saket,Biryani,1,323.28,Cash,picked_up,2026-08-13 13:55:45,24
OE002558,order_lifecycle,O00434,C0086,R016,Biryani Kitchen 16,Meerut,Saket,Biryani,1,323.28,Cash,out_for_delivery,2026-08-13 14:04:45,24
OE002559,order_lifecycle,O00434,C0086,R016,Biryani Kitchen 16,Meerut,Saket,Biryani,1,323.28,Cash,delivered,2026-08-13 14:14:45,24
OE002560,order_lifecycle,O00435,C0434,R010,Biryani Kitchen 10,Meerut,Rohini,Biryani,3,1118.18,Wallet,placed,2026-08-14 19:53:23,15
OE002561,order_lifecycle,O00435,C0434,R010,Biryani Kitchen 10,Meerut,Rohini,Biryani,3,1118.18,Wallet,accepted,2026-08-14 19:57:23,15
OE002562,order_lifecycle,O00435,C0434,R010,Biryani Kitchen 10,Meerut,Rohini,Biryani,3,1118.18,Wallet,preparing,2026-08-14 20:00:23,15
OE002563,order_lifecycle,O00435,C0434,R010,Biryani Kitchen 10,Meerut,Rohini,Biryani,3,1118.18,Wallet,picked_up,2026-08-14 20:05:23,15
OE002564,order_lifecycle,O00435,C0434,R010,Biryani Kitchen 10,Meerut,Rohini,Biryani,3,1118.18,Wallet,out_for_delivery,2026-08-14 20:09:23,15
OE002565,order_lifecycle,O00435,C0434,R010,Biryani Kitchen 10,Meerut,Rohini,Biryani,3,1118.18,Wallet,delivered,2026-08-14 20:21:23,15
OE002566,order_lifecycle,O00436,C0384,R046,Desserts Kitchen 46,Delhi NCR,Shastri Nagar,Desserts,4,467.03,Card,placed,2026-08-05 18:59:26,17
OE002567,order_lifecycle,O00436,C0384,R046,Desserts Kitchen 46,Delhi NCR,Shastri Nagar,Desserts,4,467.03,Card,accepted,2026-08-05 19:04:26,17
OE002568,order_lifecycle,O00436,C0384,R046,Desserts Kitchen 46,Delhi NCR,Shastri Nagar,Desserts,4,467.03,Card,preparing,2026-08-05 19:07:26,17
OE002569,order_lifecycle,O00436,C0384,R046,Desserts Kitchen 46,Delhi NCR,Shastri Nagar,Desserts,4,467.03,Card,picked_up,2026-08-05 19:18:26,17
OE002570,order_lifecycle,O00436,C0384,R046,Desserts Kitchen 46,Delhi NCR,Shastri Nagar,Desserts,4,467.03,Card,out_for_delivery,2026-08-05 19:25:26,17
OE002571,order_lifecycle,O00436,C0384,R046,Desserts Kitchen 46,Delhi NCR,Shastri Nagar,Desserts,4,467.03,Card,delivered,2026-08-05 19:31:26,17
OE002572,order_lifecycle,O00437,C0384,R017,Desserts Kitchen 17,Delhi NCR,Noida Sector 18,Desserts,2,427.7,Wallet,placed,2026-08-13 14:25:15,35
OE002573,order_lifecycle,O00437,C0384,R017,Desserts Kitchen 17,Delhi NCR,Noida Sector 18,Desserts,2,427.7,Wallet,accepted,2026-08-13 14:33:15,35
OE002574,order_lifecycle,O00437,C0384,R017,Desserts Kitchen 17,Delhi NCR,Noida Sector 18,Desserts,2,427.7,Wallet,preparing,2026-08-13 14:42:15,35
OE002575,order_lifecycle,O00437,C0384,R017,Desserts Kitchen 17,Delhi NCR,Noida Sector 18,Desserts,2,427.7,Wallet,picked_up,2026-08-13 14:51:15,35
OE002576,order_lifecycle,O00437,C0384,R017,Desserts Kitchen 17,Delhi NCR,Noida Sector 18,Desserts,2,427.7,Wallet,out_for_delivery,2026-08-13 14:58:15,35
OE002577,order_lifecycle,O00437,C0384,R017,Desserts Kitchen 17,Delhi NCR,Noida Sector 18,Desserts,2,427.7,Wallet,delivered,2026-08-13 15:03:15,35
OE002578,order_lifecycle,O00438,C0263,R055,Burgers Kitchen 55,Delhi NCR,Noida Sector 18,Burgers,3,730.32,Card,placed,2026-08-14 17:04:22,33
OE002579,order_lifecycle,O00438,C0263,R055,Burgers Kitchen 55,Delhi NCR,Noida Sector 18,Burgers,3,730.32,Card,cancelled,2026-08-14 17:08:22,33
OE002580,order_lifecycle,O00439,C0288,R018,Healthy Kitchen 18,Meerut,Shastri Nagar,Healthy,1,1033.75,Wallet,placed,2026-08-01 18:13:40,24
OE002581,order_lifecycle,O00439,C0288,R018,Healthy Kitchen 18,Meerut,Shastri Nagar,Healthy,1,1033.75,Wallet,accepted,2026-08-01 18:24:40,24
OE002582,order_lifecycle,O00439,C0288,R018,Healthy Kitchen 18,Meerut,Shastri Nagar,Healthy,1,1033.75,Wallet,preparing,2026-08-01 18:33:40,24
OE002583,order_lifecycle,O00439,C0288,R018,Healthy Kitchen 18,Meerut,Shastri Nagar,Healthy,1,1033.75,Wallet,picked_up,2026-08-01 18:40:40,24
OE002584,order_lifecycle,O00439,C0288,R018,Healthy Kitchen 18,Meerut,Shastri Nagar,Healthy,1,1033.75,Wallet,out_for_delivery,2026-08-01 18:51:40,24
OE002585,order_lifecycle,O00439,C0288,R018,Healthy Kitchen 18,Meerut,Shastri Nagar,Healthy,1,1033.75,Wallet,delivered,2026-08-01 18:58:40,24
OE002586,order_lifecycle,O00440,C0074,R010,Biryani Kitchen 10,Meerut,Rohini,Biryani,2,641.22,UPI,placed,2026-08-04 11:39:24,15
OE002587,order_lifecycle,O00440,C0074,R010,Biryani Kitchen 10,Meerut,Rohini,Biryani,2,641.22,UPI,cancelled,2026-08-04 11:43:24,15
OE002588,order_lifecycle,O00441,C0292,R012,Chinese Kitchen 12,Meerut,Gurugram Cyber City,Chinese,2,1109.1,UPI,placed,2026-08-13 12:27:35,20
OE002589,order_lifecycle,O00441,C0292,R012,Chinese Kitchen 12,Meerut,Gurugram Cyber City,Chinese,2,1109.1,UPI,accepted,2026-08-13 12:31:35,20
OE002590,order_lifecycle,O00441,C0292,R012,Chinese Kitchen 12,Meerut,Gurugram Cyber City,Chinese,2,1109.1,UPI,preparing,2026-08-13 12:33:35,20
OE002591,order_lifecycle,O00441,C0292,R012,Chinese Kitchen 12,Meerut,Gurugram Cyber City,Chinese,2,1109.1,UPI,picked_up,2026-08-13 12:39:35,20
OE002592,order_lifecycle,O00441,C0292,R012,Chinese Kitchen 12,Meerut,Gurugram Cyber City,Chinese,2,1109.1,UPI,out_for_delivery,2026-08-13 12:48:35,20
OE002593,order_lifecycle,O00441,C0292,R012,Chinese Kitchen 12,Meerut,Gurugram Cyber City,Chinese,2,1109.1,UPI,delivered,2026-08-13 12:51:35,20
OE002594,order_lifecycle,O00442,C0286,R040,Burgers Kitchen 40,Meerut,Shastri Nagar,Burgers,5,1042.73,Cash,placed,2026-08-06 20:42:20,35
OE002595,order_lifecycle,O00442,C0286,R040,Burgers Kitchen 40,Meerut,Shastri Nagar,Burgers,5,1042.73,Cash,accepted,2026-08-06 20:47:20,35
OE002596,order_lifecycle,O00442,C0286,R040,Burgers Kitchen 40,Meerut,Shastri Nagar,Burgers,5,1042.73,Cash,preparing,2026-08-06 20:52:20,35
OE002597,order_lifecycle,O00442,C0286,R040,Burgers Kitchen 40,Meerut,Shastri Nagar,Burgers,5,1042.73,Cash,picked_up,2026-08-06 20:54:20,35
OE002598,order_lifecycle,O00442,C0286,R040,Burgers Kitchen 40,Meerut,Shastri Nagar,Burgers,5,1042.73,Cash,out_for_delivery,2026-08-06 21:02:20,35
OE002599,order_lifecycle,O00442,C0286,R040,Burgers Kitchen 40,Meerut,Shastri Nagar,Burgers,5,1042.73,Cash,delivered,2026-08-06 21:11:20,35
OE002600,order_lifecycle,O00443,C0381,R028,Burgers Kitchen 28,Meerut,Saket,Burgers,5,587.99,Wallet,placed,2026-08-10 15:19:05,30
OE002601,order_lifecycle,O00443,C0381,R028,Burgers Kitchen 28,Meerut,Saket,Burgers,5,587.99,Wallet,accepted,2026-08-10 15:31:05,30
OE002602,order_lifecycle,O00443,C0381,R028,Burgers Kitchen 28,Meerut,Saket,Burgers,5,587.99,Wallet,preparing,2026-08-10 15:34:05,30
OE002603,order_lifecycle,O00443,C0381,R028,Burgers Kitchen 28,Meerut,Saket,Burgers,5,587.99,Wallet,picked_up,2026-08-10 15:41:05,30
OE002604,order_lifecycle,O00443,C0381,R028,Burgers Kitchen 28,Meerut,Saket,Burgers,5,587.99,Wallet,out_for_delivery,2026-08-10 15:43:05,30
OE002605,order_lifecycle,O00443,C0381,R028,Burgers Kitchen 28,Meerut,Saket,Burgers,5,587.99,Wallet,delivered,2026-08-10 15:51:05,30
OE002606,order_lifecycle,O00444,C0082,R038,Healthy Kitchen 38,Delhi NCR,Ganga Nagar,Healthy,1,331.7,Card,placed,2026-08-07 11:06:05,27
OE002607,order_lifecycle,O00444,C0082,R038,Healthy Kitchen 38,Delhi NCR,Ganga Nagar,Healthy,1,331.7,Card,accepted,2026-08-07 11:15:05,27
OE002608,order_lifecycle,O00444,C0082,R038,Healthy Kitchen 38,Delhi NCR,Ganga Nagar,Healthy,1,331.7,Card,preparing,2026-08-07 11:18:05,27
OE002609,order_lifecycle,O00444,C0082,R038,Healthy Kitchen 38,Delhi NCR,Ganga Nagar,Healthy,1,331.7,Card,picked_up,2026-08-07 11:30:05,27
OE002610,order_lifecycle,O00444,C0082,R038,Healthy Kitchen 38,Delhi NCR,Ganga Nagar,Healthy,1,331.7,Card,out_for_delivery,2026-08-07 11:34:05,27
OE002611,order_lifecycle,O00444,C0082,R038,Healthy Kitchen 38,Delhi NCR,Ganga Nagar,Healthy,1,331.7,Card,delivered,2026-08-07 11:36:05,27
OE002612,order_lifecycle,O00445,C0473,R012,Chinese Kitchen 12,Meerut,Gurugram Cyber City,Chinese,5,1149.39,UPI,placed,2026-08-07 17:06:17,20
OE002613,order_lifecycle,O00445,C0473,R012,Chinese Kitchen 12,Meerut,Gurugram Cyber City,Chinese,5,1149.39,UPI,accepted,2026-08-07 17:12:17,20
OE002614,order_lifecycle,O00445,C0473,R012,Chinese Kitchen 12,Meerut,Gurugram Cyber City,Chinese,5,1149.39,UPI,preparing,2026-08-07 17:16:17,20
OE002615,order_lifecycle,O00445,C0473,R012,Chinese Kitchen 12,Meerut,Gurugram Cyber City,Chinese,5,1149.39,UPI,picked_up,2026-08-07 17:19:17,20
OE002616,order_lifecycle,O00445,C0473,R012,Chinese Kitchen 12,Meerut,Gurugram Cyber City,Chinese,5,1149.39,UPI,out_for_delivery,2026-08-07 17:28:17,20
OE002617,order_lifecycle,O00445,C0473,R012,Chinese Kitchen 12,Meerut,Gurugram Cyber City,Chinese,5,1149.39,UPI,delivered,2026-08-07 17:39:17,20
OE002618,order_lifecycle,O00446,C0434,R022,Healthy Kitchen 22,Meerut,Connaught Place,Healthy,2,437.95,UPI,placed,2026-08-06 13:15:29,15
OE002619,order_lifecycle,O00446,C0434,R022,Healthy Kitchen 22,Meerut,Connaught Place,Healthy,2,437.95,UPI,cancelled,2026-08-06 13:19:29,15
OE002620,order_lifecycle,O00447,C0230,R017,Desserts Kitchen 17,Delhi NCR,Noida Sector 18,Desserts,3,732.37,Card,placed,2026-08-12 11:18:49,35
OE002621,order_lifecycle,O00447,C0230,R017,Desserts Kitchen 17,Delhi NCR,Noida Sector 18,Desserts,3,732.37,Card,accepted,2026-08-12 11:26:49,35
OE002622,order_lifecycle,O00447,C0230,R017,Desserts Kitchen 17,Delhi NCR,Noida Sector 18,Desserts,3,732.37,Card,preparing,2026-08-12 11:34:49,35
OE002623,order_lifecycle,O00447,C0230,R017,Desserts Kitchen 17,Delhi NCR,Noida Sector 18,Desserts,3,732.37,Card,picked_up,2026-08-12 11:37:49,35
OE002624,order_lifecycle,O00447,C0230,R017,Desserts Kitchen 17,Delhi NCR,Noida Sector 18,Desserts,3,732.37,Card,out_for_delivery,2026-08-12 11:49:49,35
OE002625,order_lifecycle,O00447,C0230,R017,Desserts Kitchen 17,Delhi NCR,Noida Sector 18,Desserts,3,732.37,Card,delivered,2026-08-12 12:01:49,35
OE002626,order_lifecycle,O00448,C0238,R050,North Indian Kitchen 50,Meerut,Dwarka,North Indian,3,919.38,Wallet,placed,2026-08-13 21:55:20,28
OE002627,order_lifecycle,O00448,C0238,R050,North Indian Kitchen 50,Meerut,Dwarka,North Indian,3,919.38,Wallet,accepted,2026-08-13 22:06:20,28
OE002628,order_lifecycle,O00448,C0238,R050,North Indian Kitchen 50,Meerut,Dwarka,North Indian,3,919.38,Wallet,preparing,2026-08-13 22:10:20,28
OE002629,order_lifecycle,O00448,C0238,R050,North Indian Kitchen 50,Meerut,Dwarka,North Indian,3,919.38,Wallet,picked_up,2026-08-13 22:12:20,28
OE002630,order_lifecycle,O00448,C0238,R050,North Indian Kitchen 50,Meerut,Dwarka,North Indian,3,919.38,Wallet,out_for_delivery,2026-08-13 22:16:20,28
OE002631,order_lifecycle,O00448,C0238,R050,North Indian Kitchen 50,Meerut,Dwarka,North Indian,3,919.38,Wallet,delivered,2026-08-13 22:22:20,28
OE002632,order_lifecycle,O00449,C0191,R039,Momos Kitchen 39,Delhi NCR,Rohini,Momos,2,1750.84,Card,placed,2026-08-02 17:49:52,25
OE002633,order_lifecycle,O00449,C0191,R039,Momos Kitchen 39,Delhi NCR,Rohini,Momos,2,1750.84,Card,accepted,2026-08-02 18:01:52,25
OE002634,order_lifecycle,O00449,C0191,R039,Momos Kitchen 39,Delhi NCR,Rohini,Momos,2,1750.84,Card,preparing,2026-08-02 18:13:52,25
OE002635,order_lifecycle,O00449,C0191,R039,Momos Kitchen 39,Delhi NCR,Rohini,Momos,2,1750.84,Card,picked_up,2026-08-02 18:23:52,25
OE002636,order_lifecycle,O00449,C0191,R039,Momos Kitchen 39,Delhi NCR,Rohini,Momos,2,1750.84,Card,out_for_delivery,2026-08-02 18:29:52,25
OE002637,order_lifecycle,O00449,C0191,R039,Momos Kitchen 39,Delhi NCR,Rohini,Momos,2,1750.84,Card,delivered,2026-08-02 18:39:52,25
OE002638,order_lifecycle,O00450,C0209,R043,Chinese Kitchen 43,Meerut,Dwarka,Chinese,4,1605.17,Card,placed,2026-08-13 11:30:53,19
OE002639,order_lifecycle,O00450,C0209,R043,Chinese Kitchen 43,Meerut,Dwarka,Chinese,4,1605.17,Card,accepted,2026-08-13 11:41:53,19
OE002640,order_lifecycle,O00450,C0209,R043,Chinese Kitchen 43,Meerut,Dwarka,Chinese,4,1605.17,Card,preparing,2026-08-13 11:46:53,19
OE002641,order_lifecycle,O00450,C0209,R043,Chinese Kitchen 43,Meerut,Dwarka,Chinese,4,1605.17,Card,picked_up,2026-08-13 11:55:53,19
OE002642,order_lifecycle,O00450,C0209,R043,Chinese Kitchen 43,Meerut,Dwarka,Chinese,4,1605.17,Card,out_for_delivery,2026-08-13 12:01:53,19
OE002643,order_lifecycle,O00450,C0209,R043,Chinese Kitchen 43,Meerut,Dwarka,Chinese,4,1605.17,Card,delivered,2026-08-13 12:07:53,19
OE002644,order_lifecycle,O00451,C0482,R047,Momos Kitchen 47,Delhi NCR,Shastri Nagar,Momos,3,1224.03,UPI,placed,2026-08-09 21:50:49,26
OE002645,order_lifecycle,O00451,C0482,R047,Momos Kitchen 47,Delhi NCR,Shastri Nagar,Momos,3,1224.03,UPI,accepted,2026-08-09 22:01:49,26
OE002646,order_lifecycle,O00451,C0482,R047,Momos Kitchen 47,Delhi NCR,Shastri Nagar,Momos,3,1224.03,UPI,preparing,2026-08-09 22:06:49,26
OE002647,order_lifecycle,O00451,C0482,R047,Momos Kitchen 47,Delhi NCR,Shastri Nagar,Momos,3,1224.03,UPI,picked_up,2026-08-09 22:16:49,26
OE002648,order_lifecycle,O00451,C0482,R047,Momos Kitchen 47,Delhi NCR,Shastri Nagar,Momos,3,1224.03,UPI,out_for_delivery,2026-08-09 22:28:49,26
OE002649,order_lifecycle,O00451,C0482,R047,Momos Kitchen 47,Delhi NCR,Shastri Nagar,Momos,3,1224.03,UPI,delivered,2026-08-09 22:38:49,26
OE002650,order_lifecycle,O00452,C0132,R047,Momos Kitchen 47,Delhi NCR,Shastri Nagar,Momos,3,778.29,Cash,placed,2026-08-07 13:46:10,26
OE002651,order_lifecycle,O00452,C0132,R047,Momos Kitchen 47,Delhi NCR,Shastri Nagar,Momos,3,778.29,Cash,accepted,2026-08-07 13:56:10,26
OE002652,order_lifecycle,O00452,C0132,R047,Momos Kitchen 47,Delhi NCR,Shastri Nagar,Momos,3,778.29,Cash,preparing,2026-08-07 14:08:10,26
OE002653,order_lifecycle,O00452,C0132,R047,Momos Kitchen 47,Delhi NCR,Shastri Nagar,Momos,3,778.29,Cash,picked_up,2026-08-07 14:11:10,26
OE002654,order_lifecycle,O00452,C0132,R047,Momos Kitchen 47,Delhi NCR,Shastri Nagar,Momos,3,778.29,Cash,out_for_delivery,2026-08-07 14:14:10,26
OE002655,order_lifecycle,O00452,C0132,R047,Momos Kitchen 47,Delhi NCR,Shastri Nagar,Momos,3,778.29,Cash,delivered,2026-08-07 14:18:10,26
OE002656,order_lifecycle,O00453,C0181,R021,Momos Kitchen 21,Delhi NCR,Shastri Nagar,Momos,5,1360.5,UPI,placed,2026-08-13 13:34:16,26
OE002657,order_lifecycle,O00453,C0181,R021,Momos Kitchen 21,Delhi NCR,Shastri Nagar,Momos,5,1360.5,UPI,accepted,2026-08-13 13:38:16,26
OE002658,order_lifecycle,O00453,C0181,R021,Momos Kitchen 21,Delhi NCR,Shastri Nagar,Momos,5,1360.5,UPI,preparing,2026-08-13 13:42:16,26
OE002659,order_lifecycle,O00453,C0181,R021,Momos Kitchen 21,Delhi NCR,Shastri Nagar,Momos,5,1360.5,UPI,picked_up,2026-08-13 13:49:16,26
OE002660,order_lifecycle,O00453,C0181,R021,Momos Kitchen 21,Delhi NCR,Shastri Nagar,Momos,5,1360.5,UPI,out_for_delivery,2026-08-13 13:53:16,26
OE002661,order_lifecycle,O00453,C0181,R021,Momos Kitchen 21,Delhi NCR,Shastri Nagar,Momos,5,1360.5,UPI,delivered,2026-08-13 14:03:16,26
OE002662,order_lifecycle,O00454,C0500,R054,Cafe Kitchen 54,Meerut,Noida Sector 18,Cafe,5,1449.22,Wallet,placed,2026-08-14 20:59:58,34
OE002663,order_lifecycle,O00454,C0500,R054,Cafe Kitchen 54,Meerut,Noida Sector 18,Cafe,5,1449.22,Wallet,accepted,2026-08-14 21:11:58,34
OE002664,order_lifecycle,O00454,C0500,R054,Cafe Kitchen 54,Meerut,Noida Sector 18,Cafe,5,1449.22,Wallet,preparing,2026-08-14 21:18:58,34
OE002665,order_lifecycle,O00454,C0500,R054,Cafe Kitchen 54,Meerut,Noida Sector 18,Cafe,5,1449.22,Wallet,picked_up,2026-08-14 21:23:58,34
OE002666,order_lifecycle,O00454,C0500,R054,Cafe Kitchen 54,Meerut,Noida Sector 18,Cafe,5,1449.22,Wallet,out_for_delivery,2026-08-14 21:25:58,34
OE002667,order_lifecycle,O00454,C0500,R054,Cafe Kitchen 54,Meerut,Noida Sector 18,Cafe,5,1449.22,Wallet,delivered,2026-08-14 21:27:58,34
OE002668,order_lifecycle,O00455,C0283,R039,Momos Kitchen 39,Delhi NCR,Rohini,Momos,2,1220.93,Cash,placed,2026-08-10 10:50:53,25
OE002669,order_lifecycle,O00455,C0283,R039,Momos Kitchen 39,Delhi NCR,Rohini,Momos,2,1220.93,Cash,accepted,2026-08-10 10:58:53,25
OE002670,order_lifecycle,O00455,C0283,R039,Momos Kitchen 39,Delhi NCR,Rohini,Momos,2,1220.93,Cash,preparing,2026-08-10 11:04:53,25
OE002671,order_lifecycle,O00455,C0283,R039,Momos Kitchen 39,Delhi NCR,Rohini,Momos,2,1220.93,Cash,picked_up,2026-08-10 11:06:53,25
OE002672,order_lifecycle,O00455,C0283,R039,Momos Kitchen 39,Delhi NCR,Rohini,Momos,2,1220.93,Cash,out_for_delivery,2026-08-10 11:09:53,25
OE002673,order_lifecycle,O00455,C0283,R039,Momos Kitchen 39,Delhi NCR,Rohini,Momos,2,1220.93,Cash,delivered,2026-08-10 11:11:53,25
OE002674,order_lifecycle,O00456,C0269,R044,South Indian Kitchen 44,Meerut,Rohini,South Indian,3,352.25,Cash,placed,2026-08-14 11:23:07,29
OE002675,order_lifecycle,O00456,C0269,R044,South Indian Kitchen 44,Meerut,Rohini,South Indian,3,352.25,Cash,accepted,2026-08-14 11:26:07,29
OE002676,order_lifecycle,O00456,C0269,R044,South Indian Kitchen 44,Meerut,Rohini,South Indian,3,352.25,Cash,preparing,2026-08-14 11:30:07,29
OE002677,order_lifecycle,O00456,C0269,R044,South Indian Kitchen 44,Meerut,Rohini,South Indian,3,352.25,Cash,picked_up,2026-08-14 11:41:07,29
OE002678,order_lifecycle,O00456,C0269,R044,South Indian Kitchen 44,Meerut,Rohini,South Indian,3,352.25,Cash,out_for_delivery,2026-08-14 11:46:07,29
OE002679,order_lifecycle,O00456,C0269,R044,South Indian Kitchen 44,Meerut,Rohini,South Indian,3,352.25,Cash,delivered,2026-08-14 11:57:07,29
OE002680,order_lifecycle,O00457,C0386,R006,Biryani Kitchen 06,Meerut,Rohini,Biryani,1,630.48,Card,placed,2026-08-07 11:42:21,15
OE002681,order_lifecycle,O00457,C0386,R006,Biryani Kitchen 06,Meerut,Rohini,Biryani,1,630.48,Card,cancelled,2026-08-07 11:45:21,15
OE002682,order_lifecycle,O00458,C0022,R055,Burgers Kitchen 55,Delhi NCR,Noida Sector 18,Burgers,5,454.09,Card,placed,2026-08-07 18:06:16,33
OE002683,order_lifecycle,O00458,C0022,R055,Burgers Kitchen 55,Delhi NCR,Noida Sector 18,Burgers,5,454.09,Card,accepted,2026-08-07 18:10:16,33
OE002684,order_lifecycle,O00458,C0022,R055,Burgers Kitchen 55,Delhi NCR,Noida Sector 18,Burgers,5,454.09,Card,preparing,2026-08-07 18:14:16,33
OE002685,order_lifecycle,O00458,C0022,R055,Burgers Kitchen 55,Delhi NCR,Noida Sector 18,Burgers,5,454.09,Card,picked_up,2026-08-07 18:26:16,33
OE002686,order_lifecycle,O00458,C0022,R055,Burgers Kitchen 55,Delhi NCR,Noida Sector 18,Burgers,5,454.09,Card,out_for_delivery,2026-08-07 18:37:16,33
OE002687,order_lifecycle,O00458,C0022,R055,Burgers Kitchen 55,Delhi NCR,Noida Sector 18,Burgers,5,454.09,Card,delivered,2026-08-07 18:40:16,33
OE002688,order_lifecycle,O00459,C0253,R040,Burgers Kitchen 40,Meerut,Shastri Nagar,Burgers,2,1267.01,Cash,placed,2026-08-01 16:13:39,35
OE002689,order_lifecycle,O00459,C0253,R040,Burgers Kitchen 40,Meerut,Shastri Nagar,Burgers,2,1267.01,Cash,accepted,2026-08-01 16:21:39,35
OE002690,order_lifecycle,O00459,C0253,R040,Burgers Kitchen 40,Meerut,Shastri Nagar,Burgers,2,1267.01,Cash,preparing,2026-08-01 16:32:39,35
OE002691,order_lifecycle,O00459,C0253,R040,Burgers Kitchen 40,Meerut,Shastri Nagar,Burgers,2,1267.01,Cash,picked_up,2026-08-01 16:40:39,35
OE002692,order_lifecycle,O00459,C0253,R040,Burgers Kitchen 40,Meerut,Shastri Nagar,Burgers,2,1267.01,Cash,out_for_delivery,2026-08-01 16:51:39,35
OE002693,order_lifecycle,O00459,C0253,R040,Burgers Kitchen 40,Meerut,Shastri Nagar,Burgers,2,1267.01,Cash,delivered,2026-08-01 16:57:39,35
OE002694,order_lifecycle,O00460,C0021,R027,Healthy Kitchen 27,Delhi NCR,Gurugram Cyber City,Healthy,2,1294.51,Card,placed,2026-08-12 10:46:04,15
OE002695,order_lifecycle,O00460,C0021,R027,Healthy Kitchen 27,Delhi NCR,Gurugram Cyber City,Healthy,2,1294.51,Card,accepted,2026-08-12 10:49:04,15
OE002696,order_lifecycle,O00460,C0021,R027,Healthy Kitchen 27,Delhi NCR,Gurugram Cyber City,Healthy,2,1294.51,Card,preparing,2026-08-12 11:00:04,15
OE002697,order_lifecycle,O00460,C0021,R027,Healthy Kitchen 27,Delhi NCR,Gurugram Cyber City,Healthy,2,1294.51,Card,picked_up,2026-08-12 11:02:04,15
OE002698,order_lifecycle,O00460,C0021,R027,Healthy Kitchen 27,Delhi NCR,Gurugram Cyber City,Healthy,2,1294.51,Card,out_for_delivery,2026-08-12 11:14:04,15
OE002699,order_lifecycle,O00460,C0021,R027,Healthy Kitchen 27,Delhi NCR,Gurugram Cyber City,Healthy,2,1294.51,Card,delivered,2026-08-12 11:19:04,15
OE002700,order_lifecycle,O00461,C0440,R019,Burgers Kitchen 19,Delhi NCR,Dwarka,Burgers,2,1265.37,Wallet,placed,2026-08-07 15:12:55,14
OE002701,order_lifecycle,O00461,C0440,R019,Burgers Kitchen 19,Delhi NCR,Dwarka,Burgers,2,1265.37,Wallet,accepted,2026-08-07 15:18:55,14
OE002702,order_lifecycle,O00461,C0440,R019,Burgers Kitchen 19,Delhi NCR,Dwarka,Burgers,2,1265.37,Wallet,preparing,2026-08-07 15:26:55,14
OE002703,order_lifecycle,O00461,C0440,R019,Burgers Kitchen 19,Delhi NCR,Dwarka,Burgers,2,1265.37,Wallet,picked_up,2026-08-07 15:28:55,14
OE002704,order_lifecycle,O00461,C0440,R019,Burgers Kitchen 19,Delhi NCR,Dwarka,Burgers,2,1265.37,Wallet,out_for_delivery,2026-08-07 15:34:55,14
OE002705,order_lifecycle,O00461,C0440,R019,Burgers Kitchen 19,Delhi NCR,Dwarka,Burgers,2,1265.37,Wallet,delivered,2026-08-07 15:36:55,14
OE002706,order_lifecycle,O00462,C0443,R018,Healthy Kitchen 18,Meerut,Shastri Nagar,Healthy,2,552.91,UPI,placed,2026-08-07 14:10:30,24
OE002707,order_lifecycle,O00462,C0443,R018,Healthy Kitchen 18,Meerut,Shastri Nagar,Healthy,2,552.91,UPI,accepted,2026-08-07 14:22:30,24
OE002708,order_lifecycle,O00462,C0443,R018,Healthy Kitchen 18,Meerut,Shastri Nagar,Healthy,2,552.91,UPI,preparing,2026-08-07 14:31:30,24
OE002709,order_lifecycle,O00462,C0443,R018,Healthy Kitchen 18,Meerut,Shastri Nagar,Healthy,2,552.91,UPI,picked_up,2026-08-07 14:39:30,24
OE002710,order_lifecycle,O00462,C0443,R018,Healthy Kitchen 18,Meerut,Shastri Nagar,Healthy,2,552.91,UPI,out_for_delivery,2026-08-07 14:44:30,24
OE002711,order_lifecycle,O00462,C0443,R018,Healthy Kitchen 18,Meerut,Shastri Nagar,Healthy,2,552.91,UPI,delivered,2026-08-07 14:54:30,24
OE002712,order_lifecycle,O00463,C0343,R040,Burgers Kitchen 40,Meerut,Shastri Nagar,Burgers,5,1204.03,UPI,placed,2026-08-10 18:58:11,35
OE002713,order_lifecycle,O00463,C0343,R040,Burgers Kitchen 40,Meerut,Shastri Nagar,Burgers,5,1204.03,UPI,accepted,2026-08-10 19:00:11,35
OE002714,order_lifecycle,O00463,C0343,R040,Burgers Kitchen 40,Meerut,Shastri Nagar,Burgers,5,1204.03,UPI,preparing,2026-08-10 19:07:11,35
OE002715,order_lifecycle,O00463,C0343,R040,Burgers Kitchen 40,Meerut,Shastri Nagar,Burgers,5,1204.03,UPI,picked_up,2026-08-10 19:17:11,35
OE002716,order_lifecycle,O00463,C0343,R040,Burgers Kitchen 40,Meerut,Shastri Nagar,Burgers,5,1204.03,UPI,out_for_delivery,2026-08-10 19:25:11,35
OE002717,order_lifecycle,O00463,C0343,R040,Burgers Kitchen 40,Meerut,Shastri Nagar,Burgers,5,1204.03,UPI,delivered,2026-08-10 19:36:11,35
OE002718,order_lifecycle,O00464,C0389,R029,South Indian Kitchen 29,Delhi NCR,Ganga Nagar,South Indian,1,1732.0,UPI,placed,2026-08-06 17:14:27,29
OE002719,order_lifecycle,O00464,C0389,R029,South Indian Kitchen 29,Delhi NCR,Ganga Nagar,South Indian,1,1732.0,UPI,accepted,2026-08-06 17:18:27,29
OE002720,order_lifecycle,O00464,C0389,R029,South Indian Kitchen 29,Delhi NCR,Ganga Nagar,South Indian,1,1732.0,UPI,preparing,2026-08-06 17:23:27,29
OE002721,order_lifecycle,O00464,C0389,R029,South Indian Kitchen 29,Delhi NCR,Ganga Nagar,South Indian,1,1732.0,UPI,picked_up,2026-08-06 17:31:27,29
OE002722,order_lifecycle,O00464,C0389,R029,South Indian Kitchen 29,Delhi NCR,Ganga Nagar,South Indian,1,1732.0,UPI,out_for_delivery,2026-08-06 17:33:27,29
OE002723,order_lifecycle,O00464,C0389,R029,South Indian Kitchen 29,Delhi NCR,Ganga Nagar,South Indian,1,1732.0,UPI,delivered,2026-08-06 17:38:27,29
OE002724,order_lifecycle,O00465,C0061,R013,South Indian Kitchen 13,Delhi NCR,Saket,South Indian,2,1206.57,UPI,placed,2026-08-13 19:34:47,24
OE002725,order_lifecycle,O00465,C0061,R013,South Indian Kitchen 13,Delhi NCR,Saket,South Indian,2,1206.57,UPI,accepted,2026-08-13 19:40:47,24
OE002726,order_lifecycle,O00465,C0061,R013,South Indian Kitchen 13,Delhi NCR,Saket,South Indian,2,1206.57,UPI,preparing,2026-08-13 19:50:47,24
OE002727,order_lifecycle,O00465,C0061,R013,South Indian Kitchen 13,Delhi NCR,Saket,South Indian,2,1206.57,UPI,picked_up,2026-08-13 19:54:47,24
OE002728,order_lifecycle,O00465,C0061,R013,South Indian Kitchen 13,Delhi NCR,Saket,South Indian,2,1206.57,UPI,out_for_delivery,2026-08-13 20:06:47,24
OE002729,order_lifecycle,O00465,C0061,R013,South Indian Kitchen 13,Delhi NCR,Saket,South Indian,2,1206.57,UPI,delivered,2026-08-13 20:08:47,24
OE002730,order_lifecycle,O00466,C0293,R002,South Indian Kitchen 02,Delhi NCR,Shastri Nagar,South Indian,1,451.13,Card,placed,2026-08-05 13:11:52,14
OE002731,order_lifecycle,O00466,C0293,R002,South Indian Kitchen 02,Delhi NCR,Shastri Nagar,South Indian,1,451.13,Card,accepted,2026-08-05 13:16:52,14
OE002732,order_lifecycle,O00466,C0293,R002,South Indian Kitchen 02,Delhi NCR,Shastri Nagar,South Indian,1,451.13,Card,preparing,2026-08-05 13:21:52,14
OE002733,order_lifecycle,O00466,C0293,R002,South Indian Kitchen 02,Delhi NCR,Shastri Nagar,South Indian,1,451.13,Card,picked_up,2026-08-05 13:25:52,14
OE002734,order_lifecycle,O00466,C0293,R002,South Indian Kitchen 02,Delhi NCR,Shastri Nagar,South Indian,1,451.13,Card,out_for_delivery,2026-08-05 13:31:52,14
OE002735,order_lifecycle,O00466,C0293,R002,South Indian Kitchen 02,Delhi NCR,Shastri Nagar,South Indian,1,451.13,Card,delivered,2026-08-05 13:40:52,14
OE002736,order_lifecycle,O00467,C0018,R021,Momos Kitchen 21,Delhi NCR,Shastri Nagar,Momos,2,1423.07,UPI,placed,2026-08-14 16:06:05,26
OE002737,order_lifecycle,O00467,C0018,R021,Momos Kitchen 21,Delhi NCR,Shastri Nagar,Momos,2,1423.07,UPI,accepted,2026-08-14 16:09:05,26
OE002738,order_lifecycle,O00467,C0018,R021,Momos Kitchen 21,Delhi NCR,Shastri Nagar,Momos,2,1423.07,UPI,preparing,2026-08-14 16:17:05,26
OE002739,order_lifecycle,O00467,C0018,R021,Momos Kitchen 21,Delhi NCR,Shastri Nagar,Momos,2,1423.07,UPI,picked_up,2026-08-14 16:22:05,26
OE002740,order_lifecycle,O00467,C0018,R021,Momos Kitchen 21,Delhi NCR,Shastri Nagar,Momos,2,1423.07,UPI,out_for_delivery,2026-08-14 16:26:05,26
OE002741,order_lifecycle,O00467,C0018,R021,Momos Kitchen 21,Delhi NCR,Shastri Nagar,Momos,2,1423.07,UPI,delivered,2026-08-14 16:32:05,26
OE002742,order_lifecycle,O00468,C0376,R057,North Indian Kitchen 57,Meerut,Rohini,North Indian,5,672.85,Wallet,placed,2026-08-14 10:12:25,18
OE002743,order_lifecycle,O00468,C0376,R057,North Indian Kitchen 57,Meerut,Rohini,North Indian,5,672.85,Wallet,accepted,2026-08-14 10:23:25,18
OE002744,order_lifecycle,O00468,C0376,R057,North Indian Kitchen 57,Meerut,Rohini,North Indian,5,672.85,Wallet,preparing,2026-08-14 10:26:25,18
OE002745,order_lifecycle,O00468,C0376,R057,North Indian Kitchen 57,Meerut,Rohini,North Indian,5,672.85,Wallet,picked_up,2026-08-14 10:30:25,18
OE002746,order_lifecycle,O00468,C0376,R057,North Indian Kitchen 57,Meerut,Rohini,North Indian,5,672.85,Wallet,out_for_delivery,2026-08-14 10:32:25,18
OE002747,order_lifecycle,O00468,C0376,R057,North Indian Kitchen 57,Meerut,Rohini,North Indian,5,672.85,Wallet,delivered,2026-08-14 10:37:25,18
OE002748,order_lifecycle,O00469,C0174,R034,South Indian Kitchen 34,Meerut,Connaught Place,South Indian,2,1078.25,UPI,placed,2026-08-02 14:16:21,19
OE002749,order_lifecycle,O00469,C0174,R034,South Indian Kitchen 34,Meerut,Connaught Place,South Indian,2,1078.25,UPI,accepted,2026-08-02 14:21:21,19
OE002750,order_lifecycle,O00469,C0174,R034,South Indian Kitchen 34,Meerut,Connaught Place,South Indian,2,1078.25,UPI,preparing,2026-08-02 14:25:21,19
OE002751,order_lifecycle,O00469,C0174,R034,South Indian Kitchen 34,Meerut,Connaught Place,South Indian,2,1078.25,UPI,picked_up,2026-08-02 14:30:21,19
OE002752,order_lifecycle,O00469,C0174,R034,South Indian Kitchen 34,Meerut,Connaught Place,South Indian,2,1078.25,UPI,out_for_delivery,2026-08-02 14:42:21,19
OE002753,order_lifecycle,O00469,C0174,R034,South Indian Kitchen 34,Meerut,Connaught Place,South Indian,2,1078.25,UPI,delivered,2026-08-02 14:45:21,19
OE002754,order_lifecycle,O00470,C0397,R002,South Indian Kitchen 02,Delhi NCR,Shastri Nagar,South Indian,5,1412.09,UPI,placed,2026-08-01 11:20:10,14
OE002755,order_lifecycle,O00470,C0397,R002,South Indian Kitchen 02,Delhi NCR,Shastri Nagar,South Indian,5,1412.09,UPI,accepted,2026-08-01 11:25:10,14
OE002756,order_lifecycle,O00470,C0397,R002,South Indian Kitchen 02,Delhi NCR,Shastri Nagar,South Indian,5,1412.09,UPI,preparing,2026-08-01 11:34:10,14
OE002757,order_lifecycle,O00470,C0397,R002,South Indian Kitchen 02,Delhi NCR,Shastri Nagar,South Indian,5,1412.09,UPI,picked_up,2026-08-01 11:37:10,14
OE002758,order_lifecycle,O00470,C0397,R002,South Indian Kitchen 02,Delhi NCR,Shastri Nagar,South Indian,5,1412.09,UPI,out_for_delivery,2026-08-01 11:46:10,14
OE002759,order_lifecycle,O00470,C0397,R002,South Indian Kitchen 02,Delhi NCR,Shastri Nagar,South Indian,5,1412.09,UPI,delivered,2026-08-01 11:56:10,14
OE002760,order_lifecycle,O00471,C0082,R013,South Indian Kitchen 13,Delhi NCR,Saket,South Indian,4,1122.22,Cash,placed,2026-08-14 12:38:42,24
OE002761,order_lifecycle,O00471,C0082,R013,South Indian Kitchen 13,Delhi NCR,Saket,South Indian,4,1122.22,Cash,accepted,2026-08-14 12:41:42,24
OE002762,order_lifecycle,O00471,C0082,R013,South Indian Kitchen 13,Delhi NCR,Saket,South Indian,4,1122.22,Cash,preparing,2026-08-14 12:45:42,24
OE002763,order_lifecycle,O00471,C0082,R013,South Indian Kitchen 13,Delhi NCR,Saket,South Indian,4,1122.22,Cash,picked_up,2026-08-14 12:49:42,24
OE002764,order_lifecycle,O00471,C0082,R013,South Indian Kitchen 13,Delhi NCR,Saket,South Indian,4,1122.22,Cash,out_for_delivery,2026-08-14 12:55:42,24
OE002765,order_lifecycle,O00471,C0082,R013,South Indian Kitchen 13,Delhi NCR,Saket,South Indian,4,1122.22,Cash,delivered,2026-08-14 13:05:42,24
OE002766,order_lifecycle,O00472,C0409,R018,Healthy Kitchen 18,Meerut,Shastri Nagar,Healthy,3,278.4,Card,placed,2026-08-04 15:23:42,24
OE002767,order_lifecycle,O00472,C0409,R018,Healthy Kitchen 18,Meerut,Shastri Nagar,Healthy,3,278.4,Card,accepted,2026-08-04 15:31:42,24
OE002768,order_lifecycle,O00472,C0409,R018,Healthy Kitchen 18,Meerut,Shastri Nagar,Healthy,3,278.4,Card,preparing,2026-08-04 15:33:42,24
OE002769,order_lifecycle,O00472,C0409,R018,Healthy Kitchen 18,Meerut,Shastri Nagar,Healthy,3,278.4,Card,picked_up,2026-08-04 15:43:42,24
OE002770,order_lifecycle,O00472,C0409,R018,Healthy Kitchen 18,Meerut,Shastri Nagar,Healthy,3,278.4,Card,out_for_delivery,2026-08-04 15:45:42,24
OE002771,order_lifecycle,O00472,C0409,R018,Healthy Kitchen 18,Meerut,Shastri Nagar,Healthy,3,278.4,Card,delivered,2026-08-04 15:57:42,24
OE002772,order_lifecycle,O00473,C0064,R040,Burgers Kitchen 40,Meerut,Shastri Nagar,Burgers,2,1373.26,Wallet,placed,2026-08-12 10:16:40,35
OE002773,order_lifecycle,O00473,C0064,R040,Burgers Kitchen 40,Meerut,Shastri Nagar,Burgers,2,1373.26,Wallet,accepted,2026-08-12 10:21:40,35
OE002774,order_lifecycle,O00473,C0064,R040,Burgers Kitchen 40,Meerut,Shastri Nagar,Burgers,2,1373.26,Wallet,preparing,2026-08-12 10:31:40,35
OE002775,order_lifecycle,O00473,C0064,R040,Burgers Kitchen 40,Meerut,Shastri Nagar,Burgers,2,1373.26,Wallet,picked_up,2026-08-12 10:36:40,35
OE002776,order_lifecycle,O00473,C0064,R040,Burgers Kitchen 40,Meerut,Shastri Nagar,Burgers,2,1373.26,Wallet,out_for_delivery,2026-08-12 10:44:40,35
OE002777,order_lifecycle,O00473,C0064,R040,Burgers Kitchen 40,Meerut,Shastri Nagar,Burgers,2,1373.26,Wallet,delivered,2026-08-12 10:49:40,35
OE002778,order_lifecycle,O00474,C0153,R020,North Indian Kitchen 20,Delhi NCR,Dwarka,North Indian,5,408.82,Wallet,placed,2026-08-04 16:48:45,33
OE002779,order_lifecycle,O00474,C0153,R020,North Indian Kitchen 20,Delhi NCR,Dwarka,North Indian,5,408.82,Wallet,accepted,2026-08-04 16:54:45,33
OE002780,order_lifecycle,O00474,C0153,R020,North Indian Kitchen 20,Delhi NCR,Dwarka,North Indian,5,408.82,Wallet,preparing,2026-08-04 17:00:45,33
OE002781,order_lifecycle,O00474,C0153,R020,North Indian Kitchen 20,Delhi NCR,Dwarka,North Indian,5,408.82,Wallet,picked_up,2026-08-04 17:03:45,33
OE002782,order_lifecycle,O00474,C0153,R020,North Indian Kitchen 20,Delhi NCR,Dwarka,North Indian,5,408.82,Wallet,out_for_delivery,2026-08-04 17:12:45,33
OE002783,order_lifecycle,O00474,C0153,R020,North Indian Kitchen 20,Delhi NCR,Dwarka,North Indian,5,408.82,Wallet,delivered,2026-08-04 17:14:45,33
OE002784,order_lifecycle,O00475,C0374,R002,South Indian Kitchen 02,Delhi NCR,Shastri Nagar,South Indian,3,857.91,Cash,placed,2026-08-02 17:24:19,14
OE002785,order_lifecycle,O00475,C0374,R002,South Indian Kitchen 02,Delhi NCR,Shastri Nagar,South Indian,3,857.91,Cash,accepted,2026-08-02 17:34:19,14
OE002786,order_lifecycle,O00475,C0374,R002,South Indian Kitchen 02,Delhi NCR,Shastri Nagar,South Indian,3,857.91,Cash,preparing,2026-08-02 17:44:19,14
OE002787,order_lifecycle,O00475,C0374,R002,South Indian Kitchen 02,Delhi NCR,Shastri Nagar,South Indian,3,857.91,Cash,picked_up,2026-08-02 17:46:19,14
OE002788,order_lifecycle,O00475,C0374,R002,South Indian Kitchen 02,Delhi NCR,Shastri Nagar,South Indian,3,857.91,Cash,out_for_delivery,2026-08-02 17:51:19,14
OE002789,order_lifecycle,O00475,C0374,R002,South Indian Kitchen 02,Delhi NCR,Shastri Nagar,South Indian,3,857.91,Cash,delivered,2026-08-02 17:54:19,14
OE002790,order_lifecycle,O00476,C0107,R056,Pizza Kitchen 56,Meerut,Gurugram Cyber City,Pizza,1,704.12,Wallet,placed,2026-08-04 18:16:37,14
OE002791,order_lifecycle,O00476,C0107,R056,Pizza Kitchen 56,Meerut,Gurugram Cyber City,Pizza,1,704.12,Wallet,accepted,2026-08-04 18:20:37,14
OE002792,order_lifecycle,O00476,C0107,R056,Pizza Kitchen 56,Meerut,Gurugram Cyber City,Pizza,1,704.12,Wallet,preparing,2026-08-04 18:23:37,14
OE002793,order_lifecycle,O00476,C0107,R056,Pizza Kitchen 56,Meerut,Gurugram Cyber City,Pizza,1,704.12,Wallet,picked_up,2026-08-04 18:26:37,14
OE002794,order_lifecycle,O00476,C0107,R056,Pizza Kitchen 56,Meerut,Gurugram Cyber City,Pizza,1,704.12,Wallet,out_for_delivery,2026-08-04 18:29:37,14
OE002795,order_lifecycle,O00476,C0107,R056,Pizza Kitchen 56,Meerut,Gurugram Cyber City,Pizza,1,704.12,Wallet,delivered,2026-08-04 18:40:37,14
OE002796,order_lifecycle,O00477,C0116,R006,Biryani Kitchen 06,Meerut,Rohini,Biryani,5,1729.94,Wallet,placed,2026-08-14 10:46:04,15
OE002797,order_lifecycle,O00477,C0116,R006,Biryani Kitchen 06,Meerut,Rohini,Biryani,5,1729.94,Wallet,accepted,2026-08-14 10:53:04,15
OE002798,order_lifecycle,O00477,C0116,R006,Biryani Kitchen 06,Meerut,Rohini,Biryani,5,1729.94,Wallet,preparing,2026-08-14 11:01:04,15
OE002799,order_lifecycle,O00477,C0116,R006,Biryani Kitchen 06,Meerut,Rohini,Biryani,5,1729.94,Wallet,picked_up,2026-08-14 11:04:04,15
OE002800,order_lifecycle,O00477,C0116,R006,Biryani Kitchen 06,Meerut,Rohini,Biryani,5,1729.94,Wallet,out_for_delivery,2026-08-14 11:13:04,15
OE002801,order_lifecycle,O00477,C0116,R006,Biryani Kitchen 06,Meerut,Rohini,Biryani,5,1729.94,Wallet,delivered,2026-08-14 11:23:04,15
OE002802,order_lifecycle,O00478,C0066,R001,South Indian Kitchen 01,Delhi NCR,Noida Sector 18,South Indian,4,1218.93,Cash,placed,2026-08-12 16:21:30,16
OE002803,order_lifecycle,O00478,C0066,R001,South Indian Kitchen 01,Delhi NCR,Noida Sector 18,South Indian,4,1218.93,Cash,accepted,2026-08-12 16:32:30,16
OE002804,order_lifecycle,O00478,C0066,R001,South Indian Kitchen 01,Delhi NCR,Noida Sector 18,South Indian,4,1218.93,Cash,preparing,2026-08-12 16:35:30,16
OE002805,order_lifecycle,O00478,C0066,R001,South Indian Kitchen 01,Delhi NCR,Noida Sector 18,South Indian,4,1218.93,Cash,picked_up,2026-08-12 16:43:30,16
OE002806,order_lifecycle,O00478,C0066,R001,South Indian Kitchen 01,Delhi NCR,Noida Sector 18,South Indian,4,1218.93,Cash,out_for_delivery,2026-08-12 16:45:30,16
OE002807,order_lifecycle,O00478,C0066,R001,South Indian Kitchen 01,Delhi NCR,Noida Sector 18,South Indian,4,1218.93,Cash,delivered,2026-08-12 16:56:30,16
OE002808,order_lifecycle,O00479,C0119,R028,Burgers Kitchen 28,Meerut,Saket,Burgers,4,1138.49,Card,placed,2026-08-08 15:53:01,30
OE002809,order_lifecycle,O00479,C0119,R028,Burgers Kitchen 28,Meerut,Saket,Burgers,4,1138.49,Card,accepted,2026-08-08 15:57:01,30
OE002810,order_lifecycle,O00479,C0119,R028,Burgers Kitchen 28,Meerut,Saket,Burgers,4,1138.49,Card,preparing,2026-08-08 16:02:01,30
OE002811,order_lifecycle,O00479,C0119,R028,Burgers Kitchen 28,Meerut,Saket,Burgers,4,1138.49,Card,picked_up,2026-08-08 16:13:01,30
OE002812,order_lifecycle,O00479,C0119,R028,Burgers Kitchen 28,Meerut,Saket,Burgers,4,1138.49,Card,out_for_delivery,2026-08-08 16:24:01,30
OE002813,order_lifecycle,O00479,C0119,R028,Burgers Kitchen 28,Meerut,Saket,Burgers,4,1138.49,Card,delivered,2026-08-08 16:34:01,30
OE002814,order_lifecycle,O00480,C0425,R024,Chinese Kitchen 24,Meerut,Connaught Place,Chinese,4,1696.95,Wallet,placed,2026-08-01 15:15:31,35
OE002815,order_lifecycle,O00480,C0425,R024,Chinese Kitchen 24,Meerut,Connaught Place,Chinese,4,1696.95,Wallet,accepted,2026-08-01 15:17:31,35
OE002816,order_lifecycle,O00480,C0425,R024,Chinese Kitchen 24,Meerut,Connaught Place,Chinese,4,1696.95,Wallet,preparing,2026-08-01 15:27:31,35
OE002817,order_lifecycle,O00480,C0425,R024,Chinese Kitchen 24,Meerut,Connaught Place,Chinese,4,1696.95,Wallet,picked_up,2026-08-01 15:30:31,35
OE002818,order_lifecycle,O00480,C0425,R024,Chinese Kitchen 24,Meerut,Connaught Place,Chinese,4,1696.95,Wallet,out_for_delivery,2026-08-01 15:33:31,35
OE002819,order_lifecycle,O00480,C0425,R024,Chinese Kitchen 24,Meerut,Connaught Place,Chinese,4,1696.95,Wallet,delivered,2026-08-01 15:37:31,35
OE002820,order_lifecycle,O00481,C0234,R007,Burgers Kitchen 07,Meerut,Noida Sector 18,Burgers,3,1428.15,Cash,placed,2026-08-12 13:06:11,35
OE002821,order_lifecycle,O00481,C0234,R007,Burgers Kitchen 07,Meerut,Noida Sector 18,Burgers,3,1428.15,Cash,accepted,2026-08-12 13:14:11,35
OE002822,order_lifecycle,O00481,C0234,R007,Burgers Kitchen 07,Meerut,Noida Sector 18,Burgers,3,1428.15,Cash,preparing,2026-08-12 13:24:11,35
OE002823,order_lifecycle,O00481,C0234,R007,Burgers Kitchen 07,Meerut,Noida Sector 18,Burgers,3,1428.15,Cash,picked_up,2026-08-12 13:34:11,35
OE002824,order_lifecycle,O00481,C0234,R007,Burgers Kitchen 07,Meerut,Noida Sector 18,Burgers,3,1428.15,Cash,out_for_delivery,2026-08-12 13:38:11,35
OE002825,order_lifecycle,O00481,C0234,R007,Burgers Kitchen 07,Meerut,Noida Sector 18,Burgers,3,1428.15,Cash,delivered,2026-08-12 13:46:11,35
OE002826,order_lifecycle,O00482,C0400,R012,Chinese Kitchen 12,Meerut,Gurugram Cyber City,Chinese,5,1267.37,Card,placed,2026-08-05 13:30:55,20
OE002827,order_lifecycle,O00482,C0400,R012,Chinese Kitchen 12,Meerut,Gurugram Cyber City,Chinese,5,1267.37,Card,accepted,2026-08-05 13:35:55,20
OE002828,order_lifecycle,O00482,C0400,R012,Chinese Kitchen 12,Meerut,Gurugram Cyber City,Chinese,5,1267.37,Card,preparing,2026-08-05 13:40:55,20
OE002829,order_lifecycle,O00482,C0400,R012,Chinese Kitchen 12,Meerut,Gurugram Cyber City,Chinese,5,1267.37,Card,picked_up,2026-08-05 13:52:55,20
OE002830,order_lifecycle,O00482,C0400,R012,Chinese Kitchen 12,Meerut,Gurugram Cyber City,Chinese,5,1267.37,Card,out_for_delivery,2026-08-05 13:59:55,20
OE002831,order_lifecycle,O00482,C0400,R012,Chinese Kitchen 12,Meerut,Gurugram Cyber City,Chinese,5,1267.37,Card,delivered,2026-08-05 14:10:55,20
OE002832,order_lifecycle,O00483,C0009,R052,Biryani Kitchen 52,Meerut,Rohini,Biryani,5,844.57,Wallet,placed,2026-08-05 19:51:10,30
OE002833,order_lifecycle,O00483,C0009,R052,Biryani Kitchen 52,Meerut,Rohini,Biryani,5,844.57,Wallet,accepted,2026-08-05 20:02:10,30
OE002834,order_lifecycle,O00483,C0009,R052,Biryani Kitchen 52,Meerut,Rohini,Biryani,5,844.57,Wallet,preparing,2026-08-05 20:10:10,30
OE002835,order_lifecycle,O00483,C0009,R052,Biryani Kitchen 52,Meerut,Rohini,Biryani,5,844.57,Wallet,picked_up,2026-08-05 20:22:10,30
OE002836,order_lifecycle,O00483,C0009,R052,Biryani Kitchen 52,Meerut,Rohini,Biryani,5,844.57,Wallet,out_for_delivery,2026-08-05 20:28:10,30
OE002837,order_lifecycle,O00483,C0009,R052,Biryani Kitchen 52,Meerut,Rohini,Biryani,5,844.57,Wallet,delivered,2026-08-05 20:38:10,30
OE002838,order_lifecycle,O00484,C0439,R012,Chinese Kitchen 12,Meerut,Gurugram Cyber City,Chinese,2,1448.54,Cash,placed,2026-08-04 11:11:53,20
OE002839,order_lifecycle,O00484,C0439,R012,Chinese Kitchen 12,Meerut,Gurugram Cyber City,Chinese,2,1448.54,Cash,accepted,2026-08-04 11:19:53,20
OE002840,order_lifecycle,O00484,C0439,R012,Chinese Kitchen 12,Meerut,Gurugram Cyber City,Chinese,2,1448.54,Cash,preparing,2026-08-04 11:27:53,20
OE002841,order_lifecycle,O00484,C0439,R012,Chinese Kitchen 12,Meerut,Gurugram Cyber City,Chinese,2,1448.54,Cash,picked_up,2026-08-04 11:38:53,20
OE002842,order_lifecycle,O00484,C0439,R012,Chinese Kitchen 12,Meerut,Gurugram Cyber City,Chinese,2,1448.54,Cash,out_for_delivery,2026-08-04 11:48:53,20
OE002843,order_lifecycle,O00484,C0439,R012,Chinese Kitchen 12,Meerut,Gurugram Cyber City,Chinese,2,1448.54,Cash,delivered,2026-08-04 11:50:53,20
OE002844,order_lifecycle,O00485,C0333,R016,Biryani Kitchen 16,Meerut,Saket,Biryani,3,1411.22,UPI,placed,2026-08-03 20:57:35,24
OE002845,order_lifecycle,O00485,C0333,R016,Biryani Kitchen 16,Meerut,Saket,Biryani,3,1411.22,UPI,accepted,2026-08-03 21:05:35,24
OE002846,order_lifecycle,O00485,C0333,R016,Biryani Kitchen 16,Meerut,Saket,Biryani,3,1411.22,UPI,preparing,2026-08-03 21:17:35,24
OE002847,order_lifecycle,O00485,C0333,R016,Biryani Kitchen 16,Meerut,Saket,Biryani,3,1411.22,UPI,picked_up,2026-08-03 21:20:35,24
OE002848,order_lifecycle,O00485,C0333,R016,Biryani Kitchen 16,Meerut,Saket,Biryani,3,1411.22,UPI,out_for_delivery,2026-08-03 21:24:35,24
OE002849,order_lifecycle,O00485,C0333,R016,Biryani Kitchen 16,Meerut,Saket,Biryani,3,1411.22,UPI,delivered,2026-08-03 21:35:35,24
OE002850,order_lifecycle,O00486,C0473,R058,Healthy Kitchen 58,Meerut,Dwarka,Healthy,2,881.53,Card,placed,2026-08-01 18:30:51,14
OE002851,order_lifecycle,O00486,C0473,R058,Healthy Kitchen 58,Meerut,Dwarka,Healthy,2,881.53,Card,accepted,2026-08-01 18:37:51,14
OE002852,order_lifecycle,O00486,C0473,R058,Healthy Kitchen 58,Meerut,Dwarka,Healthy,2,881.53,Card,preparing,2026-08-01 18:48:51,14
OE002853,order_lifecycle,O00486,C0473,R058,Healthy Kitchen 58,Meerut,Dwarka,Healthy,2,881.53,Card,picked_up,2026-08-01 18:55:51,14
OE002854,order_lifecycle,O00486,C0473,R058,Healthy Kitchen 58,Meerut,Dwarka,Healthy,2,881.53,Card,out_for_delivery,2026-08-01 18:58:51,14
OE002855,order_lifecycle,O00486,C0473,R058,Healthy Kitchen 58,Meerut,Dwarka,Healthy,2,881.53,Card,delivered,2026-08-01 19:04:51,14
OE002856,order_lifecycle,O00487,C0200,R007,Burgers Kitchen 07,Meerut,Noida Sector 18,Burgers,2,320.09,Cash,placed,2026-08-02 16:32:12,35
OE002857,order_lifecycle,O00487,C0200,R007,Burgers Kitchen 07,Meerut,Noida Sector 18,Burgers,2,320.09,Cash,accepted,2026-08-02 16:34:12,35
OE002858,order_lifecycle,O00487,C0200,R007,Burgers Kitchen 07,Meerut,Noida Sector 18,Burgers,2,320.09,Cash,preparing,2026-08-02 16:36:12,35
OE002859,order_lifecycle,O00487,C0200,R007,Burgers Kitchen 07,Meerut,Noida Sector 18,Burgers,2,320.09,Cash,picked_up,2026-08-02 16:39:12,35
OE002860,order_lifecycle,O00487,C0200,R007,Burgers Kitchen 07,Meerut,Noida Sector 18,Burgers,2,320.09,Cash,out_for_delivery,2026-08-02 16:47:12,35
OE002861,order_lifecycle,O00487,C0200,R007,Burgers Kitchen 07,Meerut,Noida Sector 18,Burgers,2,320.09,Cash,delivered,2026-08-02 16:57:12,35
OE002862,order_lifecycle,O00488,C0329,R031,Pizza Kitchen 31,Meerut,Saket,Pizza,3,552.82,Cash,placed,2026-08-03 10:46:23,35
OE002863,order_lifecycle,O00488,C0329,R031,Pizza Kitchen 31,Meerut,Saket,Pizza,3,552.82,Cash,accepted,2026-08-03 10:55:23,35
OE002864,order_lifecycle,O00488,C0329,R031,Pizza Kitchen 31,Meerut,Saket,Pizza,3,552.82,Cash,preparing,2026-08-03 11:04:23,35
OE002865,order_lifecycle,O00488,C0329,R031,Pizza Kitchen 31,Meerut,Saket,Pizza,3,552.82,Cash,picked_up,2026-08-03 11:15:23,35
OE002866,order_lifecycle,O00488,C0329,R031,Pizza Kitchen 31,Meerut,Saket,Pizza,3,552.82,Cash,cancelled,2026-08-03 11:21:23,35
OE002867,order_lifecycle,O00489,C0030,R052,Biryani Kitchen 52,Meerut,Rohini,Biryani,2,1580.83,Card,placed,2026-08-03 21:25:48,30
OE002868,order_lifecycle,O00489,C0030,R052,Biryani Kitchen 52,Meerut,Rohini,Biryani,2,1580.83,Card,accepted,2026-08-03 21:35:48,30
OE002869,order_lifecycle,O00489,C0030,R052,Biryani Kitchen 52,Meerut,Rohini,Biryani,2,1580.83,Card,preparing,2026-08-03 21:38:48,30
OE002870,order_lifecycle,O00489,C0030,R052,Biryani Kitchen 52,Meerut,Rohini,Biryani,2,1580.83,Card,picked_up,2026-08-03 21:47:48,30
OE002871,order_lifecycle,O00489,C0030,R052,Biryani Kitchen 52,Meerut,Rohini,Biryani,2,1580.83,Card,out_for_delivery,2026-08-03 21:59:48,30
OE002872,order_lifecycle,O00489,C0030,R052,Biryani Kitchen 52,Meerut,Rohini,Biryani,2,1580.83,Card,delivered,2026-08-03 22:08:48,30
OE002873,order_lifecycle,O00490,C0119,R007,Burgers Kitchen 07,Meerut,Noida Sector 18,Burgers,3,474.0,Wallet,placed,2026-08-06 15:45:59,35
OE002874,order_lifecycle,O00490,C0119,R007,Burgers Kitchen 07,Meerut,Noida Sector 18,Burgers,3,474.0,Wallet,accepted,2026-08-06 15:55:59,35
OE002875,order_lifecycle,O00490,C0119,R007,Burgers Kitchen 07,Meerut,Noida Sector 18,Burgers,3,474.0,Wallet,preparing,2026-08-06 15:58:59,35
OE002876,order_lifecycle,O00490,C0119,R007,Burgers Kitchen 07,Meerut,Noida Sector 18,Burgers,3,474.0,Wallet,picked_up,2026-08-06 16:07:59,35
OE002877,order_lifecycle,O00490,C0119,R007,Burgers Kitchen 07,Meerut,Noida Sector 18,Burgers,3,474.0,Wallet,out_for_delivery,2026-08-06 16:09:59,35
OE002878,order_lifecycle,O00490,C0119,R007,Burgers Kitchen 07,Meerut,Noida Sector 18,Burgers,3,474.0,Wallet,delivered,2026-08-06 16:14:59,35
OE002879,order_lifecycle,O00491,C0063,R012,Chinese Kitchen 12,Meerut,Gurugram Cyber City,Chinese,3,1072.3,Cash,placed,2026-08-08 11:57:42,20
OE002880,order_lifecycle,O00491,C0063,R012,Chinese Kitchen 12,Meerut,Gurugram Cyber City,Chinese,3,1072.3,Cash,accepted,2026-08-08 12:01:42,20
OE002881,order_lifecycle,O00491,C0063,R012,Chinese Kitchen 12,Meerut,Gurugram Cyber City,Chinese,3,1072.3,Cash,preparing,2026-08-08 12:12:42,20
OE002882,order_lifecycle,O00491,C0063,R012,Chinese Kitchen 12,Meerut,Gurugram Cyber City,Chinese,3,1072.3,Cash,picked_up,2026-08-08 12:19:42,20
OE002883,order_lifecycle,O00491,C0063,R012,Chinese Kitchen 12,Meerut,Gurugram Cyber City,Chinese,3,1072.3,Cash,out_for_delivery,2026-08-08 12:21:42,20
OE002884,order_lifecycle,O00491,C0063,R012,Chinese Kitchen 12,Meerut,Gurugram Cyber City,Chinese,3,1072.3,Cash,delivered,2026-08-08 12:25:42,20
OE002885,order_lifecycle,O00492,C0008,R020,North Indian Kitchen 20,Delhi NCR,Dwarka,North Indian,2,1142.39,UPI,placed,2026-08-02 17:57:52,33
OE002886,order_lifecycle,O00492,C0008,R020,North Indian Kitchen 20,Delhi NCR,Dwarka,North Indian,2,1142.39,UPI,accepted,2026-08-02 18:03:52,33
OE002887,order_lifecycle,O00492,C0008,R020,North Indian Kitchen 20,Delhi NCR,Dwarka,North Indian,2,1142.39,UPI,preparing,2026-08-02 18:13:52,33
OE002888,order_lifecycle,O00492,C0008,R020,North Indian Kitchen 20,Delhi NCR,Dwarka,North Indian,2,1142.39,UPI,picked_up,2026-08-02 18:21:52,33
OE002889,order_lifecycle,O00492,C0008,R020,North Indian Kitchen 20,Delhi NCR,Dwarka,North Indian,2,1142.39,UPI,out_for_delivery,2026-08-02 18:25:52,33
OE002890,order_lifecycle,O00492,C0008,R020,North Indian Kitchen 20,Delhi NCR,Dwarka,North Indian,2,1142.39,UPI,delivered,2026-08-02 18:36:52,33
OE002891,order_lifecycle,O00493,C0012,R060,Pizza Kitchen 60,Delhi NCR,Noida Sector 18,Pizza,1,885.9,Wallet,placed,2026-08-10 18:46:40,15
OE002892,order_lifecycle,O00493,C0012,R060,Pizza Kitchen 60,Delhi NCR,Noida Sector 18,Pizza,1,885.9,Wallet,accepted,2026-08-10 18:48:40,15
OE002893,order_lifecycle,O00493,C0012,R060,Pizza Kitchen 60,Delhi NCR,Noida Sector 18,Pizza,1,885.9,Wallet,preparing,2026-08-10 18:56:40,15
OE002894,order_lifecycle,O00493,C0012,R060,Pizza Kitchen 60,Delhi NCR,Noida Sector 18,Pizza,1,885.9,Wallet,picked_up,2026-08-10 19:05:40,15
OE002895,order_lifecycle,O00493,C0012,R060,Pizza Kitchen 60,Delhi NCR,Noida Sector 18,Pizza,1,885.9,Wallet,out_for_delivery,2026-08-10 19:10:40,15
OE002896,order_lifecycle,O00493,C0012,R060,Pizza Kitchen 60,Delhi NCR,Noida Sector 18,Pizza,1,885.9,Wallet,delivered,2026-08-10 19:18:40,15
OE002897,order_lifecycle,O00494,C0202,R050,North Indian Kitchen 50,Meerut,Dwarka,North Indian,4,1062.52,UPI,placed,2026-08-06 10:49:21,28
OE002898,order_lifecycle,O00494,C0202,R050,North Indian Kitchen 50,Meerut,Dwarka,North Indian,4,1062.52,UPI,accepted,2026-08-06 10:57:21,28
OE002899,order_lifecycle,O00494,C0202,R050,North Indian Kitchen 50,Meerut,Dwarka,North Indian,4,1062.52,UPI,preparing,2026-08-06 11:08:21,28
OE002900,order_lifecycle,O00494,C0202,R050,North Indian Kitchen 50,Meerut,Dwarka,North Indian,4,1062.52,UPI,picked_up,2026-08-06 11:12:21,28
OE002901,order_lifecycle,O00494,C0202,R050,North Indian Kitchen 50,Meerut,Dwarka,North Indian,4,1062.52,UPI,out_for_delivery,2026-08-06 11:15:21,28
OE002902,order_lifecycle,O00494,C0202,R050,North Indian Kitchen 50,Meerut,Dwarka,North Indian,4,1062.52,UPI,delivered,2026-08-06 11:25:21,28
OE002903,order_lifecycle,O00495,C0488,R020,North Indian Kitchen 20,Delhi NCR,Dwarka,North Indian,2,1722.24,Wallet,placed,2026-08-01 15:51:02,33
OE002904,order_lifecycle,O00495,C0488,R020,North Indian Kitchen 20,Delhi NCR,Dwarka,North Indian,2,1722.24,Wallet,accepted,2026-08-01 16:02:02,33
OE002905,order_lifecycle,O00495,C0488,R020,North Indian Kitchen 20,Delhi NCR,Dwarka,North Indian,2,1722.24,Wallet,preparing,2026-08-01 16:08:02,33
OE002906,order_lifecycle,O00495,C0488,R020,North Indian Kitchen 20,Delhi NCR,Dwarka,North Indian,2,1722.24,Wallet,picked_up,2026-08-01 16:18:02,33
OE002907,order_lifecycle,O00495,C0488,R020,North Indian Kitchen 20,Delhi NCR,Dwarka,North Indian,2,1722.24,Wallet,out_for_delivery,2026-08-01 16:24:02,33
OE002908,order_lifecycle,O00495,C0488,R020,North Indian Kitchen 20,Delhi NCR,Dwarka,North Indian,2,1722.24,Wallet,delivered,2026-08-01 16:36:02,33
OE002909,order_lifecycle,O00496,C0226,R013,South Indian Kitchen 13,Delhi NCR,Saket,South Indian,4,842.65,Wallet,placed,2026-08-03 13:57:34,24
OE002910,order_lifecycle,O00496,C0226,R013,South Indian Kitchen 13,Delhi NCR,Saket,South Indian,4,842.65,Wallet,accepted,2026-08-03 14:09:34,24
OE002911,order_lifecycle,O00496,C0226,R013,South Indian Kitchen 13,Delhi NCR,Saket,South Indian,4,842.65,Wallet,preparing,2026-08-03 14:13:34,24
OE002912,order_lifecycle,O00496,C0226,R013,South Indian Kitchen 13,Delhi NCR,Saket,South Indian,4,842.65,Wallet,picked_up,2026-08-03 14:15:34,24
OE002913,order_lifecycle,O00496,C0226,R013,South Indian Kitchen 13,Delhi NCR,Saket,South Indian,4,842.65,Wallet,out_for_delivery,2026-08-03 14:26:34,24
OE002914,order_lifecycle,O00496,C0226,R013,South Indian Kitchen 13,Delhi NCR,Saket,South Indian,4,842.65,Wallet,delivered,2026-08-03 14:35:34,24
OE002915,order_lifecycle,O00497,C0405,R048,Pizza Kitchen 48,Meerut,Ganga Nagar,Pizza,2,837.75,Card,placed,2026-08-06 20:33:00,21
OE002916,order_lifecycle,O00497,C0405,R048,Pizza Kitchen 48,Meerut,Ganga Nagar,Pizza,2,837.75,Card,accepted,2026-08-06 20:39:00,21
OE002917,order_lifecycle,O00497,C0405,R048,Pizza Kitchen 48,Meerut,Ganga Nagar,Pizza,2,837.75,Card,preparing,2026-08-06 20:41:00,21
OE002918,order_lifecycle,O00497,C0405,R048,Pizza Kitchen 48,Meerut,Ganga Nagar,Pizza,2,837.75,Card,picked_up,2026-08-06 20:53:00,21
OE002919,order_lifecycle,O00497,C0405,R048,Pizza Kitchen 48,Meerut,Ganga Nagar,Pizza,2,837.75,Card,out_for_delivery,2026-08-06 21:00:00,21
OE002920,order_lifecycle,O00497,C0405,R048,Pizza Kitchen 48,Meerut,Ganga Nagar,Pizza,2,837.75,Card,delivered,2026-08-06 21:08:00,21
OE002921,order_lifecycle,O00498,C0269,R028,Burgers Kitchen 28,Meerut,Saket,Burgers,5,764.83,Cash,placed,2026-08-10 16:12:08,30
OE002922,order_lifecycle,O00498,C0269,R028,Burgers Kitchen 28,Meerut,Saket,Burgers,5,764.83,Cash,accepted,2026-08-10 16:17:08,30
OE002923,order_lifecycle,O00498,C0269,R028,Burgers Kitchen 28,Meerut,Saket,Burgers,5,764.83,Cash,preparing,2026-08-10 16:29:08,30
OE002924,order_lifecycle,O00498,C0269,R028,Burgers Kitchen 28,Meerut,Saket,Burgers,5,764.83,Cash,picked_up,2026-08-10 16:33:08,30
OE002925,order_lifecycle,O00498,C0269,R028,Burgers Kitchen 28,Meerut,Saket,Burgers,5,764.83,Cash,out_for_delivery,2026-08-10 16:45:08,30
OE002926,order_lifecycle,O00498,C0269,R028,Burgers Kitchen 28,Meerut,Saket,Burgers,5,764.83,Cash,delivered,2026-08-10 16:55:08,30
OE002927,order_lifecycle,O00499,C0273,R056,Pizza Kitchen 56,Meerut,Gurugram Cyber City,Pizza,4,1712.04,Card,placed,2026-08-12 17:11:58,14
OE002928,order_lifecycle,O00499,C0273,R056,Pizza Kitchen 56,Meerut,Gurugram Cyber City,Pizza,4,1712.04,Card,accepted,2026-08-12 17:15:58,14
OE002929,order_lifecycle,O00499,C0273,R056,Pizza Kitchen 56,Meerut,Gurugram Cyber City,Pizza,4,1712.04,Card,preparing,2026-08-12 17:23:58,14
OE002930,order_lifecycle,O00499,C0273,R056,Pizza Kitchen 56,Meerut,Gurugram Cyber City,Pizza,4,1712.04,Card,picked_up,2026-08-12 17:34:58,14
OE002931,order_lifecycle,O00499,C0273,R056,Pizza Kitchen 56,Meerut,Gurugram Cyber City,Pizza,4,1712.04,Card,out_for_delivery,2026-08-12 17:39:58,14
OE002932,order_lifecycle,O00499,C0273,R056,Pizza Kitchen 56,Meerut,Gurugram Cyber City,Pizza,4,1712.04,Card,delivered,2026-08-12 17:44:58,14
OE002933,order_lifecycle,O00500,C0167,R004,Healthy Kitchen 04,Meerut,Saket,Healthy,3,659.69,Card,placed,2026-08-06 17:49:43,20
OE002934,order_lifecycle,O00500,C0167,R004,Healthy Kitchen 04,Meerut,Saket,Healthy,3,659.69,Card,accepted,2026-08-06 18:01:43,20
OE002935,order_lifecycle,O00500,C0167,R004,Healthy Kitchen 04,Meerut,Saket,Healthy,3,659.69,Card,preparing,2026-08-06 18:12:43,20
OE002936,order_lifecycle,O00500,C0167,R004,Healthy Kitchen 04,Meerut,Saket,Healthy,3,659.69,Card,cancelled,2026-08-06 18:15:43,20
